mmsi,x,y,time,colreg_compliant,good_seamanship,unmodeled_behaviour,has_turned_portwards,has_turned_starboardwards,change_in_speed,is_changing_course,CR_PS,CR_SS,HO,OT_en,OT_ing,priority_lower,priority_similar,priority_higher,risk_of_collision,current_risk_of_collision,start
0,7044979.1289954307,275000.0000000000,4.0000000000,0.9899173106,0.9901100000,0.0000094270,0.0000000000,0.0000000000,0,0.0000000000,0.0000000000,0.0000000000,0.0000000000,0.0000000000,1.0000000000,0.0492409623,0.9013716005,0.0493874372,0.9999999986,0.9999999986,1
1,7047020.0000000000,275000.0000000000,4.0000000000,0.9898761435,0.9903900000,0.0000105490,0.0000000000,0.0000000000,0,0.0000000000,0.0000000000,0.0000000000,0.0000000000,1.0000000000,0.0000000000,0.0505462629,0.8995848250,0.0498689121,0.9999999943,0.9999999943,1
0,7044998.4885062333,275000.0000000000,6.0000000000,0.9899114929,0.9896600000,0.0000104765,0.0000000000,0.0000000000,0,0.0000000000,0.0000000000,0.0000000000,0.0000000000,0.0000000000,1.0000000000,0.0500529326,0.9008259508,0.0491211165,0.9999999972,0.9999999972,0
1,7047030.0000000000,275000.0000000000,6.0000000000,0.9903015312,0.9898600000,0.0000098763,0.0000000000,0.0000000000,0,0.0000000000,0.0000000000,0.0000000000,0.0000000000,1.0000000000,0.0000000000,0.0505314330,0.8992996701,0.0501688970,0.9999999971,0.9999999971,0
0,7045017.8296366315,275000.0000000000,8.0000000000,0.9905147403,0.9901600000,0.0000097152,0.0000000000,0.0000000000,0,0.0000000000,0.0000000000,0.0000000000,0.0000000000,0.0000000000,1.0000000000,0.0502003202,0.8984783053,0.0513213745,0.9999999974,0.9999999974,0
1,7047040.0000000000,275000.0000000000,8.0000000000,0.9900589913,0.9898800000,0.0000099010,0.0000000000,0.0000000000,0,0.0000000000,0.0000000000,0.0000000000,0.0000000000,1.0000000000,0.0000000000,0.0491957853,0.9003495337,0.0504546809,0.9999999943,0.9999999943,0
0,7045037.1659418745,275000.0000000000,10.0000000000,0.9902047407,0.9897900000,0.0000095101,0.0000000000,0.0000000000,0,0.0000000000,0.0000000000,0.0000000000,0.0000000000,0.0000000000,1.0000000000,0.0491276327,0.8993116406,0.0515607268,0.9999999944,0.9999999944,0
1,7047052.8513711216,275000.1200757032,10.0000000000,0.9897798297,0.9898000000,0.0000099436,0.0000000000,0.0000000000,0,0.0000000000,0.0000000000,0.0000000000,0.0000000000,1.0000000000,0.0000000000,0.0499196495,0.9011170958,0.0489632548,0.9999999986,0.9999999986,0
0,7045056.5009798072,275000.0000000000,12.0000000000,0.9904117968,0.9904700000,0.0000095930,0.0000000000,0.0000000000,0,0.0000000000,0.0000000000,0.0000000000,0.0000000000,0.0000000000,1.0000000000,0.0500364076,0.8993448951,0.0506186973,0.9999999944,0.9999999944,0
1,7047063.8651322285,275000.4264972925,12.0000000000,0.9897598162,0.9904400000,0.0000099197,0.0000000000,0.0000000000,0,0.0000000000,0.0000000000,0.0000000000,0.0000000000,1.0000000000,0.0000000000,0.0503532814,0.8988301668,0.0508165518,0.9999999971,0.9999999971,0
0,7045075.8356848387,275000.0000000000,14.0000000000,0.9898190233,0.9898400000,0.0000099439,0.0000000000,0.0000000000,0,0.0000000000,0.0000000000,0.0000000000,0.0000000000,0.0000000000,1.0000000000,0.0498698690,0.8998570333,0.0502730977,0.9999999958,0.9999999958,0
1,7047070.6415306227,275000.2290506631,14.0000000000,0.9898682091,0.9903200000,0.0000103602,0.0000000000,0.0000000000,0,0.0000000000,0.0000000000,0.0000000000,0.0000000000,1.0000000000,0.0000000000,0.0495190136,0.9002971200,0.0501838664,0.9999999971,0.9999999971,0
0,7045095.1703024209,275000.0000000000,16.0000000000,0.9896633190,0.9895600000,0.0000101651,0.0000000000,0.0000000000,0,0.0000000000,0.0000000000,0.0000000000,0.0000000000,0.0000000000,1.0000000000,0.0504513857,0.8998380901,0.0497105243,0.9999999754,0.9999999754,0
1,7047080.8475849293,275001.0308188195,16.0000000000,0.9893328135,0.9902800000,0.0000105458,0.0000000000,0.0000000000,0,0.0000000000,0.0000000000,0.0000000000,0.0000000000,1.0000000000,0.0000000000,0.0489868508,0.9012652939,0.0497478554,0.9999999376,0.9999999376,0
0,7045114.5048970301,275000.0000000000,18.0000000000,0.9901584759,0.9900500000,0.0000099788,0.0000000000,0.0000000000,0,0.0000000000,0.0000000000,0.0000000000,0.0000000000,0.0000000000,1.0000000000,0.0502172676,0.9002761941,0.0495065383,0.9999999972,0.9999999972,0
1,7047095.1452309210,275000.1318801534,18.0000000000,0.9901508083,0.9897900000,0.0000101127,0.0000000000,0.0000000000,0,0.0000000000,0.0000000000,0.0000000000,0.0000000000,1.0000000000,0.0000000000,0.0493807379,0.9005767127,0.0500425494,0.9999999971,0.9999999971,0
0,7045133.8394856080,275000.0000000000,20.0000000000,0.9896522662,0.9904300000,0.0000107692,0.0000000000,0.0000000000,0,0.0000000000,0.0000000000,0.0000000000,0.0000000000,0.0000000000,1.0000000000,0.0496669732,0.8998451897,0.0504878370,1.0000000000,1.0000000000,0
1,7047101.8084667278,274999.5595461287,20.0000000000,0.9904744051,0.9901800000,0.0000097688,0.0000000000,0.0000000000,0,0.0000000000,0.0000000000,0.0000000000,0.0000000000,1.0000000000,0.0000000000,0.0483834411,0.9009626021,0.0506539567,0.9999999986,0.9999999986,0
0,7045153.1740725990,275000.0000000000,22.0000000000,0.9897524882,0.9900300000,0.0000100282,0.0000000000,0.0000000000,0,0.0000000000,0.0000000000,0.0000000000,0.0000000000,0.0000000000,1.0000000000,0.0507567678,0.8978257142,0.0514175180,0.9999999957,0.9999999957,0
1,7047110.6002285471,274998.8946865313,22.0000000000,0.9898967538,0.9898000000,0.0000106263,0.0000000000,0.0000000000,0,0.0000000000,0.0000000000,0.0000000000,0.0000000000,1.0000000000,0.0000000000,0.0492642329,0.9010444365,0.0496913306,0.9999999986,0.9999999986,0
0,7045172.5086591737,275000.0000000000,24.0000000000,0.9903730814,0.9900100000,0.0000106547,0.0000000000,0.0000000000,0,0.0000000000,0.0000000000,0.0000000000,0.0000000000,0.0000000000,1.0000000000,0.0492607194,0.8965809775,0.0541583032,0.9999999985,0.9999999985,0
1,7047118.4249542411,274998.6855610441,24.0000000000,0.9899075637,0.9897300000,0.0000099752,0.0000000000,0.0000000000,0,0.0000000000,0.0000000000,0.0000000000,0.0000000000,1.0000000000,0.0000000000,0.0462366481,0.9032713551,0.0504919968,0.9999999986,0.9999999986,0
0,7045191.8432456385,275000.0000000000,26.0000000000,0.9899257732,0.9898700000,0.0000105515,0.0000000000,0.0000000000,0,0.0000000000,0.0000000000,0.0000000000,0.0000000000,0.0000000000,1.0000000000,0.0491111438,0.8978447559,0.0530441003,0.9999998395,0.9999998395,0
1,7047127.7576669930,274995.1169729827,26.0000000000,0.9902656881,0.9902300000,0.0000099832,0.0000000000,0.0000000000,0,1.0000000000,0.0000000000,0.0000000000,0.0000000000,1.0000000000,0.0000000000,0.0488126832,0.9010759139,0.0501114029,0.9999998116,0.9999998116,0
0,7045211.1778320735,275000.0000000000,28.0000000000,0.9909110977,0.9902500000,0.0000112123,0.0000000000,0.0000000000,0,0.0000000000,0.0000000000,0.0000000000,0.0000000000,0.0000000000,1.0000000000,0.0498073372,0.8956190455,0.0545736173,0.9999999862,0.9999999862,0
1,7047134.4760458311,274994.7897009615,28.0000000000,0.9908564560,0.9898900000,0.0000105535,0.0000000000,0.0000000000,0,1.0000000000,0.0000000000,0.0000000000,0.0000000000,1.0000000000,0.0000000000,0.0496765706,0.9001294157,0.0501940137,0.9999999778,0.9999999778,0
0,7045230.5124185039,275000.0000000000,30.0000000000,0.9899618403,0.9897000000,0.0000110798,0.0000000000,0.0000000000,0,0.0000000000,0.0000000000,0.0000000000,0.0000000000,0.0000000000,1.0000000000,0.0502514124,0.8969612625,0.0527873250,0.9999999940,0.9999999940,0
1,7047143.5457704617,274999.0256911413,30.0000000000,0.9894525255,0.9897300000,0.0000110422,0.0000000000,0.0000000000,0,0.0000000000,0.0000000000,0.0000000000,0.0000000000,1.0000000000,0.0000000000,0.0464104316,0.9023806211,0.0512089474,0.9999999914,0.9999999914,0
0,7045249.8470049342,275000.0000000000,32.0000000000,0.9903122709,0.9894500000,0.0000102402,0.0000000000,0.0000000000,0,0.0000000000,0.0000000000,0.0000000000,0.0000000000,0.0000000000,1.0000000000,0.0487412927,0.8971709324,0.0540877749,0.9999999985,0.9999999985,0
1,7047154.6650574179,274998.9776076279,32.0000000000,0.9902512471,0.9896900000,0.0000105411,0.0000000000,0.0000000000,0,0.0000000000,0.0000000000,0.0000000000,0.0000000000,1.0000000000,0.0000000000,0.0467557067,0.9029904968,0.0502537965,1.0000000000,1.0000000000,0
0,7045269.1815913646,275000.0000000000,34.0000000000,0.9903641285,0.9905700000,0.0000107420,0.0000000000,0.0000000000,0,0.0000000000,0.0000000000,0.0000000000,0.0000000000,0.0000000000,1.0000000000,0.0489825952,0.8997305879,0.0512868170,0.9999999971,0.9999999971,0
1,7047167.7772280313,274999.5817542883,34.0000000000,0.9897795226,0.9907400000,0.0000103061,0.0000000000,0.0000000000,0,0.0000000000,0.0000000000,0.0000000000,0.0000000000,1.0000000000,0.0000000000,0.0487325861,0.9017734343,0.0494939796,0.9999999971,0.9999999971,0
0,7045288.5161777949,275000.0000000000,36.0000000000,0.9898181862,0.9899800000,0.0000105190,0.0000000000,0.0000000000,0,0.0000000000,0.0000000000,0.0000000000,0.0000000000,0.0000000000,1.0000000000,0.0498969942,0.8998677565,0.0502352493,0.9999999912,0.9999999912,0
1,7047179.5874463096,275001.4053606572,36.0000000000,0.9900378452,0.9898100000,0.0000091227,0.0000000000,0.0000000000,0,0.0000000000,0.0000000000,0.0000000000,0.0000000000,1.0000000000,0.0000000000,0.0483744439,0.9032985585,0.0483269976,0.9999999670,0.9999999670,0
0,7045307.8507642252,275000.0000000000,38.0000000000,0.9894080642,0.9901500000,0.0000099796,0.0000000000,0.0000000000,0,0.0000000000,0.0000000000,0.0000000000,0.0000000000,0.0000000000,1.0000000000,0.0497879713,0.8993710091,0.0508410196,0.9999999499,0.9999999499,0
1,7047192.2669694927,275003.4185278796,38.0000000000,0.9899557049,0.9898500000,0.0000101341,0.0000000000,0.0000000000,0,1.0000000000,0.0000000000,0.0000000000,0.0000000000,1.0000000000,0.0000000000,0.0487627600,0.9018971608,0.0493400792,0.9999998954,0.9999998954,0
0,7045327.1853506556,275000.0000000000,40.0000000000,0.9900057867,0.9900700000,0.0000104920,0.0000000000,0.0000000000,0,0.0000000000,0.0000000000,0.0000000000,0.0000000000,0.0000000000,1.0000000000,0.0498852712,0.8963562278,0.0537585010,1.0000000000,1.0000000000,0
1,7047199.3251193240,274999.3940824881,40.0000000000,0.9898837665,0.9903800000,0.0000099491,0.0000000000,0.0000000000,0,0.0000000000,0.0000000000,0.0000000000,0.0000000000,1.0000000000,0.0000000000,0.0463580809,0.9026073871,0.0510345320,0.9999999957,0.9999999957,0
0,7045346.5199370859,275000.0000000000,42.0000000000,0.9901975056,0.9910400000,0.0000103013,0.0000000000,0.0000000000,0,0.0000000000,0.0000000000,0.0000000000,0.0000000000,0.0000000000,1.0000000000,0.0498524963,0.8960802556,0.0540672481,0.9999999970,0.9999999970,0
1,7047207.9670432955,274998.4168871292,42.0000000000,0.9900479336,0.9900300000,0.0000113755,0.0000000000,0.0000000000,0,0.0000000000,0.0000000000,0.0000000000,0.0000000000,1.0000000000,0.0000000000,0.0465488692,0.9041855172,0.0492656136,0.9999999928,0.9999999928,0
0,7045365.8545235163,275000.0000000000,44.0000000000,0.9902725193,0.9908200000,0.0000114132,0.0000000000,0.0000000000,0,0.0000000000,0.0000000000,0.0000000000,0.0000000000,0.0000000000,1.0000000000,0.0494545376,0.8972490237,0.0532964387,0.9999999701,0.9999999701,0
1,7047218.3217295790,274997.2366674106,44.0000000000,0.9900807894,0.9899700000,0.0000095830,0.0000000000,0.0000000000,0,0.0000000000,0.0000000000,0.0000000000,0.0000000000,1.0000000000,0.0000000000,0.0467226494,0.9036510550,0.0496262956,0.9999999927,0.9999999927,0
0,7045385.1891099466,275000.0000000000,46.0000000000,0.9900161943,0.9899900000,0.0000098783,0.0000000000,0.0000000000,0,0.0000000000,0.0000000000,0.0000000000,0.0000000000,0.0000000000,1.0000000000,0.0502309370,0.9002683025,0.0495007605,0.9999999958,0.9999999958,0
1,7047231.4813080765,274998.8334367128,46.0000000000,0.9900032918,0.9896200000,0.0000094401,0.0000000000,0.0000000000,0,0.0000000000,0.0000000000,0.0000000000,0.0000000000,1.0000000000,0.0000000000,0.0495863335,0.8998309048,0.0505827616,0.9999999943,0.9999999943,0
0,7045404.5236963769,275000.0000000000,48.0000000000,0.9898152974,0.9893800000,0.0000103026,0.0000000000,0.0000000000,0,0.0000000000,0.0000000000,0.0000000000,0.0000000000,0.0000000000,1.0000000000,0.0492851520,0.9011106952,0.0496041528,0.9999999757,0.9999999757,0
1,7047241.0006890558,275000.2310744528,48.0000000000,0.9898571524,0.9901400000,0.0000101887,0.0000000000,0.0000000000,0,0.0000000000,0.0000000000,0.0000000000,0.0000000000,1.0000000000,0.0000000000,0.0491593073,0.9009832672,0.0498574255,0.9999999589,0.9999999589,0
0,7045423.8582828073,275000.0000000000,50.0000000000,0.9902855139,0.9900800000,0.0000109128,0.0000000000,0.0000000000,0,0.0000000000,0.0000000000,0.0000000000,0.0000000000,0.0000000000,1.0000000000,0.0495911742,0.8971478482,0.0532609777,0.9999999547,0.9999999547,0
1,7047250.6838899115,274995.9731389424,50.0000000000,0.9902651871,0.9892500000,0.0000102180,0.0000000000,0.0000000000,0,1.0000000000,0.0000000000,0.0000000000,0.0000000000,1.0000000000,0.0000000000,0.0485914495,0.9007713391,0.0506372114,0.9999999874,0.9999999874,0
0,7045443.1928692376,275000.0000000000,52.0000000000,0.9897125301,0.9900200000,0.0000107267,0.0000000000,0.0000000000,0,0.0000000000,0.0000000000,0.0000000000,0.0000000000,0.0000000000,1.0000000000,0.0498412950,0.8964891209,0.0536695841,0.9999999770,0.9999999770,0
1,7047261.1341884639,274997.5983500245,52.0000000000,0.9899882977,0.9899500000,0.0000096968,0.0000000000,0.0000000000,0,0.0000000000,0.0000000000,0.0000000000,0.0000000000,1.0000000000,0.0000000000,0.0471567989,0.9035958782,0.0492473229,0.9999999765,0.9999999765,0
0,7045462.5274556680,275000.0000000000,54.0000000000,0.9896365393,0.9895200000,0.0000106861,0.0000000000,0.0000000000,0,0.0000000000,0.0000000000,0.0000000000,0.0000000000,0.0000000000,1.0000000000,0.0492693476,0.8927572559,0.0579733966,0.9999999968,0.9999999968,0
1,7047268.9522096887,274997.9454354186,54.0000000000,0.9897126192,0.9900600000,0.0000095867,0.0000000000,0.0000000000,0,0.0000000000,0.0000000000,0.0000000000,0.0000000000,1.0000000000,0.0000000000,0.0430889006,0.9058568981,0.0510542014,0.9999999957,0.9999999957,0
0,7045481.8620420983,275000.0000000000,56.0000000000,0.9898371939,0.9899400000,0.0000128541,0.0000000000,0.0000000000,0,0.0000000000,0.0000000000,0.0000000000,0.0000000000,0.0000000000,1.0000000000,0.0507326052,0.8881142625,0.0611531324,0.9999999848,0.9999999848,0
1,7047275.6785746394,274995.8439350914,56.0000000000,0.9895558348,0.9898700000,0.0000101006,0.0000000000,0.0000000000,0,1.0000000000,0.0000000000,0.0000000000,0.0000000000,1.0000000000,0.0000000000,0.0500099582,0.8997441851,0.0502458567,0.9999999883,0.9999999883,0
0,7045501.1966285286,275000.0000000000,58.0000000000,0.9897674573,0.9898900000,0.0000109549,0.0000000000,0.0000000000,0,0.0000000000,0.0000000000,0.0000000000,0.0000000000,0.0000000000,1.0000000000,0.0498412742,0.8919681882,0.0581905376,0.9999999970,0.9999999970,0
1,7047285.3370257718,274996.9623732567,58.0000000000,0.9902275220,0.9901500000,0.0000101060,0.0000000000,0.0000000000,0,0.0000000000,0.0000000000,0.0000000000,0.0000000000,1.0000000000,0.0000000000,0.0434171348,0.9060968594,0.0504860058,0.9999999971,0.9999999971,0
0,7045520.5312149590,275000.0000000000,60.0000000000,0.9898853468,0.9903300000,0.0000099810,0.0000000000,0.0000000000,0,0.0000000000,0.0000000000,0.0000000000,0.0000000000,0.0000000000,1.0000000000,0.0499499681,0.9003559577,0.0496940741,0.9999999502,0.9999999502,0
1,7047301.8589900220,274998.7729721506,60.0000000000,0.9901387337,0.9898300000,0.0000103134,0.0000000000,0.0000000000,0,0.0000000000,0.0000000000,0.0000000000,0.0000000000,1.0000000000,0.0000000000,0.0507571998,0.8993287663,0.0499140339,0.9999999897,0.9999999897,0
0,7045539.8658013893,275000.0000000000,62.0000000000,0.9899693280,0.9906000000,0.0000096091,0.0000000000,0.0000000000,0,0.0000000000,0.0000000000,0.0000000000,0.0000000000,0.0000000000,1.0000000000,0.0512929700,0.8996146640,0.0490923659,0.9999999669,0.9999999669,0
1,7047313.6964010093,274996.9927296623,62.0000000000,0.9896795777,0.9904600000,0.0000099083,0.0000000000,0.0000000000,0,0.0000000000,0.0000000000,0.0000000000,0.0000000000,1.0000000000,0.0000000000,0.0503709663,0.8988878415,0.0507411922,0.9999999707,0.9999999707,0
0,7045559.2003878197,275000.0000000000,64.0000000000,0.9901866675,0.9899900000,0.0000109737,0.0000000000,0.0000000000,0,0.0000000000,0.0000000000,0.0000000000,0.0000000000,0.0000000000,1.0000000000,0.0496673156,0.8993588079,0.0509738766,0.9999999680,0.9999999680,0
1,7047322.8371774079,274997.0676206052,64.0000000000,0.9899292143,0.9900400000,0.0000100362,0.0000000000,0.0000000000,0,0.0000000000,0.0000000000,0.0000000000,0.0000000000,1.0000000000,0.0000000000,0.0473014259,0.9026363925,0.0500621816,0.9999999427,0.9999999427,0
0,7045578.5349742500,275000.0000000000,66.0000000000,0.9901228294,0.9905800000,0.0000103030,0.0000000000,0.0000000000,0,0.0000000000,0.0000000000,0.0000000000,0.0000000000,0.0000000000,1.0000000000,0.0487961768,0.8969612980,0.0542425252,0.9999999814,0.9999999814,0
1,7047332.5855502589,274996.7268716893,66.0000000000,0.9900986077,0.9895700000,0.0000098903,0.0000000000,0.0000000000,0,0.0000000000,0.0000000000,0.0000000000,0.0000000000,1.0000000000,0.0000000000,0.0475819444,0.9022606268,0.0501574288,0.9999999838,0.9999999838,0
0,7045597.8695606804,275000.0000000000,68.0000000000,0.9899683919,0.9903500000,0.0000116971,0.0000000000,0.0000000000,0,0.0000000000,0.0000000000,0.0000000000,0.0000000000,0.0000000000,1.0000000000,0.0495570665,0.8962949214,0.0541480121,0.9999998175,0.9999998175,0
1,7047340.8895762572,274994.3558647172,68.0000000000,0.9898062186,0.9894500000,0.0000108220,0.0000000000,0.0000000000,0,1.0000000000,0.0000000000,0.0000000000,0.0000000000,1.0000000000,0.0000000000,0.0509904506,0.8991279699,0.0498815795,0.9999996352,0.9999996352,0
0,7045617.2041471107,275000.0000000000,70.0000000000,0.9902695634,0.9898500000,0.0000106064,0.0000000000,0.0000000000,0,0.0000000000,0.0000000000,0.0000000000,0.0000000000,0.0000000000,1.0000000000,0.0493722765,0.8962862460,0.0543414775,0.9999999970,0.9999999970,0
1,7047350.6501194313,274996.5927573161,70.0000000000,0.9897847809,0.9898100000,0.0000099205,0.0000000000,0.0000000000,0,0.0000000000,0.0000000000,0.0000000000,0.0000000000,1.0000000000,0.0000000000,0.0463221462,0.9028206787,0.0508571751,0.9999999957,0.9999999957,0
0,7045636.5387335410,275000.0000000000,72.0000000000,0.9896418320,0.9896300000,0.0000106576,0.0000000000,0.0000000000,0,0.0000000000,0.0000000000,0.0000000000,0.0000000000,0.0000000000,1.0000000000,0.0494750674,0.8965525984,0.0539723341,0.9999999985,0.9999999985,0
1,7047359.9698032988,274997.9499498392,72.0000000000,0.9903143858,0.9896600000,0.0000102096,0.0000000000,0.0000000000,0,0.0000000000,0.0000000000,0.0000000000,0.0000000000,1.0000000000,0.0000000000,0.0461202832,0.9047480481,0.0491316687,0.9999999928,0.9999999928,0
0,7045655.8733199714,275000.0000000000,74.0000000000,0.9900906528,0.9902200000,0.0000108297,0.0000000000,0.0000000000,0,0.0000000000,0.0000000000,0.0000000000,0.0000000000,0.0000000000,1.0000000000,0.0504829412,0.8956818172,0.0538352416,0.9999999869,0.9999999869,0
1,7047370.3603649167,275000.8856367839,74.0000000000,0.9903162752,0.9900800000,0.0000104528,0.0000000000,0.0000000000,0,1.0000000000,0.0000000000,0.0000000000,0.0000000000,1.0000000000,0.0000000000,0.0486290441,0.9012603752,0.0501105807,0.9999999913,0.9999999913,0
0,7045675.2079064017,275000.0000000000,76.0000000000,0.9896838396,0.9903400000,0.0000103897,0.0000000000,0.0000000000,0,0.0000000000,0.0000000000,0.0000000000,0.0000000000,0.0000000000,1.0000000000,0.0496905201,0.8965072625,0.0538022174,0.9999998037,0.9999998037,0
1,7047380.2721793093,275002.5091122969,76.0000000000,0.9900344064,0.9899400000,0.0000094469,0.0000000000,0.0000000000,0,1.0000000000,0.0000000000,0.0000000000,0.0000000000,1.0000000000,0.0000000000,0.0510207997,0.8973250194,0.0516541809,0.9999998579,0.9999998579,0
0,7045694.5424928321,275000.0000000000,78.0000000000,0.9900061180,0.9899500000,0.0000102187,0.0000000000,0.0000000000,0,0.0000000000,0.0000000000,0.0000000000,0.0000000000,0.0000000000,1.0000000000,0.0486511500,0.9007142391,0.0506346109,0.9999999832,0.9999999832,0
1,7047393.3707805509,275001.7066053166,78.0000000000,0.9894434012,0.9900000000,0.0000097497,0.0000000000,0.0000000000,0,0.0000000000,0.0000000000,0.0000000000,0.0000000000,1.0000000000,0.0000000000,0.0488777478,0.9012868331,0.0498354192,0.9999999438,0.9999999438,0
0,7045713.8770792624,275000.0000000000,80.0000000000,0.9904460881,0.9904000000,0.0000113222,0.0000000000,0.0000000000,0,0.0000000000,0.0000000000,0.0000000000,0.0000000000,0.0000000000,1.0000000000,0.0484837703,0.8941584907,0.0573577390,0.9999998989,0.9999998989,0
1,7047397.6045517521,274998.4843298557,80.0000000000,0.9905959263,0.9898000000,0.0000099329,0.0000000000,0.0000000000,0,1.0000000000,0.0000000000,0.0000000000,0.0000000000,1.0000000000,0.0000000000,0.0503735461,0.8987442177,0.0508822362,0.9999998415,0.9999998415,0
0,7045733.2116656927,275000.0000000000,82.0000000000,0.9903282618,0.9902000000,0.0000113198,0.0000000000,0.0000000000,0,0.0000000000,0.0000000000,0.0000000000,0.0000000000,0.0000000000,1.0000000000,0.0480649832,0.8953393391,0.0565956777,0.9999998435,0.9999998435,0
1,7047407.3999920059,274995.7005734860,82.0000000000,0.9899564550,0.9903700000,0.0000095809,0.0000000000,0.0000000000,0,1.0000000000,0.0000000000,0.0000000000,0.0000000000,1.0000000000,0.0000000000,0.0512670023,0.8993626782,0.0493703195,0.9999997745,0.9999997745,0
0,7045752.5462521231,275000.0000000000,84.0000000000,0.9900174158,0.9902800000,0.0000106361,0.0000000000,0.0000000000,0,0.0000000000,0.0000000000,0.0000000000,0.0000000000,0.0000000000,1.0000000000,0.0507671177,0.8960166243,0.0532162580,0.9999999802,0.9999999802,0
1,7047419.8862939971,274996.7708489403,84.0000000000,0.9900458210,0.9905200000,0.0000104193,0.0000000000,0.0000000000,0,1.0000000000,0.0000000000,0.0000000000,0.0000000000,1.0000000000,0.0000000000,0.0499094333,0.8990204289,0.0510701378,0.9999999942,0.9999999942,0
0,7045771.8808385534,275000.0000000000,86.0000000000,0.9902640694,0.9899200000,0.0000093127,0.0000000000,0.0000000000,0,0.0000000000,0.0000000000,0.0000000000,0.0000000000,0.0000000000,1.0000000000,0.0502355990,0.8987952724,0.0509691286,0.9999999957,0.9999999957,0
1,7047432.6742141694,274997.7213990583,86.0000000000,0.9894557998,0.9903900000,0.0000102404,0.0000000000,0.0000000000,0,0.0000000000,0.0000000000,0.0000000000,0.0000000000,1.0000000000,0.0000000000,0.0482866047,0.9022837123,0.0494296830,0.9999999943,0.9999999943,0
0,7045791.2154249838,275000.0000000000,88.0000000000,0.9896923208,0.9899500000,0.0000123447,0.0000000000,0.0000000000,0,0.0000000000,0.0000000000,0.0000000000,0.0000000000,0.0000000000,1.0000000000,0.0502339385,0.8898542327,0.0599118288,0.9999999024,0.9999999024,0
1,7047438.8688265001,275001.8579147030,88.0000000000,0.9901506862,0.9900200000,0.0000100671,0.0000000000,0.0000000000,0,1.0000000000,0.0000000000,0.0000000000,0.0000000000,1.0000000000,0.0000000000,0.0502682032,0.8991735114,0.0505582854,0.9999999161,0.9999999161,0
0,7045810.5500114141,275000.0000000000,90.0000000000,0.9899283362,0.9907600000,0.0000111411,0.0000000000,0.0000000000,0,0.0000000000,0.0000000000,0.0000000000,0.0000000000,0.0000000000,1.0000000000,0.0489559825,0.8941974349,0.0568465826,0.9999999967,0.9999999967,0
1,7047449.8000155501,274999.4562100675,90.0000000000,0.9896769343,0.9900700000,0.0000099804,0.0000000000,0.0000000000,0,0.0000000000,0.0000000000,0.0000000000,0.0000000000,1.0000000000,0.0000000000,0.0427304767,0.9074577351,0.0498117882,0.9999999942,0.9999999942,0
0,7045829.8845978444,275000.0000000000,92.0000000000,0.9904985355,0.9901900000,0.0000112487,0.0000000000,0.0000000000,0,0.0000000000,0.0000000000,0.0000000000,0.0000000000,0.0000000000,1.0000000000,0.0494056392,0.8929039613,0.0576903996,0.9999999968,0.9999999968,0
1,7047458.8997368934,274998.6546219329,92.0000000000,0.9901438615,0.9899700000,0.0000099470,0.0000000000,0.0000000000,0,0.0000000000,0.0000000000,0.0000000000,0.0000000000,1.0000000000,0.0000000000,0.0427534599,0.9068312616,0.0504152785,0.9999999971,0.9999999971,0
0,7045849.2191842748,275000.0000000000,94.0000000000,0.9896247845,0.9904100000,0.0000114189,0.0000000000,0.0000000000,0,0.0000000000,0.0000000000,0.0000000000,0.0000000000,0.0000000000,1.0000000000,0.0492308267,0.8922293588,0.0585398145,0.9999999947,0.9999999947,0
1,7047468.7244853117,274999.0548795310,94.0000000000,0.9899017857,0.9901200000,0.0000105930,0.0000000000,0.0000000000,0,0.0000000000,0.0000000000,0.0000000000,0.0000000000,1.0000000000,0.0000000000,0.0436933742,0.9050411646,0.0512654612,0.9999999971,0.9999999971,0
0,7045868.5537707051,275000.0000000000,96.0000000000,0.9894124938,0.9898400000,0.0000118073,0.0000000000,0.0000000000,0,0.0000000000,0.0000000000,0.0000000000,0.0000000000,0.0000000000,1.0000000000,0.0477821854,0.8953444924,0.0568733222,0.9999999984,0.9999999984,0
1,7047479.7621132899,274997.9503518385,96.0000000000,0.9896409732,0.9902400000,0.0000098421,0.0000000000,0.0000000000,0,0.0000000000,0.0000000000,0.0000000000,0.0000000000,1.0000000000,0.0000000000,0.0422438513,0.9083519928,0.0494041559,0.9999999957,0.9999999957,0
0,7045887.8883571355,275000.0000000000,98.0000000000,0.9902145682,0.9900900000,0.0000117286,0.0000000000,0.0000000000,0,0.0000000000,0.0000000000,0.0000000000,0.0000000000,0.0000000000,1.0000000000,0.0501662179,0.8939782106,0.0558555715,0.9999998689,0.9999998689,0
1,7047489.1331453258,275002.1010359261,98.0000000000,0.9903163768,0.9902900000,0.0000102515,0.0000000000,0.0000000000,0,1.0000000000,0.0000000000,0.0000000000,0.0000000000,1.0000000000,0.0000000000,0.0502991906,0.8996005410,0.0501002683,0.9999998342,0.9999998342,0
0,7045907.2229435658,275000.0000000000,100.0000000000,0.9894716913,0.9902700000,0.0000112512,0.0000000000,0.0000000000,0,0.0000000000,0.0000000000,0.0000000000,0.0000000000,0.0000000000,1.0000000000,0.0500413184,0.8905869665,0.0593717151,0.9999999984,0.9999999984,0
1,7047497.0684561208,274998.6906325006,100.0000000000,0.9899701044,0.9901400000,0.0000105335,0.0000000000,0.0000000000,0,0.0000000000,0.0000000000,0.0000000000,0.0000000000,1.0000000000,0.0000000000,0.0441500668,0.9066639871,0.0491859461,0.9999999971,0.9999999971,0
0,7045926.5575299961,275000.0000000000,102.0000000000,0.9893581179,0.9904400000,0.0000116759,0.0000000000,0.0000000000,0,0.0000000000,0.0000000000,0.0000000000,0.0000000000,0.0000000000,1.0000000000,0.0499330124,0.8924820510,0.0575849366,0.9999999967,0.9999999967,0
1,7047508.8371296478,274996.9956186924,102.0000000000,0.9902305575,0.9896900000,0.0000100855,0.0000000000,0.0000000000,0,0.0000000000,0.0000000000,0.0000000000,0.0000000000,1.0000000000,0.0000000000,0.0424531022,0.9068977403,0.0506491575,0.9999999928,0.9999999928,0
0,7045945.8921164265,275000.0000000000,104.0000000000,0.9899989618,0.9896200000,0.0000113608,0.0000000000,0.0000000000,0,0.0000000000,0.0000000000,0.0000000000,0.0000000000,0.0000000000,1.0000000000,0.0499842152,0.8935631928,0.0564525920,1.0000000000,1.0000000000,0
1,7047520.5470787045,274996.8256379999,104.0000000000,0.9898522747,0.9900700000,0.0000095790,0.0000000000,0.0000000000,0,0.0000000000,0.0000000000,0.0000000000,0.0000000000,1.0000000000,0.0000000000,0.0432319298,0.9049007993,0.0518672709,0.9999999957,0.9999999957,0
0,7045965.2267028568,275000.0000000000,106.0000000000,0.9908281634,0.9900000000,0.0000117635,0.0000000000,0.0000000000,0,0.0000000000,0.0000000000,0.0000000000,0.0000000000,0.0000000000,1.0000000000,0.0501176145,0.8924067057,0.0574756798,1.0000000000,1.0000000000,0
1,7047530.6915301830,274996.4255039255,106.0000000000,0.9902094922,0.9900200000,0.0000098571,0.0000000000,0.0000000000,0,0.0000000000,0.0000000000,0.0000000000,0.0000000000,1.0000000000,0.0000000000,0.0440048211,0.9048508546,0.0511443244,0.9999999942,0.9999999942,0
0,7045984.5612892872,275000.0000000000,108.0000000000,0.9895942286,0.9899300000,0.0000112864,0.0000000000,0.0000000000,0,0.0000000000,0.0000000000,0.0000000000,0.0000000000,0.0000000000,1.0000000000,0.0501107847,0.8962497182,0.0536394970,0.9999999970,0.9999999970,0
1,7047544.0740726544,274997.9710866016,108.0000000000,0.9902187743,0.9896200000,0.0000112925,0.0000000000,0.0000000000,0,0.0000000000,0.0000000000,0.0000000000,0.0000000000,1.0000000000,0.0000000000,0.0452320167,0.9038981207,0.0508698626,0.9999999971,0.9999999971,0
0,7046003.8958757175,275000.0000000000,110.0000000000,0.9900182932,0.9900800000,0.0000128014,0.0000000000,0.0000000000,0,0.0000000000,0.0000000000,0.0000000000,0.0000000000,0.0000000000,1.0000000000,0.0478279784,0.8878548635,0.0643171581,0.9999999968,0.9999999968,0
1,7047553.2112950785,275000.7544703091,110.0000000000,0.9903390118,0.9903200000,0.0000100456,0.0000000000,0.0000000000,0,0.0000000000,0.0000000000,0.0000000000,0.0000000000,1.0000000000,0.0000000000,0.0396533213,0.9094773887,0.0508692900,0.9999999942,0.9999999942,0
0,7046023.2304621479,275000.0000000000,112.0000000000,0.9893106708,0.9900600000,0.0000123954,0.0000000000,0.0000000000,0,0.0000000000,0.0000000000,0.0000000000,0.0000000000,0.0000000000,1.0000000000,0.0488331259,0.8872777050,0.0638891692,0.9999999964,0.9999999964,0
1,7047562.3658877788,275000.7313372476,112.0000000000,0.9905238184,0.9897400000,0.0000096694,0.0000000000,0.0000000000,0,0.0000000000,0.0000000000,0.0000000000,0.0000000000,1.0000000000,0.0000000000,0.0390793335,0.9100392023,0.0508814643,0.9999999986,0.9999999986,0
0,7046042.5650485782,275000.0000000000,114.0000000000,0.9903560679,0.9899300000,0.0000127351,0.0000000000,0.0000000000,0,0.0000000000,0.0000000000,0.0000000000,0.0000000000,0.0000000000,1.0000000000,0.0488805396,0.8860147260,0.0651047344,0.9999999963,0.9999999963,0
1,7047571.4436853426,274999.9611355074,114.0000000000,0.9901975618,0.9902700000,0.0000101995,0.0000000000,0.0000000000,0,0.0000000000,0.0000000000,0.0000000000,0.0000000000,1.0000000000,0.0000000000,0.0381148248,0.9116525710,0.0502326042,0.9999999942,0.9999999942,0
0,7046061.8996350085,275000.0000000000,116.0000000000,0.9900029651,0.9900200000,0.0000144041,0.0000000000,0.0000000000,0,0.0000000000,0.0000000000,0.0000000000,0.0000000000,0.0000000000,1.0000000000,0.0502819908,0.8750947025,0.0746233067,0.9999999958,0.9999999958,0
1,7047578.2633003183,275000.2801491589,116.0000000000,0.9902017883,0.9898000000,0.0000098020,0.0000000000,0.0000000000,0,0.0000000000,0.0000000000,0.0000000000,0.0000000000,1.0000000000,0.0000000000,0.0330111103,0.9163943140,0.0505945757,0.9999999971,0.9999999971,0
0,7046081.2342214389,275000.0000000000,118.0000000000,0.9901176652,0.9899900000,0.0000142316,0.0000000000,0.0000000000,0,0.0000000000,0.0000000000,0.0000000000,0.0000000000,0.0000000000,1.0000000000,0.0508885191,0.8801404213,0.0689710596,0.9999999771,0.9999999771,0
1,7047586.2170809340,274996.8187210491,118.0000000000,0.9901656098,0.9906100000,0.0000095809,0.0000000000,0.0000000000,0,1.0000000000,0.0000000000,0.0000000000,0.0000000000,1.0000000000,0.0000000000,0.0489799559,0.9001944530,0.0508255912,0.9999999580,0.9999999580,0
0,7046100.5688078692,275000.0000000000,120.0000000000,0.9898106528,0.9894500000,0.0000124246,0.0000000000,0.0000000000,0,0.0000000000,0.0000000000,0.0000000000,0.0000000000,0.0000000000,1.0000000000,0.0491807664,0.8867149795,0.0641042541,0.9999999982,0.9999999982,0
1,7047595.5730353100,275000.4697955337,120.0000000000,0.9904242278,0.9900300000,0.0000104277,0.0000000000,0.0000000000,0,0.0000000000,0.0000000000,0.0000000000,0.0000000000,1.0000000000,0.0000000000,0.0390095410,0.9111396478,0.0498508111,0.9999999971,0.9999999971,0
0,7046119.9033942996,275000.0000000000,122.0000000000,0.9900439661,0.9899100000,0.0000134149,0.0000000000,0.0000000000,0,0.0000000000,0.0000000000,0.0000000000,0.0000000000,0.0000000000,1.0000000000,0.0483119215,0.8866447560,0.0650433225,0.9999999982,0.9999999982,0
1,7047605.0734777916,275001.0311360841,122.0000000000,0.9902309082,0.9901900000,0.0000105380,0.0000000000,0.0000000000,0,0.0000000000,0.0000000000,0.0000000000,0.0000000000,1.0000000000,0.0000000000,0.0392746254,0.9101093981,0.0506159766,0.9999999957,0.9999999957,0
0,7046139.2379807299,275000.0000000000,124.0000000000,0.9893439418,0.9898600000,0.0000133901,0.0000000000,0.0000000000,0,0.0000000000,0.0000000000,0.0000000000,0.0000000000,0.0000000000,1.0000000000,0.0489816629,0.8868242348,0.0641941024,0.9999999964,0.9999999964,0
1,7047616.5211815508,274998.8049759603,124.0000000000,0.9904579753,0.9900100000,0.0000100779,0.0000000000,0.0000000000,0,0.0000000000,0.0000000000,0.0000000000,0.0000000000,1.0000000000,0.0000000000,0.0396761832,0.9096957656,0.0506280512,0.9999999957,0.9999999957,0
0,7046158.5725671602,275000.0000000000,126.0000000000,0.9894322401,0.9898500000,0.0000111249,0.0000000000,0.0000000000,0,0.0000000000,0.0000000000,0.0000000000,0.0000000000,0.0000000000,1.0000000000,0.0496033573,0.8947743962,0.0556222465,0.9999999680,0.9999999680,0
1,7047630.9128557267,274996.6993452064,126.0000000000,0.9900264171,0.9901300000,0.0000101174,0.0000000000,0.0000000000,0,1.0000000000,0.0000000000,0.0000000000,0.0000000000,1.0000000000,0.0000000000,0.0503043232,0.8989977916,0.0506978852,0.9999999489,0.9999999489,0
0,7046177.9071535906,275000.0000000000,128.0000000000,0.9900771584,0.9904000000,0.0000102544,0.0000000000,0.0000000000,0,0.0000000000,0.0000000000,0.0000000000,0.0000000000,0.0000000000,1.0000000000,0.0482636150,0.9012164171,0.0505199680,0.9999999957,0.9999999957,0
1,7047645.1063108724,274997.6319736430,128.0000000000,0.9900501384,0.9898800000,0.0000099844,0.0000000000,0.0000000000,0,0.0000000000,0.0000000000,0.0000000000,0.0000000000,1.0000000000,0.0000000000,0.0483446397,0.9011388428,0.0505165175,0.9999999986,0.9999999986,0
0,7046197.2417400209,275000.0000000000,130.0000000000,0.9906413071,0.9901000000,0.0000124344,0.0000000000,0.0000000000,0,0.0000000000,0.0000000000,0.0000000000,0.0000000000,0.0000000000,1.0000000000,0.0489263334,0.8885163246,0.0625573420,0.9999999946,0.9999999946,0
1,7047652.2386095906,274999.9642512418,130.0000000000,0.9900710514,0.9896900000,0.0000104474,0.0000000000,0.0000000000,0,0.0000000000,0.0000000000,0.0000000000,0.0000000000,1.0000000000,0.0000000000,0.0392859528,0.9102290788,0.0504849684,0.9999999912,0.9999999912,0
0,7046216.5763264513,275000.0000000000,132.0000000000,0.9890164060,0.9899400000,0.0000153836,0.0000000000,0.0000000000,0,0.0000000000,0.0000000000,0.0000000000,0.0000000000,0.0000000000,1.0000000000,0.0479956943,0.8801892439,0.0718150618,0.9999999941,0.9999999941,0
1,7047660.7314524036,274999.6707018705,132.0000000000,0.9902416000,0.9904100000,0.0000097853,0.0000000000,0.0000000000,0,0.0000000000,0.0000000000,0.0000000000,0.0000000000,1.0000000000,0.0000000000,0.0351698362,0.9141462307,0.0506839331,0.9999999971,0.9999999971,0
0,7046235.9109128816,275000.0000000000,134.0000000000,0.9899255192,0.9901000000,0.0000140548,0.0000000000,0.0000000000,0,0.0000000000,0.0000000000,0.0000000000,0.0000000000,0.0000000000,1.0000000000,0.0491917089,0.8871740425,0.0636342486,0.9999999964,0.9999999964,0
1,7047672.2539774990,274999.6119823410,134.0000000000,0.9902781246,0.9904900000,0.0000105989,0.0000000000,0.0000000000,0,0.0000000000,0.0000000000,0.0000000000,0.0000000000,1.0000000000,0.0000000000,0.0393016279,0.9095060994,0.0511922727,0.9999999971,0.9999999971,0
0,7046255.2454993119,275000.0000000000,136.0000000000,0.9893900082,0.9897600000,0.0000149007,0.0000000000,0.0000000000,0,0.0000000000,0.0000000000,0.0000000000,0.0000000000,0.0000000000,1.0000000000,0.0500571375,0.8756125187,0.0743303439,0.9999999958,0.9999999958,0
1,7047680.9434771091,274999.3408683147,136.0000000000,0.9896647319,0.9896600000,0.0000103966,0.0000000000,0.0000000000,0,0.0000000000,0.0000000000,0.0000000000,0.0000000000,1.0000000000,0.0000000000,0.0328300364,0.9163007142,0.0508692493,0.9999999942,0.9999999942,0
0,7046274.5800857423,275000.0000000000,138.0000000000,0.9902585169,0.9902500000,0.0000137892,0.0000000000,0.0000000000,0,0.0000000000,0.0000000000,0.0000000000,0.0000000000,0.0000000000,1.0000000000,0.0498637551,0.8826159469,0.0675202980,0.9999999614,0.9999999614,0
1,7047691.3619722500,274996.1126777130,138.0000000000,0.9896455979,0.9900600000,0.0000099329,0.0000000000,0.0000000000,0,1.0000000000,0.0000000000,0.0000000000,0.0000000000,1.0000000000,0.0000000000,0.0491324532,0.9003460367,0.0505215100,0.9999999354,0.9999999354,0
0,7046293.9146721726,275000.0000000000,140.0000000000,0.9898246142,0.9896100000,0.0000126810,0.0000000000,0.0000000000,0,0.0000000000,0.0000000000,0.0000000000,0.0000000000,0.0000000000,1.0000000000,0.0502464536,0.8874474278,0.0623061186,0.9999999846,0.9999999846,0
1,7047699.9813305615,274995.8734069552,140.0000000000,0.9903471102,0.9901800000,0.0000102851,0.0000000000,0.0000000000,0,1.0000000000,0.0000000000,0.0000000000,0.0000000000,1.0000000000,0.0000000000,0.0501876687,0.8997835346,0.0500287967,0.9999999532,0.9999999532,0
0,7046313.2492586030,275000.0000000000,142.0000000000,0.9901709722,0.9904000000,0.0000124550,0.0000000000,0.0000000000,0,0.0000000000,0.0000000000,0.0000000000,0.0000000000,0.0000000000,1.0000000000,0.0489264686,0.8876735356,0.0633999958,0.9999999574,0.9999999574,0
1,7047711.0632350901,274996.0732919039,142.0000000000,0.9899160774,0.9900200000,0.0000105807,0.0000000000,0.0000000000,0,0.0000000000,0.0000000000,0.0000000000,0.0000000000,1.0000000000,0.0000000000,0.0396201623,0.9107928645,0.0495869733,0.9999999645,0.9999999645,0
0,7046332.5838450333,275000.0000000000,144.0000000000,0.9894274742,0.9896700000,0.0000148403,0.0000000000,0.0000000000,0,0.0000000000,0.0000000000,0.0000000000,0.0000000000,0.0000000000,1.0000000000,0.0483903218,0.8774896402,0.0741200379,0.9999999960,0.9999999960,0
1,7047719.0705426363,274996.8724169451,144.0000000000,0.9901383219,0.9904200000,0.0000095543,0.0000000000,0.0000000000,0,0.0000000000,0.0000000000,0.0000000000,0.0000000000,1.0000000000,0.0000000000,0.0335084592,0.9161513053,0.0503402355,0.9999999941,0.9999999941,0
0,7046351.9184314637,275000.0000000000,146.0000000000,0.9899938149,0.9897400000,0.0000149611,0.0000000000,0.0000000000,0,0.0000000000,0.0000000000,0.0000000000,0.0000000000,0.0000000000,1.0000000000,0.0491222551,0.8767743135,0.0741034314,0.9999999938,0.9999999938,0
1,7047729.2532862956,274996.3732667279,146.0000000000,0.9896154364,0.9893300000,0.0000105161,0.0000000000,0.0000000000,0,0.0000000000,0.0000000000,0.0000000000,0.0000000000,1.0000000000,0.0000000000,0.0336136344,0.9150774231,0.0513089425,0.9999999942,0.9999999942,0
0,7046371.2530178940,275000.0000000000,148.0000000000,0.9899946927,0.9900000000,0.0000138200,0.0000000000,0.0000000000,0,0.0000000000,0.0000000000,0.0000000000,0.0000000000,0.0000000000,1.0000000000,0.0475865336,0.8840315796,0.0683818869,0.9999999748,0.9999999748,0
1,7047737.8935986292,275000.4497045841,148.0000000000,0.9902367032,0.9903300000,0.0000094804,0.0000000000,0.0000000000,0,1.0000000000,0.0000000000,0.0000000000,0.0000000000,1.0000000000,0.0000000000,0.0498366682,0.9004558379,0.0497074939,0.9999999874,0.9999999874,0
0,7046390.5876043243,275000.0000000000,150.0000000000,0.9904384074,0.9900100000,0.0000149900,0.0000000000,0.0000000000,0,0.0000000000,0.0000000000,0.0000000000,0.0000000000,0.0000000000,1.0000000000,0.0477358462,0.8774296177,0.0748345361,0.9999999958,0.9999999958,0
1,7047750.1380952802,274999.6108837816,150.0000000000,0.9893740926,0.9903100000,0.0000104380,0.0000000000,0.0000000000,0,0.0000000000,0.0000000000,0.0000000000,0.0000000000,1.0000000000,0.0000000000,0.0331424629,0.9175129428,0.0493445943,0.9999999956,0.9999999956,0
0,7046409.9221907547,275000.0000000000,152.0000000000,0.9897388170,0.9897800000,0.0000152552,0.0000000000,0.0000000000,0,0.0000000000,0.0000000000,0.0000000000,0.0000000000,0.0000000000,1.0000000000,0.0487886558,0.8762002505,0.0750110937,0.9999999958,0.9999999958,0
1,7047759.6966676563,274998.8598919976,152.0000000000,0.9898059600,0.9897500000,0.0000101250,0.0000000000,0.0000000000,0,0.0000000000,0.0000000000,0.0000000000,0.0000000000,1.0000000000,0.0000000000,0.0334999415,0.9177452332,0.0487548253,0.9999999985,0.9999999985,0
0,7046429.2567771850,275000.0000000000,154.0000000000,0.9900594643,0.9897500000,0.0000150074,0.0000000000,0.0000000000,0,0.0000000000,0.0000000000,0.0000000000,0.0000000000,0.0000000000,1.0000000000,0.0478852910,0.8784600736,0.0736546354,0.9999999979,0.9999999979,0
1,7047769.7044836823,274999.5361491861,154.0000000000,0.9900082088,0.9896600000,0.0000102118,0.0000000000,0.0000000000,0,0.0000000000,0.0000000000,0.0000000000,0.0000000000,1.0000000000,0.0000000000,0.0337039216,0.9162610626,0.0500350158,1.0000000000,1.0000000000,0
0,7046448.5913636154,275000.0000000000,156.0000000000,0.9900317243,0.9899100000,0.0000174488,0.0000000000,0.0000000000,0,0.0000000000,0.0000000000,0.0000000000,0.0000000000,0.0000000000,1.0000000000,0.0490446446,0.8716302314,0.0793251239,0.9999999536,0.9999999536,0
1,7047776.4594285367,275001.7530813998,156.0000000000,0.9896058728,0.9896200000,0.0000100671,0.0000000000,0.0000000000,0,1.0000000000,0.0000000000,0.0000000000,0.0000000000,1.0000000000,0.0000000000,0.0506183288,0.8995198715,0.0498617997,0.9999999652,0.9999999652,0
0,7046467.9259500457,275000.0000000000,158.0000000000,0.9897691256,0.9898900000,0.0000159942,0.0000000000,0.0000000000,0,0.0000000000,0.0000000000,0.0000000000,0.0000000000,0.0000000000,1.0000000000,0.0485352112,0.8675814337,0.0838833550,0.9999999949,0.9999999949,0
1,7047785.7439277861,275001.9115378967,158.0000000000,0.9900464766,0.9896500000,0.0000096982,0.0000000000,0.0000000000,0,1.0000000000,0.0000000000,0.0000000000,0.0000000000,1.0000000000,0.0000000000,0.0501558018,0.8995133197,0.0503308785,0.9999999531,0.9999999531,0
0,7046487.2605364760,275000.0000000000,160.0000000000,0.9903711248,0.9900000000,0.0000144905,0.0000000000,0.0000000000,0,0.0000000000,0.0000000000,0.0000000000,0.0000000000,0.0000000000,1.0000000000,0.0484638846,0.8780249374,0.0735111780,0.9999999958,0.9999999958,0
1,7047798.5183334583,275001.0452908435,160.0000000000,0.9895555668,0.9891800000,0.0000097260,0.0000000000,0.0000000000,0,0.0000000000,0.0000000000,0.0000000000,0.0000000000,1.0000000000,0.0000000000,0.0330023001,0.9155910105,0.0514066894,0.9999999971,0.9999999971,0
0,7046506.5951229064,275000.0000000000,162.0000000000,0.9899766471,0.9900700000,0.0000149453,0.0000000000,0.0000000000,0,0.0000000000,0.0000000000,0.0000000000,0.0000000000,0.0000000000,1.0000000000,0.0485101089,0.8760354800,0.0754544111,0.9999999919,0.9999999919,0
1,7047807.4594373489,275000.5663440409,162.0000000000,0.9900437900,0.9899600000,0.0000101503,0.0000000000,0.0000000000,0,0.0000000000,0.0000000000,0.0000000000,0.0000000000,1.0000000000,0.0000000000,0.0327738281,0.9172356815,0.0499904904,0.9999999971,0.9999999971,0
0,7046525.9297093367,275000.0000000000,164.0000000000,0.9902461367,0.9901800000,0.0000142437,0.0000000000,0.0000000000,0,0.0000000000,0.0000000000,0.0000000000,0.0000000000,0.0000000000,1.0000000000,0.0485108518,0.8779531984,0.0735359498,0.9999999959,0.9999999959,0
1,7047817.2943791347,275001.1881793376,164.0000000000,0.9903858666,0.9903500000,0.0000107891,0.0000000000,0.0000000000,0,0.0000000000,0.0000000000,0.0000000000,0.0000000000,1.0000000000,0.0000000000,0.0330911038,0.9167290209,0.0501798752,0.9999999985,0.9999999985,0
0,7046545.2642957671,275000.0000000000,166.0000000000,0.9900009313,0.9901900000,0.0000176400,0.0000000000,0.0000000000,0,0.0000000000,0.0000000000,0.0000000000,0.0000000000,0.0000000000,1.0000000000,0.0477503245,0.8663212537,0.0859284218,0.9999999952,0.9999999952,0
1,7047825.9782627337,275002.5744890253,166.0000000000,0.9899244739,0.9903700000,0.0000097485,0.0000000000,0.0000000000,0,1.0000000000,0.0000000000,0.0000000000,0.0000000000,1.0000000000,0.0000000000,0.0496021644,0.8997092415,0.0506885942,0.9999999985,0.9999999985,0
0,7046564.5988821974,275000.0000000000,168.0000000000,0.9897729769,0.9898800000,0.0000152958,0.0000000000,0.0000000000,0,0.0000000000,0.0000000000,0.0000000000,0.0000000000,0.0000000000,1.0000000000,0.0489413941,0.8780863911,0.0729722148,0.9999999939,0.9999999939,0
1,7047839.3035035264,274999.6836418451,168.0000000000,0.9893922245,0.9897700000,0.0000101590,0.0000000000,0.0000000000,0,0.0000000000,0.0000000000,0.0000000000,0.0000000000,1.0000000000,0.0000000000,0.0340228586,0.9154666558,0.0505104856,0.9999999971,0.9999999971,0
0,7046583.9334686277,275000.0000000000,170.0000000000,0.9902420372,0.9905300000,0.0000120761,0.0000000000,0.0000000000,0,0.0000000000,0.0000000000,0.0000000000,0.0000000000,0.0000000000,1.0000000000,0.0494118364,0.8869346422,0.0636535214,0.9999999967,0.9999999967,0
1,7047849.6068393998,274999.0556954884,170.0000000000,0.9902569934,0.9904700000,0.0000096841,0.0000000000,0.0000000000,0,0.0000000000,0.0000000000,0.0000000000,0.0000000000,1.0000000000,0.0000000000,0.0392316836,0.9090448102,0.0517235062,1.0000000000,1.0000000000,0
0,7046603.2680550581,275000.0000000000,172.0000000000,0.9897031316,0.9897900000,0.0000130878,0.0000000000,0.0000000000,0,0.0000000000,0.0000000000,0.0000000000,0.0000000000,0.0000000000,1.0000000000,0.0488932589,0.8874254062,0.0636813349,0.9999999982,0.9999999982,0
1,7047858.4992120890,274998.2487593559,172.0000000000,0.9902183703,0.9898500000,0.0000104980,0.0000000000,0.0000000000,0,0.0000000000,0.0000000000,0.0000000000,0.0000000000,1.0000000000,0.0000000000,0.0397976779,0.9085914326,0.0516108895,0.9999999971,0.9999999971,0
0,7046622.6026414884,275000.0000000000,174.0000000000,0.9900369576,0.9898700000,0.0000132329,0.0000000000,0.0000000000,0,0.0000000000,0.0000000000,0.0000000000,0.0000000000,0.0000000000,1.0000000000,0.0491903148,0.8853805410,0.0654291442,0.9999999982,0.9999999982,0
1,7047871.2393245343,274999.1187094149,174.0000000000,0.9896492728,0.9894000000,0.0000110757,0.0000000000,0.0000000000,0,0.0000000000,0.0000000000,0.0000000000,0.0000000000,1.0000000000,0.0000000000,0.0384241185,0.9109853365,0.0505905450,1.0000000000,1.0000000000,0
0,7046641.9372279188,275000.0000000000,176.0000000000,0.9899081899,0.9906400000,0.0000118077,0.0000000000,0.0000000000,0,0.0000000000,0.0000000000,0.0000000000,0.0000000000,0.0000000000,1.0000000000,0.0493818857,0.8851937945,0.0654243198,0.9999999963,0.9999999963,0
1,7047882.0486618299,274999.5911757086,176.0000000000,0.9898018763,0.9895600000,0.0000093861,0.0000000000,0.0000000000,0,0.0000000000,0.0000000000,0.0000000000,0.0000000000,1.0000000000,0.0000000000,0.0381362724,0.9111935548,0.0506701728,0.9999999971,0.9999999971,0
0,7046661.2718143491,275000.0000000000,178.0000000000,0.9904659816,0.9903800000,0.0000110457,0.0000000000,0.0000000000,0,0.0000000000,0.0000000000,0.0000000000,0.0000000000,0.0000000000,1.0000000000,0.0500933502,0.8966622298,0.0532444200,0.9999999515,0.9999999515,0
1,7047897.9936046600,275002.0430493914,178.0000000000,0.9900065473,0.9900900000,0.0000098659,0.0000000000,0.0000000000,0,1.0000000000,0.0000000000,0.0000000000,0.0000000000,1.0000000000,0.0000000000,0.0495998469,0.8994460953,0.0509540578,0.9999999503,0.9999999503,0
0,7046680.6064007794,275000.0000000000,180.0000000000,0.9906992130,0.9899700000,0.0000176855,0.0000000000,0.0000000000,0,0.0000000000,0.0000000000,0.0000000000,0.0000000000,0.0000000000,1.0000000000,0.0475256912,0.8642380886,0.0882362202,0.9999999975,0.9999999975,0
1,7047898.2444916237,275002.7588700456,180.0000000000,0.9903966299,0.9893800000,0.0000106715,0.0000000000,0.0000000000,0,0.0000000000,0.0000000000,0.0000000000,0.0000000000,1.0000000000,0.0000000000,0.0283841684,0.9207126763,0.0509031553,0.9999999971,0.9999999971,0
0,7046699.9409872098,275000.0000000000,182.0000000000,0.9895730628,0.9902800000,0.0000185666,0.0000000000,0.0000000000,0,0.0000000000,0.0000000000,0.0000000000,0.0000000000,0.0000000000,1.0000000000,0.0464095661,0.8633011665,0.0902892673,0.9999999975,0.9999999975,0
1,7047907.9169375105,275003.8070071344,182.0000000000,0.9905439095,0.9904400000,0.0000102120,0.0000000000,0.0000000000,0,0.0000000000,0.0000000000,0.0000000000,0.0000000000,1.0000000000,0.0000000000,0.0271043961,0.9229652297,0.0499303742,0.9999999955,0.9999999955,0
0,7046719.2755736401,275000.0000000000,184.0000000000,0.9894452293,0.9902400000,0.0000179567,0.0000000000,0.0000000000,0,0.0000000000,0.0000000000,0.0000000000,0.0000000000,0.0000000000,1.0000000000,0.0486168501,0.8621914910,0.0891916589,0.9999999977,0.9999999977,0
1,7047920.4026359422,275003.5608877648,184.0000000000,0.9895519342,0.9899100000,0.0000103610,0.0000000000,0.0000000000,0,0.0000000000,0.0000000000,0.0000000000,0.0000000000,1.0000000000,0.0000000000,0.0281628530,0.9193774886,0.0524596585,0.9999999971,0.9999999971,0
0,7046738.6101600705,275000.0000000000,186.0000000000,0.9901335592,0.9896100000,0.0000144895,0.0000000000,0.0000000000,0,0.0000000000,0.0000000000,0.0000000000,0.0000000000,0.0000000000,1.0000000000,0.0491517039,0.8759956843,0.0748526117,0.9999999979,0.9999999979,0
1,7047931.6810748326,275003.8342188552,186.0000000000,0.9892920041,0.9900000000,0.0000105889,0.0000000000,0.0000000000,0,0.0000000000,0.0000000000,0.0000000000,0.0000000000,1.0000000000,0.0000000000,0.0334014249,0.9158309527,0.0507676225,0.9999999971,0.9999999971,0
0,7046757.9447465008,275000.0000000000,188.0000000000,0.9896865125,0.9900600000,0.0000158613,0.0000000000,0.0000000000,0,0.0000000000,0.0000000000,0.0000000000,0.0000000000,0.0000000000,1.0000000000,0.0484307500,0.8709499440,0.0806193060,0.9999998878,0.9999998878,0
1,7047938.0398349110,274997.4179892321,188.0000000000,0.9897555309,0.9901500000,0.0000100503,0.0000000000,0.0000000000,0,1.0000000000,0.0000000000,0.0000000000,0.0000000000,1.0000000000,0.0000000000,0.0507104655,0.8993689491,0.0499205854,0.9999996709,0.9999996709,0
0,7046777.2793329312,275000.0000000000,190.0000000000,0.9908223714,0.9899800000,0.0000224252,0.0000000000,0.0000000000,0,0.0000000000,0.0000000000,0.0000000000,0.0000000000,0.0000000000,1.0000000000,0.0463783239,0.8349188647,0.1187028114,0.9999999900,0.9999999900,0
1,7047948.2040254027,274998.4004710997,190.0000000000,0.9899047344,0.9903100000,0.0000105762,0.0000000000,0.0000000000,0,0.0000000000,0.0000000000,0.0000000000,0.0000000000,1.0000000000,0.0000000000,0.0210460055,0.9278994185,0.0510545759,0.9999999971,0.9999999971,0
0,7046796.6139193615,275000.0000000000,192.0000000000,0.9897458425,0.9897400000,0.0000246853,0.0000000000,0.0000000000,0,0.0000000000,0.0000000000,0.0000000000,0.0000000000,0.0000000000,1.0000000000,0.0474114406,0.8350479524,0.1175406070,0.9999999933,0.9999999933,0
1,7047957.5033070482,274996.9958451457,192.0000000000,0.9897525215,0.9897200000,0.0000096064,0.0000000000,0.0000000000,0,0.0000000000,0.0000000000,0.0000000000,0.0000000000,1.0000000000,0.0000000000,0.0205522483,0.9288440089,0.0506037428,0.9999999985,0.9999999985,0
0,7046815.9485057918,275000.0000000000,194.0000000000,0.9899249899,0.9895900000,0.0000230619,0.0000000000,0.0000000000,0,0.0000000000,0.0000000000,0.0000000000,0.0000000000,0.0000000000,1.0000000000,0.0458249292,0.8409603523,0.1132147185,0.9999999936,0.9999999936,0
1,7047967.3336518109,274995.7924021298,194.0000000000,0.9898387447,0.9903200000,0.0000101677,0.0000000000,0.0000000000,0,1.0000000000,0.0000000000,0.0000000000,0.0000000000,1.0000000000,0.0000000000,0.0502755897,0.8995315570,0.0501928533,0.9999999971,0.9999999971,0
0,7046835.2830922222,275000.0000000000,196.0000000000,0.9901501451,0.9905000000,0.0000219671,0.0000000000,0.0000000000,0,0.0000000000,0.0000000000,0.0000000000,0.0000000000,0.0000000000,1.0000000000,0.0482780876,0.8444190478,0.1073028646,0.9999998880,0.9999998880,0
1,7047976.9945557574,274994.7684427008,196.0000000000,0.9900552003,0.9898900000,0.0000102348,0.0000000000,0.0000000000,0,1.0000000000,0.0000000000,0.0000000000,0.0000000000,1.0000000000,0.0000000000,0.0502583347,0.8997221871,0.0500194782,0.9999999696,0.9999999696,0
0,7046854.6176786525,275000.0000000000,198.0000000000,0.9894650029,0.9900400000,0.0000262127,0.0000000000,0.0000000000,0,0.0000000000,0.0000000000,0.0000000000,0.0000000000,0.0000000000,1.0000000000,0.0462816553,0.8286675546,0.1250507902,0.9999999824,0.9999999824,0
1,7047986.7729610633,274996.9554261702,198.0000000000,0.9902687662,0.9897400000,0.0000100702,0.0000000000,0.0000000000,0,0.0000000000,0.0000000000,0.0000000000,0.0000000000,1.0000000000,0.0000000000,0.0195962249,0.9278594936,0.0525442815,0.9999999926,0.9999999926,0
0,7046873.9522650829,275000.0000000000,200.0000000000,0.9900573893,0.9901100000,0.0000185427,0.0000000000,0.0000000000,0,0.0000000000,0.0000000000,0.0000000000,0.0000000000,0.0000000000,1.0000000000,0.0474979080,0.8662473114,0.0862547806,0.9999999951,0.9999999951,0
1,7048000.5874765124,274998.8720445225,200.0000000000,0.9901097439,0.9899800000,0.0000100960,0.0000000000,0.0000000000,0,0.0000000000,0.0000000000,0.0000000000,0.0000000000,1.0000000000,0.0000000000,0.0285662171,0.9196493508,0.0517844321,0.9999999956,0.9999999956,0
0,7046893.2868515132,275000.0000000000,202.0000000000,0.9900962565,0.9898300000,0.0000173972,0.0000000000,0.0000000000,0,0.0000000000,0.0000000000,0.0000000000,0.0000000000,0.0000000000,1.0000000000,0.0490063977,0.8629700361,0.0880235662,0.9999999905,0.9999999905,0
1,7048009.9167240690,274999.6832455882,202.0000000000,0.9899553675,0.9895200000,0.0000101977,0.0000000000,0.0000000000,0,0.0000000000,0.0000000000,0.0000000000,0.0000000000,1.0000000000,0.0000000000,0.0274266438,0.9214512335,0.0511221226,0.9999999898,0.9999999898,0
0,7046912.6214379435,275000.0000000000,204.0000000000,0.9895908958,0.9899900000,0.0000195812,0.0000000000,0.0000000000,0,0.0000000000,0.0000000000,0.0000000000,0.0000000000,0.0000000000,1.0000000000,0.0483161572,0.8568035328,0.0948803100,0.9999999761,0.9999999761,0
1,7048019.9777883952,275003.8573291598,204.0000000000,0.9900161218,0.9902000000,0.0000095977,0.0000000000,0.0000000000,0,1.0000000000,0.0000000000,0.0000000000,0.0000000000,1.0000000000,0.0000000000,0.0504175731,0.8996977390,0.0498846879,0.9999999450,0.9999999450,0
0,7046931.9560243739,275000.0000000000,206.0000000000,0.9902925239,0.9900000000,0.0000175974,0.0000000000,0.0000000000,0,0.0000000000,0.0000000000,0.0000000000,0.0000000000,0.0000000000,1.0000000000,0.0485278528,0.8635222286,0.0879499186,0.9999999926,0.9999999926,0
1,7048031.8402092420,275002.1197190888,206.0000000000,0.9905310932,0.9902200000,0.0000096890,0.0000000000,0.0000000000,0,0.0000000000,0.0000000000,0.0000000000,0.0000000000,1.0000000000,0.0000000000,0.0283006700,0.9211518923,0.0505474376,0.9999999971,0.9999999971,0
0,7046951.2906108042,275000.0000000000,208.0000000000,0.9895104520,0.9899400000,0.0000153923,0.0000000000,0.0000000000,0,0.0000000000,0.0000000000,0.0000000000,0.0000000000,0.0000000000,1.0000000000,0.0486257188,0.8684269511,0.0829473301,0.9999999654,0.9999999654,0
1,7048043.9504030282,274998.8636155897,208.0000000000,0.9905161097,0.9903400000,0.0000097653,0.0000000000,0.0000000000,0,1.0000000000,0.0000000000,0.0000000000,0.0000000000,1.0000000000,0.0000000000,0.0492791912,0.8998138842,0.0509069246,0.9999999629,0.9999999629,0
0,7046970.6251972346,275000.0000000000,210.0000000000,0.9898283898,0.9903900000,0.0000161411,0.0000000000,0.0000000000,0,0.0000000000,0.0000000000,0.0000000000,0.0000000000,0.0000000000,1.0000000000,0.0491351563,0.8624575694,0.0884072743,0.9999999901,0.9999999901,0
1,7048050.2476377180,274999.9850061726,210.0000000000,0.9900052866,0.9901600000,0.0000101362,0.0000000000,0.0000000000,0,0.0000000000,0.0000000000,0.0000000000,0.0000000000,1.0000000000,0.0000000000,0.0265812546,0.9210852264,0.0523335190,0.9999999956,0.9999999956,0
0,7046989.9597836649,275000.0000000000,212.0000000000,0.9898637428,0.9900400000,0.0000238790,0.0000000000,0.0000000000,0,0.0000000000,0.0000000000,0.0000000000,0.0000000000,0.0000000000,1.0000000000,0.0467411283,0.8280882976,0.1251705742,0.9999999965,0.9999999965,0
1,7048058.1344273956,274999.7138808396,212.0000000000,0.9904181482,0.9899500000,0.0000103453,0.0000000000,0.0000000000,0,0.0000000000,0.0000000000,0.0000000000,0.0000000000,1.0000000000,0.0000000000,0.0189708690,0.9299605217,0.0510686093,0.9999999939,0.9999999939,0
0,7047009.2943700952,275000.0000000000,214.0000000000,0.9900232531,0.9900800000,0.0000250245,0.0000000000,0.0000000000,0,0.0000000000,0.0000000000,0.0000000000,0.0000000000,0.0000000000,1.0000000000,0.0455350031,0.8289143849,0.1255506121,0.9999999885,0.9999999885,0
1,7048067.7639047485,274999.3201543284,214.0000000000,0.9901490217,0.9904400000,0.0000097486,0.0000000000,0.0000000000,0,0.0000000000,0.0000000000,0.0000000000,0.0000000000,1.0000000000,0.0000000000,0.0189289490,0.9278830341,0.0531880169,0.9999999971,0.9999999971,0
0,7047028.6289565256,275000.0000000000,216.0000000000,0.9893228856,0.9892900000,0.0000251610,0.0000000000,0.0000000000,0,0.0000000000,0.0000000000,0.0000000000,0.0000000000,0.0000000000,1.0000000000,0.0452204674,0.8311119769,0.1236675557,0.9999999860,0.9999999860,0
1,7048078.7248271611,274999.5112241287,216.0000000000,0.9896811603,0.9902200000,0.0000094857,0.0000000000,0.0000000000,0,0.0000000000,0.0000000000,0.0000000000,0.0000000000,1.0000000000,0.0000000000,0.0187752524,0.9297357518,0.0514889959,0.9999999939,0.9999999939,0
0,7047047.9635429559,275000.0000000000,218.0000000000,0.9900320542,0.9901700000,0.0000212213,0.0000000000,0.0000000000,0,0.0000000000,0.0000000000,0.0000000000,0.0000000000,0.0000000000,1.0000000000,0.0474487386,0.8467846207,0.1057666407,0.9999999693,0.9999999693,0
1,7048086.1156628598,274995.5606026413,218.0000000000,0.9899655153,0.9898000000,0.0000099665,0.0000000000,0.0000000000,0,1.0000000000,0.0000000000,0.0000000000,0.0000000000,1.0000000000,0.0000000000,0.0499133553,0.8997515912,0.0503350536,0.9999999874,0.9999999874,0
0,7047067.2981293863,275000.0000000000,220.0000000000,0.9895951324,0.9898200000,0.0000259334,0.0000000000,0.0000000000,0,0.0000000000,0.0000000000,0.0000000000,0.0000000000,0.0000000000,1.0000000000,0.0451520327,0.8287474469,0.1261005204,0.9999999965,0.9999999965,0
1,7048099.2970385551,274997.7690427927,220.0000000000,0.9894419715,0.9905500000,0.0000106187,0.0000000000,0.0000000000,0,0.0000000000,0.0000000000,0.0000000000,0.0000000000,1.0000000000,0.0000000000,0.0187221811,0.9304156858,0.0508621331,0.9999999970,0.9999999970,0
0,7047086.6327158166,275000.0000000000,222.0000000000,0.9898128180,0.9903500000,0.0000235732,0.0000000000,0.0000000000,0,0.0000000000,0.0000000000,0.0000000000,0.0000000000,0.0000000000,1.0000000000,0.0466433055,0.8286028974,0.1247537971,1.0000000000,1.0000000000,0
1,7048109.1709066518,274999.0713504422,222.0000000000,0.9900676735,0.9904100000,0.0000095096,0.0000000000,0.0000000000,0,0.0000000000,0.0000000000,0.0000000000,0.0000000000,1.0000000000,0.0000000000,0.0190617922,0.9293644587,0.0515737491,1.0000000000,1.0000000000,0
0,7047105.9673022470,275000.0000000000,224.0000000000,0.9905161308,0.9894800000,0.0000243331,0.0000000000,0.0000000000,0,0.0000000000,0.0000000000,0.0000000000,0.0000000000,0.0000000000,1.0000000000,0.0454205474,0.8308813574,0.1236980952,0.9999999816,0.9999999816,0
1,7048120.6621253341,274998.3961479656,224.0000000000,0.9899994055,0.9898700000,0.0000103676,0.0000000000,0.0000000000,0,0.0000000000,0.0000000000,0.0000000000,0.0000000000,1.0000000000,0.0000000000,0.0190546452,0.9297400040,0.0512053508,0.9999999927,0.9999999927,0
0,7047125.3018886773,275000.0000000000,226.0000000000,0.9907626461,0.9896200000,0.0000376148,0.0000000000,0.0000000000,0,0.0000000000,0.0000000000,0.0000000000,0.0000000000,0.0000000000,1.0000000000,0.0438661504,0.7834034825,0.1727303670,1.0000000000,1.0000000000,0
1,7048127.3916711621,274998.4706513961,226.0000000000,0.9903025743,0.9902400000,0.0000107782,0.0000000000,0.0000000000,0,0.0000000000,0.0000000000,0.0000000000,0.0000000000,1.0000000000,0.0000000000,0.0122501744,0.9364933274,0.0512564982,1.0000000000,1.0000000000,0
0,7047144.6364751076,275000.0000000000,228.0000000000,0.9900089375,0.9904000000,0.0000231441,0.0000000000,0.0000000000,0,0.0000000000,0.0000000000,0.0000000000,0.0000000000,0.0000000000,1.0000000000,0.0454095029,0.8411997723,0.1133907247,0.9999999936,0.9999999936,0
1,7048138.8914550226,274996.7258814788,228.0000000000,0.9901688887,0.9893200000,0.0000102341,0.0000000000,0.0000000000,0,0.0000000000,0.0000000000,0.0000000000,0.0000000000,1.0000000000,0.0000000000,0.0209630818,0.9283824715,0.0506544467,0.9999999971,0.9999999971,0
0,7047163.9710615380,275000.0000000000,230.0000000000,0.9899210989,0.9903100000,0.0000227048,0.0000000000,0.0000000000,0,0.0000000000,0.0000000000,0.0000000000,0.0000000000,0.0000000000,1.0000000000,0.0472754891,0.8344233207,0.1183011902,0.9999999608,0.9999999608,0
1,7048150.6836189162,274996.6424057235,230.0000000000,0.9901965742,0.9901700000,0.0000100168,0.0000000000,0.0000000000,0,1.0000000000,0.0000000000,0.0000000000,0.0000000000,1.0000000000,0.0000000000,0.0498152003,0.9007548416,0.0494299581,0.9999999778,0.9999999778,0
0,7047183.3056479683,275000.0000000000,232.0000000000,0.9899670333,0.9893900000,0.0000210294,0.0000000000,0.0000000000,0,0.0000000000,0.0000000000,0.0000000000,0.0000000000,0.0000000000,1.0000000000,0.0483283672,0.8477556698,0.1039159630,0.9999999703,0.9999999703,0
1,7048160.5492112944,274994.2867705614,232.0000000000,0.9898066856,0.9895100000,0.0000107213,0.0000000000,0.0000000000,0,1.0000000000,0.0000000000,0.0000000000,0.0000000000,1.0000000000,0.0000000000,0.0493339626,0.9014877129,0.0491783245,0.9999999845,0.9999999845,0
0,7047202.6402343987,275000.0000000000,234.0000000000,0.9901904101,0.9901300000,0.0000264359,0.0000000000,0.0000000000,0,0.0000000000,0.0000000000,0.0000000000,0.0000000000,0.0000000000,1.0000000000,0.0437531868,0.8086661874,0.1475806258,0.9999999875,0.9999999875,0
1,7048170.5784598570,274997.5341418174,234.0000000000,0.9904742264,0.9902400000,0.0000103449,0.0000000000,0.0000000000,0,0.0000000000,0.0000000000,0.0000000000,0.0000000000,1.0000000000,0.0000000000,0.0156603729,0.9324327722,0.0519068549,0.9999999941,0.9999999941,0
0,7047221.9748208290,275000.0000000000,236.0000000000,0.9900171922,0.9897700000,0.0000218934,0.0000000000,0.0000000000,0,0.0000000000,0.0000000000,0.0000000000,0.0000000000,0.0000000000,1.0000000000,0.0468375910,0.8419834474,0.1111789616,0.9999999902,0.9999999902,0
1,7048181.4186241534,274996.3737515601,236.0000000000,0.9900242665,0.9898000000,0.0000104864,0.0000000000,0.0000000000,0,1.0000000000,0.0000000000,0.0000000000,0.0000000000,1.0000000000,0.0000000000,0.0494906658,0.8996087105,0.0509006237,0.9999999956,0.9999999956,0
0,7047241.3094072593,275000.0000000000,238.0000000000,0.9902293110,0.9904900000,0.0000207147,0.0000000000,0.0000000000,0,0.0000000000,0.0000000000,0.0000000000,0.0000000000,0.0000000000,1.0000000000,0.0455220538,0.8510916078,0.1033863384,0.9999999741,0.9999999741,0
1,7048194.5380146643,274994.4081671457,238.0000000000,0.9899663911,0.9894600000,0.0000100335,0.0000000000,0.0000000000,0,1.0000000000,0.0000000000,0.0000000000,0.0000000000,1.0000000000,0.0000000000,0.0515597743,0.8977887824,0.0506514433,0.9999999682,0.9999999682,0
0,7047260.6439936897,275000.0000000000,240.0000000000,0.9893248784,0.9900400000,0.0000258661,0.0000000000,0.0000000000,0,0.0000000000,0.0000000000,0.0000000000,0.0000000000,0.0000000000,1.0000000000,0.0463243253,0.8362773400,0.1173983347,0.9999999933,0.9999999933,0
1,7048203.0479555521,274998.1574026549,240.0000000000,0.9895623968,0.9905600000,0.0000103385,0.0000000000,0.0000000000,0,0.0000000000,0.0000000000,0.0000000000,0.0000000000,1.0000000000,0.0000000000,0.0210576359,0.9268079699,0.0521343942,0.9999999985,0.9999999985,0
0,7047279.9785801200,275000.0000000000,242.0000000000,0.9898002461,0.9896700000,0.0000299691,0.0000000000,0.0000000000,0,0.0000000000,0.0000000000,0.0000000000,0.0000000000,0.0000000000,1.0000000000,0.0451498209,0.7993170321,0.1555331470,0.9999999867,0.9999999867,0
1,7048212.7909405623,274997.9331119256,242.0000000000,0.9902257772,0.9901500000,0.0000107355,0.0000000000,0.0000000000,0,0.0000000000,0.0000000000,0.0000000000,0.0000000000,1.0000000000,0.0000000000,0.0145412849,0.9332779231,0.0521807919,0.9999999955,0.9999999955,0
0,7047299.3131665504,275000.0000000000,244.0000000000,0.9903429751,0.9895800000,0.0000300667,0.0000000000,0.0000000000,0,0.0000000000,0.0000000000,0.0000000000,0.0000000000,0.0000000000,1.0000000000,0.0430850305,0.7858938421,0.1710211274,0.9999999904,0.9999999904,0
1,7048223.4458069792,274999.8416593320,244.0000000000,0.9901780244,0.9902100000,0.0000102274,0.0000000000,0.0000000000,0,0.0000000000,0.0000000000,0.0000000000,0.0000000000,1.0000000000,0.0000000000,0.0131613236,0.9357134191,0.0511252573,0.9999999955,0.9999999955,0
0,7047318.6477529807,275000.0000000000,246.0000000000,0.9893469770,0.9898800000,0.0000324627,0.0000000000,0.0000000000,0,0.0000000000,0.0000000000,0.0000000000,0.0000000000,0.0000000000,1.0000000000,0.0453377505,0.7847393613,0.1699228882,0.9999999857,0.9999999857,0
1,7048232.4881029492,274999.2057675699,246.0000000000,0.9901745430,0.9907200000,0.0000097954,0.0000000000,0.0000000000,0,0.0000000000,0.0000000000,0.0000000000,0.0000000000,1.0000000000,0.0000000000,0.0129721931,0.9343211080,0.0527066988,0.9999999968,0.9999999968,0
0,7047337.9823394110,275000.0000000000,248.0000000000,0.9896666880,0.9899000000,0.0000375332,0.0000000000,0.0000000000,0,0.0000000000,0.0000000000,0.0000000000,0.0000000000,0.0000000000,1.0000000000,0.0434103092,0.7784803818,0.1781093090,0.9999999794,0.9999999794,0
1,7048235.4376160735,274995.4328197714,248.0000000000,0.9894349958,0.9900800000,0.0000100000,0.0000000000,0.0000000000,0,1.0000000000,0.0000000000,0.0000000000,0.0000000000,1.0000000000,0.0000000000,0.0510104860,0.8993730663,0.0496164477,0.9999999720,0.9999999720,0
0,7047357.3169258414,275000.0000000000,250.0000000000,0.9905710771,0.9900400000,0.0000326173,0.0000000000,0.0000000000,0,0.0000000000,0.0000000000,0.0000000000,0.0000000000,0.0000000000,1.0000000000,0.0437766691,0.7880366156,0.1681867153,0.9999999760,0.9999999760,0
1,7048246.4147199346,274998.6750897214,250.0000000000,0.9901685272,0.9899800000,0.0000106105,0.0000000000,0.0000000000,0,0.0000000000,0.0000000000,0.0000000000,0.0000000000,1.0000000000,0.0000000000,0.0133316953,0.9344608950,0.0522074098,0.9999999941,0.9999999941,0
0,7047376.6515122717,275000.0000000000,252.0000000000,0.9892744523,0.9903100000,0.0000368078,0.0000000000,0.0000000000,0,0.0000000000,0.0000000000,0.0000000000,0.0000000000,0.0000000000,1.0000000000,0.0422900828,0.7866505928,0.1710593243,0.9999999904,0.9999999904,0
1,7048256.6292342134,274999.6951634571,252.0000000000,0.9902124511,0.9899200000,0.0000104238,0.0000000000,0.0000000000,0,0.0000000000,0.0000000000,0.0000000000,0.0000000000,1.0000000000,0.0000000000,0.0142641017,0.9324486176,0.0532872807,0.9999999970,0.9999999970,0
0,7047395.9860987021,275000.0000000000,254.0000000000,0.9891321517,0.9892900000,0.0000281846,0.0000000000,0.0000000000,0,0.0000000000,0.0000000000,0.0000000000,0.0000000000,0.0000000000,1.0000000000,0.0428320797,0.8083115504,0.1488563699,0.9999999876,0.9999999876,0
1,7048265.6294283364,275002.5203927453,254.0000000000,0.9902263755,0.9900600000,0.0000097653,0.0000000000,0.0000000000,0,1.0000000000,0.0000000000,0.0000000000,0.0000000000,1.0000000000,0.0000000000,0.0491479902,0.9009930753,0.0498589345,0.9999999956,0.9999999956,0
0,7047415.3206851324,275000.0000000000,256.0000000000,0.9901668191,0.9898800000,0.0000288179,0.0000000000,0.0000000000,0,0.0000000000,0.0000000000,0.0000000000,0.0000000000,0.0000000000,1.0000000000,0.0445621732,0.8097413406,0.1456964862,0.9999999833,0.9999999833,0
1,7048278.2695772871,275002.8486522362,256.0000000000,0.9902332396,0.9896900000,0.0000105300,0.0000000000,0.0000000000,0,0.0000000000,0.0000000000,0.0000000000,0.0000000000,1.0000000000,0.0000000000,0.0159410460,0.9326505566,0.0514083973,0.9999999985,0.9999999985,0
0,7047434.6552715627,275000.0000000000,258.0000000000,0.9902882431,0.9903700000,0.0000292348,0.0000000000,0.0000000000,0,0.0000000000,0.0000000000,0.0000000000,0.0000000000,0.0000000000,1.0000000000,0.0444378509,0.7988697345,0.1566924146,0.9999999955,0.9999999955,0
1,7048289.3464335445,275002.6003992973,258.0000000000,0.9899625233,0.9901600000,0.0000099301,0.0000000000,0.0000000000,0,0.0000000000,0.0000000000,0.0000000000,0.0000000000,1.0000000000,0.0000000000,0.0141487854,0.9355097715,0.0503414432,0.9999999956,0.9999999956,0
0,7047453.9898579931,275000.0000000000,260.0000000000,0.9901536779,0.9896700000,0.0000244679,0.0000000000,0.0000000000,0,0.0000000000,0.0000000000,0.0000000000,0.0000000000,0.0000000000,1.0000000000,0.0453091745,0.8282002133,0.1264906122,0.9999999563,0.9999999563,0
1,7048301.2566368207,275002.5475253951,260.0000000000,0.9898987919,0.9907200000,0.0000099832,0.0000000000,0.0000000000,0,1.0000000000,0.0000000000,0.0000000000,0.0000000000,1.0000000000,0.0000000000,0.0506992002,0.8983385431,0.0509622566,0.9999999860,0.9999999860,0
0,7047473.3244444234,275000.0000000000,262.0000000000,0.9902821955,0.9898700000,0.0000232987,0.0000000000,0.0000000000,0,0.0000000000,0.0000000000,0.0000000000,0.0000000000,0.0000000000,1.0000000000,0.0464533774,0.8381408293,0.1154057932,0.9999999718,0.9999999718,0
1,7048310.8831729880,275004.4534841630,262.0000000000,0.9898862187,0.9901500000,0.0000100671,0.0000000000,0.0000000000,0,1.0000000000,0.0000000000,0.0000000000,0.0000000000,1.0000000000,0.0000000000,0.0496456965,0.9000568529,0.0502974506,0.9999999711,0.9999999711,0
0,7047492.6590308538,275000.0000000000,264.0000000000,0.9900553670,0.9897400000,0.0000249225,0.0000000000,0.0000000000,0,0.0000000000,0.0000000000,0.0000000000,0.0000000000,0.0000000000,1.0000000000,0.0481751438,0.8243847872,0.1274400689,0.9999999003,0.9999999003,0
1,7048323.1661823131,275005.4151143849,264.0000000000,0.9900746766,0.9898500000,0.0000097653,0.0000000000,0.0000000000,0,1.0000000000,0.0000000000,0.0000000000,0.0000000000,1.0000000000,0.0000000000,0.0495469054,0.8999457335,0.0505073611,0.9999999793,0.9999999793,0
0,7047511.9936172841,275000.0000000000,266.0000000000,0.9892632873,0.9903900000,0.0000309068,0.0000000000,0.0000000000,0,0.0000000000,0.0000000000,0.0000000000,0.0000000000,0.0000000000,1.0000000000,0.0434601287,0.8000029323,0.1565369390,0.9999999778,0.9999999778,0
1,7048330.9887035824,275003.8329600520,266.0000000000,0.9896211089,0.9902300000,0.0000098380,0.0000000000,0.0000000000,0,0.0000000000,0.0000000000,0.0000000000,0.0000000000,1.0000000000,0.0000000000,0.0154851052,0.9320110043,0.0525038904,0.9999999970,0.9999999970,0
0,7047531.3282037145,275000.0000000000,268.0000000000,0.9910941086,0.9901700000,0.0000277141,0.0000000000,0.0000000000,0,0.0000000000,0.0000000000,0.0000000000,0.0000000000,0.0000000000,1.0000000000,0.0428949791,0.8115031123,0.1456019087,0.9999999917,0.9999999917,0
1,7048342.9822739763,275005.5077265201,268.0000000000,0.9894359535,0.9900100000,0.0000102348,0.0000000000,0.0000000000,0,1.0000000000,0.0000000000,0.0000000000,0.0000000000,1.0000000000,0.0000000000,0.0493193978,0.9004967878,0.0501838145,1.0000000000,1.0000000000,0
0,7047550.6627901448,275000.0000000000,270.0000000000,0.9896238754,0.9905700000,0.0000268286,0.0000000000,0.0000000000,0,0.0000000000,0.0000000000,0.0000000000,0.0000000000,0.0000000000,1.0000000000,0.0449980913,0.8182065677,0.1367953411,0.9999999504,0.9999999504,0
1,7048352.0781808859,275002.3789837418,270.0000000000,0.9896350378,0.9903800000,0.0000103857,0.0000000000,0.0000000000,0,1.0000000000,0.0000000000,0.0000000000,0.0000000000,1.0000000000,0.0000000000,0.0504875913,0.9002187229,0.0492936858,0.9999999807,0.9999999807,0
0,7047569.9973765751,275000.0000000000,272.0000000000,0.9896670179,0.9900700000,0.0000380907,0.0000000000,0.0000000000,0,0.0000000000,0.0000000000,0.0000000000,0.0000000000,0.0000000000,1.0000000000,0.0430895530,0.7593592400,0.1975512070,0.9999999776,0.9999999776,0
1,7048359.6902096132,275002.2561648361,272.0000000000,0.9897756503,0.9900100000,0.0000096982,0.0000000000,0.0000000000,0,1.0000000000,0.0000000000,0.0000000000,0.0000000000,1.0000000000,0.0000000000,0.0500043096,0.9002712490,0.0497244414,0.9999999956,0.9999999956,0
0,7047589.3319630055,275000.0000000000,274.0000000000,0.9897805201,0.9901800000,0.0000440078,0.0000000000,0.0000000000,0,0.0000000000,0.0000000000,0.0000000000,0.0000000000,0.0000000000,1.0000000000,0.0402274705,0.7414949709,0.2182775586,0.9999999876,0.9999999876,0
1,7048369.7950963564,275001.8435190936,274.0000000000,0.9900082548,0.9897200000,0.0000099832,0.0000000000,0.0000000000,0,1.0000000000,0.0000000000,0.0000000000,0.0000000000,1.0000000000,0.0000000000,0.0492238367,0.9011528466,0.0496233167,0.9999999971,0.9999999971,0
0,7047608.6665494358,275000.0000000000,276.0000000000,0.9892650017,0.9890700000,0.0000330123,0.0000000000,0.0000000000,0,0.0000000000,0.0000000000,0.0000000000,0.0000000000,0.0000000000,1.0000000000,0.0433249821,0.7872289489,0.1694460690,0.9999999665,0.9999999665,0
1,7048381.9983452624,274999.6048015163,276.0000000000,0.9903299141,0.9895700000,0.0000107943,0.0000000000,0.0000000000,0,0.0000000000,0.0000000000,0.0000000000,0.0000000000,1.0000000000,0.0000000000,0.0136861371,0.9341468885,0.0521669744,0.9999999985,0.9999999985,0
0,7047628.0011358662,275000.0000000000,278.0000000000,0.9904505842,0.9899600000,0.0000481957,0.0000000000,0.0000000000,0,0.0000000000,0.0000000000,0.0000000000,0.0000000000,0.0000000000,1.0000000000,0.0412022679,0.7106484775,0.2481492546,0.9999999771,0.9999999771,0
1,7048391.1259552734,275000.2359681145,278.0000000000,0.9901104852,0.9903300000,0.0000103667,0.0000000000,0.0000000000,0,0.0000000000,0.0000000000,0.0000000000,0.0000000000,1.0000000000,0.0000000000,0.0084375386,0.9388993441,0.0526631173,0.9999999925,0.9999999925,0
0,7047647.3357222965,275000.0000000000,280.0000000000,0.9896609742,0.9903300000,0.0000316930,0.0000000000,0.0000000000,0,0.0000000000,0.0000000000,0.0000000000,0.0000000000,0.0000000000,1.0000000000,0.0450680145,0.7967669185,0.1581650671,0.9999999867,0.9999999867,0
1,7048401.5858484190,275001.2717229990,280.0000000000,0.9898247944,0.9899500000,0.0000098130,0.0000000000,0.0000000000,0,0.0000000000,0.0000000000,0.0000000000,0.0000000000,1.0000000000,0.0000000000,0.0147853582,0.9336418545,0.0515727873,0.9999999938,0.9999999938,0
0,7047666.6703087268,275000.0000000000,282.0000000000,0.9893697863,0.9897900000,0.0000374871,0.0000000000,0.0000000000,0,0.0000000000,0.0000000000,0.0000000000,0.0000000000,0.0000000000,1.0000000000,0.0414334485,0.7636154918,0.1949510598,1.0000000000,1.0000000000,0
1,7048410.9428604785,275004.3204366305,282.0000000000,0.9906435728,0.9901400000,0.0000101705,0.0000000000,0.0000000000,0,0.0000000000,0.0000000000,0.0000000000,0.0000000000,1.0000000000,0.0000000000,0.0114733386,0.9358815636,0.0526450977,0.9999999985,0.9999999985,0
0,7047686.0048951572,275000.0000000000,284.0000000000,0.9890785637,0.9905400000,0.0000454126,0.0000000000,0.0000000000,0,0.0000000000,0.0000000000,0.0000000000,0.0000000000,0.0000000000,1.0000000000,0.0418712455,0.7401029882,0.2180257663,0.9999999877,0.9999999877,0
1,7048421.3530507423,275003.9003445244,284.0000000000,0.9896756123,0.9901200000,0.0000106999,0.0000000000,0.0000000000,0,0.0000000000,0.0000000000,0.0000000000,0.0000000000,1.0000000000,0.0000000000,0.0096134518,0.9388071026,0.0515794456,0.9999999956,0.9999999956,0
0,7047705.3394815875,275000.0000000000,286.0000000000,0.9897775809,0.9900300000,0.0000336341,0.0000000000,0.0000000000,0,0.0000000000,0.0000000000,0.0000000000,0.0000000000,0.0000000000,1.0000000000,0.0432124629,0.7888473556,0.1679401815,0.9999999816,0.9999999816,0
1,7048433.8676762423,275003.5240217888,286.0000000000,0.9902737179,0.9896800000,0.0000100956,0.0000000000,0.0000000000,0,0.0000000000,0.0000000000,0.0000000000,0.0000000000,1.0000000000,0.0000000000,0.0131888682,0.9366674676,0.0501436643,0.9999999970,0.9999999970,0
0,7047724.6740680179,275000.0000000000,288.0000000000,0.9902797311,0.9900000000,0.0000318989,0.0000000000,0.0000000000,0,0.0000000000,0.0000000000,0.0000000000,0.0000000000,0.0000000000,1.0000000000,0.0440419245,0.7969049211,0.1590531544,0.9999999443,0.9999999443,0
1,7048443.4426193396,274997.9147511117,288.0000000000,0.9896001269,0.9891900000,0.0000096647,0.0000000000,0.0000000000,0,1.0000000000,0.0000000000,0.0000000000,0.0000000000,1.0000000000,0.0000000000,0.0510517471,0.8992374176,0.0497108353,0.9999999667,0.9999999667,0
0,7047744.0086544482,275000.0000000000,290.0000000000,0.9891192286,0.9896600000,0.0000509468,0.0000000000,0.0000000000,0,0.0000000000,0.0000000000,0.0000000000,0.0000000000,0.0000000000,1.0000000000,0.0401461998,0.7160413921,0.2438124081,0.9999999771,0.9999999771,0
1,7048450.8217970226,275001.7120698863,290.0000000000,0.9902411906,0.9900500000,0.0000106824,0.0000000000,0.0000000000,0,0.0000000000,0.0000000000,0.0000000000,0.0000000000,1.0000000000,0.0000000000,0.0081985905,0.9390616752,0.0527397343,1.0000000000,1.0000000000,0
0,7047763.3432408785,275000.0000000000,292.0000000000,0.9904335096,0.9900200000,0.0000524700,0.0000000000,0.0000000000,0,0.0000000000,0.0000000000,0.0000000000,0.0000000000,0.0000000000,1.0000000000,0.0388773683,0.7149863091,0.2461363226,0.9999999790,0.9999999790,0
1,7048459.8334546993,275002.6783043215,292.0000000000,0.9900846987,0.9902400000,0.0000103482,0.0000000000,0.0000000000,0,0.0000000000,0.0000000000,0.0000000000,0.0000000000,1.0000000000,0.0000000000,0.0081978903,0.9397605805,0.0520415292,0.9999999926,0.9999999926,0
0,7047782.6778273089,275000.0000000000,294.0000000000,0.9898432650,0.9895300000,0.0000506874,0.0000000000,0.0000000000,0,0.0000000000,0.0000000000,0.0000000000,0.0000000000,0.0000000000,1.0000000000,0.0385168646,0.7149572916,0.2465258438,0.9999999729,0.9999999729,0
1,7048469.3276649415,275003.4158394377,294.0000000000,0.9897375975,0.9900800000,0.0000109324,0.0000000000,0.0000000000,0,0.0000000000,0.0000000000,0.0000000000,0.0000000000,1.0000000000,0.0000000000,0.0082151611,0.9387638061,0.0530210328,0.9999999985,0.9999999985,0
0,7047802.0124137392,275000.0000000000,296.0000000000,0.9888934345,0.9903400000,0.0000506980,0.0000000000,0.0000000000,0,0.0000000000,0.0000000000,0.0000000000,0.0000000000,0.0000000000,1.0000000000,0.0387936054,0.7116961553,0.2495102393,0.9999999802,0.9999999802,0
1,7048478.5871695606,275003.7804518205,296.0000000000,0.9898301494,0.9905600000,0.0000094591,0.0000000000,0.0000000000,0,0.0000000000,0.0000000000,0.0000000000,0.0000000000,1.0000000000,0.0000000000,0.0083814645,0.9387580715,0.0528604640,1.0000000000,1.0000000000,0
0,7047821.3470001696,275000.0000000000,298.0000000000,0.9906273030,0.9897800000,0.0000460413,0.0000000000,0.0000000000,0,0.0000000000,0.0000000000,0.0000000000,0.0000000000,0.0000000000,1.0000000000,0.0392839656,0.7426751289,0.2180409055,0.9999999875,0.9999999875,0
1,7048493.3179258723,275002.0498614127,298.0000000000,0.9895926736,0.9902900000,0.0000108241,0.0000000000,0.0000000000,0,0.0000000000,0.0000000000,0.0000000000,0.0000000000,1.0000000000,0.0000000000,0.0099013575,0.9376233150,0.0524753275,1.0000000000,1.0000000000,0
0,7047840.6815865999,275000.0000000000,300.0000000000,0.9901128922,0.9901800000,0.0000398383,0.0000000000,0.0000000000,0,0.0000000000,0.0000000000,0.0000000000,0.0000000000,0.0000000000,1.0000000000,0.0418122674,0.7402882947,0.2178994379,0.9999999938,0.9999999938,0
1,7048499.7199471556,275000.3811321238,300.0000000000,0.9897230588,0.9900400000,0.0000109040,0.0000000000,0.0000000000,0,0.0000000000,0.0000000000,0.0000000000,0.0000000000,1.0000000000,0.0000000000,0.0106626758,0.9368336519,0.0525036723,0.9999999985,0.9999999985,0
0,7047860.0161730302,275000.0000000000,302.0000000000,0.9901059204,0.9899800000,0.0000489542,0.0000000000,0.0000000000,0,0.0000000000,0.0000000000,0.0000000000,0.0000000000,0.0000000000,1.0000000000,0.0425914686,0.7109804558,0.2464280756,0.9999999790,0.9999999790,0
1,7048509.5581947723,274997.7982821254,302.0000000000,0.9898687601,0.9893100000,0.0000102122,0.0000000000,0.0000000000,0,0.0000000000,0.0000000000,0.0000000000,0.0000000000,1.0000000000,0.0000000000,0.0080524461,0.9407648820,0.0511826719,1.0000000000,1.0000000000,0
0,7047879.3507594606,275000.0000000000,304.0000000000,0.9886590596,0.9903900000,0.0000500325,0.0000000000,0.0000000000,0,0.0000000000,0.0000000000,0.0000000000,0.0000000000,0.0000000000,1.0000000000,0.0407832523,0.7103115710,0.2489051767,0.9999999802,0.9999999802,0
1,7048519.9202260664,274996.6846480755,304.0000000000,0.9899917723,0.9899900000,0.0000102802,0.0000000000,0.0000000000,0,0.0000000000,0.0000000000,0.0000000000,0.0000000000,1.0000000000,0.0000000000,0.0081770253,0.9395061205,0.0523168542,0.9999999970,0.9999999970,0
0,7047898.6853458909,275000.0000000000,306.0000000000,0.9897507952,0.9895700000,0.0000437458,0.0000000000,0.0000000000,0,0.0000000000,0.0000000000,0.0000000000,0.0000000000,0.0000000000,1.0000000000,0.0417179184,0.7389477541,0.2193343275,0.9999999701,0.9999999701,0
1,7048531.3137534903,274995.3915404184,306.0000000000,0.9897959310,0.9901100000,0.0000102243,0.0000000000,0.0000000000,0,0.0000000000,0.0000000000,0.0000000000,0.0000000000,1.0000000000,0.0000000000,0.0097034818,0.9381607785,0.0521357397,0.9999999970,0.9999999970,0
0,7047918.0199323213,275000.0000000000,308.0000000000,0.9880433866,0.9897100000,0.0000551161,0.0000000000,0.0000000000,0,0.0000000000,0.0000000000,0.0000000000,0.0000000000,0.0000000000,1.0000000000,0.0396360296,0.6735252608,0.2868387096,1.0000000000,0.9999999910,0
1,7048539.7720854776,274996.3062285191,308.0000000000,0.9902573168,0.9899000000,0.0000105198,0.0000000000,0.0000000000,0,0.0000000000,0.0000000000,0.0000000000,0.0000000000,1.0000000000,0.0000000000,0.0068619656,0.9415061533,0.0516318811,0.9999999985,0.9999999985,0
0,7047937.3545187516,275000.0000000000,310.0000000000,0.9899423951,0.9903800000,0.0001093614,0.0000000000,0.0000000000,0,0.0000000000,0.0000000000,0.0000000000,0.0000000000,0.0000000000,1.0000000000,0.0261800327,0.4611911183,0.5126288490,1.0000000000,1.0000000000,0
1,7048547.7510624528,274997.0838505730,310.0000000000,0.9898376527,0.9896800000,0.0000104730,0.0000000000,0.0000000000,0,0.0000000000,0.0000000000,0.0000000000,0.0000000000,1.0000000000,0.0000000000,0.0034588716,0.9436127243,0.0529284040,1.0000000000,0.9999999985,0
0,7047956.6891051820,275000.0000000000,312.0000000000,0.9897228188,0.9899800000,0.0000926766,0.0000000000,0.0000000000,0,0.0000000000,0.0000000000,0.0000000000,0.0000000000,0.0000000000,1.0000000000,0.0281824239,0.4972201916,0.4745973846,0.9999999908,0.9999999908,0
1,7048557.0456132265,274996.0709130283,312.0000000000,0.9901826020,0.9900600000,0.0000103349,0.0000000000,0.0000000000,0,0.0000000000,0.0000000000,0.0000000000,0.0000000000,1.0000000000,0.0000000000,0.0028421139,0.9442201875,0.0529376987,0.9999999971,0.9999999925,0
0,7047976.0236916123,275000.0000000000,314.0000000000,0.9899024253,0.9896900000,0.0000990822,0.0000000000,0.0000000000,0,0.0000000000,0.0000000000,0.0000000000,0.0000000000,0.0000000000,1.0000000000,0.0287131531,0.5067674491,0.4645193978,1.0000000000,0.9999999919,0
1,7048563.4342359733,274994.6377460714,314.0000000000,0.9897222552,0.9900700000,0.0000114385,0.0000000000,0.0000000000,0,0.0000000000,0.0000000000,0.0000000000,0.0000000000,1.0000000000,0.0000000000,0.0028549418,0.9451496807,0.0519953775,0.9999999971,0.9999999955,0
0,7047995.3582780426,275000.0000000000,316.0000000000,0.9896332167,0.9900900000,0.0000946364,0.0000000000,0.0000000000,0,0.0000000000,0.0000000000,0.0000000000,0.0000000000,0.0000000000,1.0000000000,0.0286317277,0.4988042023,0.4725640699,0.9999999833,0.9999999833,0
1,7048572.2856724206,274996.5964501005,316.0000000000,0.9898783251,0.9897500000,0.0000111228,0.0000000000,0.0000000000,0,1.0000000000,0.0000000000,0.0000000000,0.0000000000,1.0000000000,0.0000000000,0.0069678463,0.9398593253,0.0531728284,1.0000000000,1.0000000000,0
0,7048014.6928644730,275000.0000000000,318.0000000000,0.9893555397,0.9896800000,0.0000573618,0.0000000000,0.0000000000,0,0.0000000000,0.0000000000,0.0000000000,0.0000000000,0.0000000000,1.0000000000,0.0370847029,0.6455009408,0.3174143563,1.0000000000,1.0000000000,0
1,7048589.3717632918,274997.5217316782,318.0000000000,0.9900227179,0.9893500000,0.0000101071,0.0000000000,0.0000000000,0,1.0000000000,0.0000000000,0.0000000000,0.0000000000,1.0000000000,0.0000000000,0.0066057985,0.9416976078,0.0516965937,1.0000000000,1.0000000000,0
0,7048034.0274509033,275000.0000000000,320.0000000000,0.9899020196,0.9898100000,0.0000936315,0.0000000000,0.0000000000,0,0.0000000000,0.0000000000,0.0000000000,0.0000000000,0.0000000000,1.0000000000,0.0330275091,0.4919951209,0.4749773700,1.0000000000,1.0000000000,0
1,7048596.5674593076,274999.2166319565,320.0000000000,0.9898535825,0.9903900000,0.0000110766,0.0000000000,0.0000000000,0,0.0000000000,0.0000000000,0.0000000000,0.0000000000,1.0000000000,0.0000000000,0.0030937384,0.9442631693,0.0526430923,0.9999999985,0.9999999971,0
0,7048053.3620373337,275000.0000000000,322.0000000000,0.9902964270,0.9903700000,0.0000915184,0.0000000000,0.0000000000,0,0.0000000000,0.0000000000,0.0000000000,0.0000000000,0.0000000000,1.0000000000,0.0265734720,0.4958220210,0.4776045071,1.0000000000,1.0000000000,0
1,7048605.8035179861,274998.9554469637,322.0000000000,0.9900236714,0.9899400000,0.0000102584,0.0000000000,0.0000000000,0,0.0000000000,0.0000000000,0.0000000000,0.0000000000,1.0000000000,0.0000000000,0.0033256457,0.9439162087,0.0527581456,0.9999999985,0.9999999956,0
0,7048072.6966237640,275000.0000000000,324.0000000000,0.9907775153,0.9898200000,0.0000849923,0.0000000000,0.0000000000,0,0.0000000000,0.0000000000,0.0000000000,0.0000000000,0.0000000000,1.0000000000,0.0324072979,0.5375170898,0.4300756123,0.9999999666,0.9999999666,0
1,7048616.7059496371,274995.8467677471,324.0000000000,0.9899954482,0.9902500000,0.0000108706,0.0000000000,0.0000000000,0,0.0000000000,0.0000000000,0.0000000000,0.0000000000,1.0000000000,0.0000000000,0.0036193030,0.9458059878,0.0505747092,0.9999999985,0.9999999955,0
0,7048092.0312101943,275000.0000000000,326.0000000000,0.9910292314,0.9901700000,0.0000851474,0.0000000000,0.0000000000,0,0.0000000000,0.0000000000,0.0000000000,0.0000000000,0.0000000000,1.0000000000,0.0302570658,0.5329358199,0.4368071143,0.9999999746,0.9999999746,0
1,7048627.2332376195,274996.4034508130,326.0000000000,0.9888688989,0.9899500000,0.0000109304,0.0000000000,0.0000000000,0,0.0000000000,0.0000000000,0.0000000000,0.0000000000,1.0000000000,0.0000000000,0.0034813367,0.9430005882,0.0535180752,1.0000000000,0.9999999939,0
0,7048111.3657966247,275000.0000000000,328.0000000000,0.9910900645,0.9901500000,0.0000865098,0.0000000000,0.0000000000,0,0.0000000000,0.0000000000,0.0000000000,0.0000000000,0.0000000000,1.0000000000,0.0311767669,0.5280180440,0.4408051892,1.0000000000,1.0000000000,0
1,7048635.9902218599,275000.6391636837,328.0000000000,0.9902829812,0.9899500000,0.0000110055,0.0000000000,0.0000000000,0,1.0000000000,0.0000000000,0.0000000000,0.0000000000,1.0000000000,0.0000000000,0.0062494538,0.9417871406,0.0519634055,1.0000000000,0.9999999985,0
0,7048130.7003830550,275000.0000000000,330.0000000000,0.9900389966,0.9899800000,0.0000965707,0.0000000000,0.0000000000,0,0.0000000000,0.0000000000,0.0000000000,0.0000000000,0.0000000000,1.0000000000,0.0274086621,0.4940338793,0.4785574586,1.0000000000,1.0000000000,0
1,7048647.6076293355,275000.4093990442,330.0000000000,0.9895438677,0.9901200000,0.0000105859,0.0000000000,0.0000000000,0,0.0000000000,0.0000000000,0.0000000000,0.0000000000,1.0000000000,0.0000000000,0.0030141623,0.9445256624,0.0524601753,1.0000000000,1.0000000000,0
0,7048150.0349694854,275000.0000000000,332.0000000000,0.9898037295,0.9898700000,0.0000965189,0.0000000000,0.0000000000,0,0.0000000000,0.0000000000,0.0000000000,0.0000000000,0.0000000000,1.0000000000,0.0273336649,0.4947715602,0.4778947749,1.0000000000,1.0000000000,0
1,7048658.3591937954,274999.4677361203,332.0000000000,0.9900814817,0.9902300000,0.0000106086,0.0000000000,0.0000000000,0,0.0000000000,0.0000000000,0.0000000000,0.0000000000,1.0000000000,0.0000000000,0.0031853168,0.9442263273,0.0525883559,1.0000000000,0.9999999954,0
0,7048169.3695559157,275000.0000000000,334.0000000000,0.9912859262,0.9897400000,0.0000894638,0.0000000000,0.0000000000,0,0.0000000000,0.0000000000,0.0000000000,0.0000000000,0.0000000000,1.0000000000,0.0263238545,0.4956499898,0.4780261557,1.0000000000,1.0000000000,0
1,7048667.4937714729,275000.6186337068,334.0000000000,0.9896025497,0.9897200000,0.0000104286,0.0000000000,0.0000000000,0,1.0000000000,0.0000000000,0.0000000000,0.0000000000,1.0000000000,0.0000000000,0.0070111881,0.9411466977,0.0518421143,0.9999999985,0.9999999940,0
0,7048188.7041423460,275000.0000000000,336.0000000000,0.9884873619,0.9902800000,0.0001095363,0.0000000000,0.0000000000,0,0.0000000000,0.0000000000,0.0000000000,0.0000000000,0.0000000000,1.0000000000,0.0238680780,0.4044996204,0.5716323016,1.0000000000,0.9999999913,0
1,7048677.4580033161,275005.3340680319,336.0000000000,0.9904482752,0.9897800000,0.0000104171,0.0000000000,0.0000000000,0,1.0000000000,0.0000000000,0.0000000000,0.0000000000,1.0000000000,0.0000000000,0.0070839038,0.9405236113,0.0523924849,1.0000000000,0.9999999894,0
0,7048208.0387287764,275000.0000000000,338.0000000000,0.9898433851,0.9899900000,0.0001499961,0.0000000000,0.0000000000,0,0.0000000000,0.0000000000,0.0000000000,0.0000000000,0.0000000000,1.0000000000,0.0162161612,0.2749463633,0.7088374756,1.0000000000,0.9999999891,0
1,7048685.3594563399,275000.4213487430,338.0000000000,0.9898875326,0.9901100000,0.0000105755,0.0000000000,0.0000000000,0,0.0000000000,0.0000000000,0.0000000000,0.0000000000,1.0000000000,0.0000000000,0.0013738873,0.9466113370,0.0520147757,1.0000000000,1.0000000000,0
0,7048227.3733152067,275000.0000000000,340.0000000000,0.9900552452,0.9900300000,0.0000929484,0.0000000000,0.0000000000,0,0.0000000000,0.0000000000,0.0000000000,0.0000000000,0.0000000000,1.0000000000,0.0293859781,0.4973432071,0.4732708148,1.0000000000,1.0000000000,0
1,7048699.8725909758,274998.2729311854,340.0000000000,0.9900215495,0.9896800000,0.0000108660,0.0000000000,0.0000000000,0,0.0000000000,0.0000000000,0.0000000000,0.0000000000,1.0000000000,0.0000000000,0.0031944673,0.9438110604,0.0529944722,1.0000000000,1.0000000000,0
0,7048246.7079016371,275000.0000000000,342.0000000000,0.9894940192,0.9898900000,0.0000917704,0.0000000000,0.0000000000,0,0.0000000000,0.0000000000,0.0000000000,0.0000000000,0.0000000000,1.0000000000,0.0280205416,0.4946208885,0.4773585700,1.0000000000,1.0000000000,0
1,7048709.8736658609,274998.5236844131,342.0000000000,0.9897133495,0.9902400000,0.0000099008,0.0000000000,0.0000000000,0,1.0000000000,0.0000000000,0.0000000000,0.0000000000,1.0000000000,0.0000000000,0.0067631323,0.9397097656,0.0535271021,1.0000000000,1.0000000000,0
0,7048266.0424880674,275000.0000000000,344.0000000000,0.9897424435,0.9895400000,0.0000953361,0.0000000000,0.0000000000,0,0.0000000000,0.0000000000,0.0000000000,0.0000000000,0.0000000000,1.0000000000,0.0297716499,0.5004625555,0.4697657946,1.0000000000,1.0000000000,0
1,7048722.4501790786,274999.2537049126,344.0000000000,0.9894279568,0.9901200000,0.0000101955,0.0000000000,0.0000000000,0,1.0000000000,0.0000000000,0.0000000000,0.0000000000,1.0000000000,0.0000000000,0.0071923780,0.9405034735,0.0523041485,1.0000000000,1.0000000000,0
0,7048285.3770744978,275000.0000000000,346.0000000000,0.9898792321,0.9903100000,0.0000869087,0.0000000000,0.0000000000,0,0.0000000000,0.0000000000,0.0000000000,0.0000000000,0.0000000000,1.0000000000,0.0306948036,0.5380079110,0.4312972854,1.0000000000,1.0000000000,0
1,7048731.8567273468,275001.1387860245,346.0000000000,0.9905827992,0.9897900000,0.0000100258,0.0000000000,0.0000000000,0,1.0000000000,0.0000000000,0.0000000000,0.0000000000,1.0000000000,0.0000000000,0.0069982657,0.9409568406,0.0520448937,0.9999999971,0.9999999909,0
0,7048304.7116609281,275000.0000000000,348.0000000000,0.9907360780,0.9896900000,0.0001099820,0.0000000000,0.0000000000,0,0.0000000000,0.0000000000,0.0000000000,0.0000000000,0.0000000000,1.0000000000,0.0260626946,0.4298955398,0.5440417656,0.9999999521,0.9999999521,0
1,7048741.9234557329,275006.5124412907,348.0000000000,0.9899735092,0.9901500000,0.0000107208,0.0000000000,0.0000000000,0,1.0000000000,0.0000000000,0.0000000000,0.0000000000,1.0000000000,0.0000000000,0.0074096447,0.9383060204,0.0542843349,0.9999999971,0.9999999770,0
0,7048324.0462473584,275000.0000000000,350.0000000000,0.9908493318,0.9899800000,0.0001402447,0.0000000000,0.0000000000,0,0.0000000000,0.0000000000,0.0000000000,0.0000000000,0.0000000000,1.0000000000,0.0165852199,0.2795709145,0.7038438656,1.0000000000,1.0000000000,0
1,7048750.0925961239,275001.8634997716,350.0000000000,0.9900837344,0.9901900000,0.0000100232,0.0000000000,0.0000000000,0,1.0000000000,0.0000000000,0.0000000000,0.0000000000,1.0000000000,0.0000000000,0.0064484805,0.9413445129,0.0522070066,1.0000000000,0.9999999985,0
0,7048343.3808337888,275000.0000000000,352.0000000000,0.9882525065,0.9899500000,0.0001378357,0.0000000000,0.0000000000,0,0.0000000000,0.0000000000,0.0000000000,0.0000000000,0.0000000000,1.0000000000,0.0153077948,0.2775898972,0.7071023080,0.9999999793,0.9999999793,0
1,7048759.6793801179,275001.5744957661,352.0000000000,0.9902210661,0.9904500000,0.0000112693,0.0000000000,0.0000000000,0,1.0000000000,0.0000000000,0.0000000000,0.0000000000,1.0000000000,0.0000000000,0.0066346960,0.9402836748,0.0530816292,1.0000000000,1.0000000000,0
0,7048362.7154202191,275000.0000000000,354.0000000000,0.9901624958,0.9897600000,0.0001523608,0.0000000000,0.0000000000,0,0.0000000000,0.0000000000,0.0000000000,0.0000000000,0.0000000000,1.0000000000,0.0130974559,0.2766866412,0.7102159029,1.0000000000,1.0000000000,0
1,7048765.2418362079,274999.4476533503,354.0000000000,0.9900789673,0.9901600000,0.0000110290,0.0000000000,0.0000000000,0,0.0000000000,0.0000000000,0.0000000000,0.0000000000,1.0000000000,0.0000000000,0.0015139777,0.9462521555,0.0522338668,1.0000000000,0.9999999985,0
0,7048382.0500066495,275000.0000000000,356.0000000000,0.9907498319,0.9898500000,0.0001266275,0.0000000000,0.0000000000,0,0.0000000000,0.0000000000,0.0000000000,0.0000000000,0.0000000000,1.0000000000,0.0230312330,0.3582227685,0.6187459985,0.9999999640,0.9999999640,0
1,7048774.7486661067,275003.7599178287,356.0000000000,0.9895139001,0.9900300000,0.0000103719,0.0000000000,0.0000000000,0,1.0000000000,0.0000000000,0.0000000000,0.0000000000,1.0000000000,0.0000000000,0.0067569929,0.9410860326,0.0521569745,1.0000000000,0.9999999940,0
0,7048401.3845930798,275000.0000000000,358.0000000000,0.9902902026,0.9901700000,0.0001203957,0.0000000000,0.0000000000,0,0.0000000000,0.0000000000,0.0000000000,0.0000000000,0.0000000000,1.0000000000,0.0197115017,0.3786835516,0.6016049467,0.9999999645,0.9999999645,0
1,7048789.0597915752,275003.4430678135,358.0000000000,0.9902790623,0.9901500000,0.0000108124,0.0000000000,0.0000000000,0,1.0000000000,0.0000000000,0.0000000000,0.0000000000,1.0000000000,0.0000000000,0.0069623031,0.9405187884,0.0525189085,1.0000000000,0.9999999970,0
0,7048420.7191795101,275000.0000000000,360.0000000000,0.9903090758,0.9899900000,0.0001480964,0.0000000000,0.0000000000,0,0.0000000000,0.0000000000,0.0000000000,0.0000000000,0.0000000000,1.0000000000,0.0145193797,0.2708682081,0.7146124122,1.0000000000,1.0000000000,0
1,7048801.0352173690,275000.8677472805,360.0000000000,0.9899174419,0.9898700000,0.0000103435,0.0000000000,0.0000000000,0,1.0000000000,0.0000000000,0.0000000000,0.0000000000,1.0000000000,0.0000000000,0.0067735530,0.9407195831,0.0525068639,1.0000000000,1.0000000000,0
0,7048440.0537659405,275000.0000000000,362.0000000000,0.9894526712,0.9899700000,0.0001464688,0.0000000000,0.0000000000,0,0.0000000000,0.0000000000,0.0000000000,0.0000000000,0.0000000000,1.0000000000,0.0192216076,0.2747419058,0.7060364866,0.9999999793,0.9999999793,0
1,7048810.7358741071,275000.6507793116,362.0000000000,0.9895070884,0.9903500000,0.0000101591,0.0000000000,0.0000000000,0,1.0000000000,0.0000000000,0.0000000000,0.0000000000,1.0000000000,0.0000000000,0.0064239671,0.9415740537,0.0520019792,0.9999999985,0.9999999985,0
0,7048459.3883523708,275000.0000000000,364.0000000000,0.9900874608,0.9901500000,0.0001508357,0.0000000000,0.0000000000,0,0.0000000000,0.0000000000,0.0000000000,0.0000000000,0.0000000000,1.0000000000,0.0130455364,0.2745877376,0.7123667260,1.0000000000,1.0000000000,0
1,7048823.1766890408,275000.5956840183,364.0000000000,0.9900463373,0.9901400000,0.0000098294,0.0000000000,0.0000000000,0,1.0000000000,0.0000000000,0.0000000000,0.0000000000,1.0000000000,0.0000000000,0.0066439789,0.9402209929,0.0531350282,1.0000000000,0.9999999938,0
0,7048478.7229388012,275000.0000000000,366.0000000000,0.9895072484,0.9894700000,0.0001391286,0.0000000000,0.0000000000,0,0.0000000000,0.0000000000,0.0000000000,0.0000000000,0.0000000000,1.0000000000,0.0157489471,0.2773203010,0.7069307519,0.9999999370,0.9999999370,0
1,7048832.6027854430,275001.3410325081,366.0000000000,0.9900806545,0.9900000000,0.0000092138,0.0000000000,0.0000000000,0,1.0000000000,0.0000000000,0.0000000000,0.0000000000,1.0000000000,0.0000000000,0.0063066962,0.9416168110,0.0520764929,1.0000000000,0.9999999969,0
0,7048498.0575252315,275000.0000000000,368.0000000000,0.9901920523,0.9899900000,0.0001152675,0.0000000000,0.0000000000,0,0.0000000000,0.0000000000,0.0000000000,0.0000000000,0.0000000000,1.0000000000,0.0203076614,0.3901626140,0.5895297246,1.0000000000,1.0000000000,0
1,7048839.9857608052,275005.8749660383,368.0000000000,0.9902356987,0.9890700000,0.0000102627,0.0000000000,0.0000000000,0,1.0000000000,0.0000000000,0.0000000000,0.0000000000,1.0000000000,0.0000000000,0.0067486447,0.9409554280,0.0522959273,1.0000000000,0.9999999985,0
0,7048517.3921116618,275000.0000000000,370.0000000000,0.9900702365,0.9901300000,0.0001237374,0.0000000000,0.0000000000,0,0.0000000000,0.0000000000,0.0000000000,0.0000000000,0.0000000000,1.0000000000,0.0206348146,0.3704191982,0.6089459872,1.0000000000,1.0000000000,0
1,7048853.5556270685,275003.1266038737,370.0000000000,0.9899502134,0.9903700000,0.0000101101,0.0000000000,0.0000000000,0,1.0000000000,0.0000000000,0.0000000000,0.0000000000,1.0000000000,0.0000000000,0.0071025644,0.9392084186,0.0536890170,0.9999999985,0.9999999940,0
0,7048536.7266980922,275000.0000000000,372.0000000000,0.9899445434,0.9908200000,0.0001451850,0.0000000000,0.0000000000,0,0.0000000000,0.0000000000,0.0000000000,0.0000000000,0.0000000000,1.0000000000,0.0167244840,0.2701683564,0.7131071596,1.0000000000,1.0000000000,0
1,7048863.5311940610,275002.2698178465,372.0000000000,0.9903817935,0.9900700000,0.0000100657,0.0000000000,0.0000000000,0,1.0000000000,0.0000000000,0.0000000000,0.0000000000,1.0000000000,0.0000000000,0.0063055572,0.9408685897,0.0528258531,1.0000000000,0.9999999970,0
0,7048556.0612845225,275000.0000000000,374.0000000000,0.9909353988,0.9899600000,0.0001366105,0.0000000000,0.0000000000,0,0.0000000000,0.0000000000,0.0000000000,0.0000000000,0.0000000000,1.0000000000,0.0119388930,0.2766093047,0.7114518023,1.0000000000,1.0000000000,0
1,7048874.3410124863,275003.2221355665,374.0000000000,0.9901100008,0.9897700000,0.0000107809,0.0000000000,0.0000000000,0,1.0000000000,0.0000000000,0.0000000000,0.0000000000,1.0000000000,0.0000000000,0.0069493832,0.9412955326,0.0517550842,0.9999999970,0.9999999940,0
0,7048575.3958709529,275000.0000000000,376.0000000000,0.9917049703,0.9898500000,0.0001690840,0.0000000000,0.0000000000,0,0.0000000000,0.0000000000,0.0000000000,0.0000000000,0.0000000000,1.0000000000,0.0088849093,0.1934807639,0.7976343268,0.9999999534,0.9999999534,0
1,7048882.2817304200,275003.6783278955,376.0000000000,0.9897406096,0.9902400000,0.0000107042,0.0000000000,0.0000000000,0,1.0000000000,0.0000000000,0.0000000000,0.0000000000,1.0000000000,0.0000000000,0.0065052279,0.9417894646,0.0517053074,1.0000000000,0.9999999969,0
0,7048594.7304573832,275000.0000000000,378.0000000000,0.9889494948,0.9902900000,0.0001627673,0.0000000000,0.0000000000,0,0.0000000000,0.0000000000,0.0000000000,0.0000000000,0.0000000000,1.0000000000,0.0125799121,0.1949563029,0.7924637850,0.9999999769,0.9999999769,0
1,7048891.3710318785,275004.4166373365,378.0000000000,0.9906644449,0.9898200000,0.0000102499,0.0000000000,0.0000000000,0,1.0000000000,0.0000000000,0.0000000000,0.0000000000,1.0000000000,0.0000000000,0.0067627831,0.9405501119,0.0526871051,0.9999999970,0.9999999940,0
0,7048614.0650438135,275000.0000000000,380.0000000000,0.9906082267,0.9901400000,0.0001520207,0.0000000000,0.0000000000,0,0.0000000000,0.0000000000,0.0000000000,0.0000000000,0.0000000000,1.0000000000,0.0097465462,0.1911288694,0.7991245844,1.0000000000,0.9999999766,0
1,7048899.2937524281,274997.3546296466,380.0000000000,0.9899213504,0.9900100000,0.0000106700,0.0000000000,0.0000000000,0,0.0000000000,0.0000000000,0.0000000000,0.0000000000,1.0000000000,0.0000000000,0.0008866468,0.9476141689,0.0514991843,1.0000000000,1.0000000000,0
0,7048633.3996302439,275000.0000000000,382.0000000000,0.9885548078,0.9901100000,0.0001523116,0.0000000000,0.0000000000,0,0.0000000000,0.0000000000,0.0000000000,0.0000000000,0.0000000000,1.0000000000,0.0104174928,0.1920971568,0.7974853504,1.0000000000,1.0000000000,0
1,7048909.8054499635,274996.2492647272,382.0000000000,0.9900366721,0.9894500000,0.0000103201,0.0000000000,0.0000000000,0,0.0000000000,0.0000000000,0.0000000000,0.0000000000,1.0000000000,0.0000000000,0.0008651770,0.9451405245,0.0539942985,0.9999999957,0.9999999927,0
0,7048652.7342166742,275000.0000000000,384.0000000000,0.9899968551,0.9896600000,0.0001521440,0.0000000000,0.0000000000,0,0.0000000000,0.0000000000,0.0000000000,0.0000000000,0.0000000000,1.0000000000,0.0101047126,0.1847217239,0.8051735635,1.0000000000,1.0000000000,0
1,7048917.7887120899,274998.6768241064,384.0000000000,0.9899202355,0.9900700000,0.0000109206,0.0000000000,0.0000000000,0,1.0000000000,0.0000000000,0.0000000000,0.0000000000,1.0000000000,0.0000000000,0.0064024098,0.9417186690,0.0518789212,1.0000000000,1.0000000000,0
0,7048672.0688031046,275000.0000000000,386.0000000000,0.9911291610,0.9896500000,0.0001483230,0.0000000000,0.0000000000,0,0.0000000000,0.0000000000,0.0000000000,0.0000000000,0.0000000000,1.0000000000,0.0104961066,0.1880377721,0.8014661214,0.9999999766,0.9999999766,0
1,7048929.8864909606,274999.1915566112,386.0000000000,0.9901365859,0.9901600000,0.0000103765,0.0000000000,0.0000000000,0,1.0000000000,0.0000000000,0.0000000000,0.0000000000,1.0000000000,0.0000000000,0.0069124230,0.9400629841,0.0530245929,1.0000000000,1.0000000000,0
0,7048691.4033895349,275000.0000000000,388.0000000000,0.9897689891,0.9900600000,0.0001693836,0.0000000000,0.0000000000,0,0.0000000000,0.0000000000,0.0000000000,0.0000000000,0.0000000000,1.0000000000,0.0088640955,0.1901267787,0.8010091258,1.0000000000,1.0000000000,0
1,7048938.1210393365,274995.9773912419,388.0000000000,0.9901339914,0.9899000000,0.0000105853,0.0000000000,0.0000000000,0,0.0000000000,0.0000000000,0.0000000000,0.0000000000,1.0000000000,0.0000000000,0.0007497377,0.9460085126,0.0532417496,1.0000000000,0.9999999969,0
0,7048710.7379759653,275000.0000000000,390.0000000000,0.9896040185,0.9896000000,0.0001640644,0.0000000000,0.0000000000,0,0.0000000000,0.0000000000,0.0000000000,0.0000000000,0.0000000000,1.0000000000,0.0072536817,0.1779122617,0.8148340565,1.0000000000,1.0000000000,0
1,7048948.5427812915,274998.4026066122,390.0000000000,0.9898091653,0.9898900000,0.0000101323,0.0000000000,0.0000000000,0,0.0000000000,0.0000000000,0.0000000000,0.0000000000,1.0000000000,0.0000000000,0.0005917823,0.9461033205,0.0533048972,1.0000000000,1.0000000000,0
0,7048730.0725623956,275000.0000000000,392.0000000000,0.9896989552,0.9903600000,0.0001596285,0.0000000000,0.0000000000,0,0.0000000000,0.0000000000,0.0000000000,0.0000000000,0.0000000000,1.0000000000,0.0101047073,0.1981987650,0.7916965277,0.9999999764,0.9999999764,0
1,7048960.0642053625,274998.9622845906,392.0000000000,0.9900614122,0.9901800000,0.0000110166,0.0000000000,0.0000000000,0,1.0000000000,0.0000000000,0.0000000000,0.0000000000,1.0000000000,0.0000000000,0.0074059110,0.9398182759,0.0527758131,1.0000000000,1.0000000000,0
0,7048749.4071488259,275000.0000000000,394.0000000000,0.9898141227,0.9900900000,0.0001528396,0.0000000000,0.0000000000,0,0.0000000000,0.0000000000,0.0000000000,0.0000000000,0.0000000000,1.0000000000,0.0094782088,0.1904500147,0.8000717765,1.0000000000,1.0000000000,0
1,7048971.1669750558,275001.0229799736,394.0000000000,0.9899228546,0.9899700000,0.0000100460,0.0000000000,0.0000000000,0,1.0000000000,0.0000000000,0.0000000000,0.0000000000,1.0000000000,0.0000000000,0.0062024391,0.9410435857,0.0527539751,0.9999999970,0.9999999940,0
0,7048768.7417352563,275000.0000000000,396.0000000000,0.9907998706,0.9890000000,0.0001547062,0.0000000000,0.0000000000,0,0.0000000000,0.0000000000,0.0000000000,0.0000000000,0.0000000000,1.0000000000,0.0118023385,0.1903633965,0.7978342650,0.9999999770,0.9999999770,0
1,7048981.1391026452,275001.9292189889,396.0000000000,0.9907852577,0.9901300000,0.0000101904,0.0000000000,0.0000000000,0,1.0000000000,0.0000000000,0.0000000000,0.0000000000,1.0000000000,0.0000000000,0.0067637080,0.9403511585,0.0528851335,1.0000000000,0.9999999954,0
0,7048788.0763216866,275000.0000000000,398.0000000000,0.9905142969,0.9903900000,0.0001657740,0.0000000000,0.0000000000,0,0.0000000000,0.0000000000,0.0000000000,0.0000000000,0.0000000000,1.0000000000,0.0119076002,0.1889419052,0.7991504946,1.0000000000,1.0000000000,0
1,7048994.4838179331,274997.8023542562,398.0000000000,0.9900349145,0.9899700000,0.0000107715,0.0000000000,0.0000000000,0,0.0000000000,0.0000000000,0.0000000000,0.0000000000,1.0000000000,0.0000000000,0.0005518719,0.9484963847,0.0509517433,0.9999999985,0.9999999985,0
0,7048807.4109081170,275000.0000000000,400.0000000000,0.9894642656,0.9903200000,0.0001565756,0.0000000000,0.0000000000,0,0.0000000000,0.0000000000,0.0000000000,0.0000000000,0.0000000000,1.0000000000,0.0112466555,0.1842007378,0.8045526067,1.0000000000,1.0000000000,0
1,7049001.7231518254,274998.7739731095,400.0000000000,0.9902174540,0.9900300000,0.0000101802,0.0000000000,0.0000000000,0,0.0000000000,0.0000000000,0.0000000000,0.0000000000,1.0000000000,0.0000000000,0.0007095575,0.9468918717,0.0523985708,1.0000000000,0.9999999954,0
0,7048826.7454945473,275000.0000000000,402.0000000000,0.9898584514,0.9900200000,0.0001657799,0.0000000000,0.0000000000,0,0.0000000000,0.0000000000,0.0000000000,0.0000000000,0.0000000000,1.0000000000,0.0088296801,0.1809200484,0.8102502715,1.0000000000,1.0000000000,0
1,7049012.1251495369,274999.4285131929,402.0000000000,0.9899937107,0.9896700000,0.0000116346,0.0000000000,0.0000000000,0,0.0000000000,0.0000000000,0.0000000000,0.0000000000,1.0000000000,0.0000000000,0.0007298183,0.9459213503,0.0533488314,0.9999999955,0.9999999940,0
0,7048846.0800809776,275000.0000000000,404.0000000000,0.9920265768,0.9904400000,0.0001418951,0.0000000000,0.0000000000,0,0.0000000000,0.0000000000,0.0000000000,0.0000000000,0.0000000000,1.0000000000,0.0119015001,0.1864814869,0.8016170130,1.0000000000,0.9999999866,0
1,7049020.7730728677,275000.3743224947,404.0000000000,0.9904845570,0.9900000000,0.0000095041,0.0000000000,0.0000000000,0,1.0000000000,0.0000000000,0.0000000000,0.0000000000,1.0000000000,0.0000000000,0.0068339124,0.9427872827,0.0503788049,1.0000000000,0.9999999940,0
0,7048865.4146674080,275000.0000000000,406.0000000000,0.9894553214,0.9895400000,0.0001632752,0.0000000000,0.0000000000,0,0.0000000000,0.0000000000,0.0000000000,0.0000000000,0.0000000000,1.0000000000,0.0100615510,0.1887419162,0.8011965328,1.0000000000,0.9999999878,0
1,7049030.1323116897,275001.6940263103,406.0000000000,0.9897122119,0.9897900000,0.0000108066,0.0000000000,0.0000000000,0,1.0000000000,0.0000000000,0.0000000000,0.0000000000,1.0000000000,0.0000000000,0.0063653008,0.9408673919,0.0527673072,0.9999999985,0.9999999955,0
0,7048884.7492538383,275000.0000000000,408.0000000000,0.9898083526,0.9900600000,0.0001609523,0.0000000000,0.0000000000,0,0.0000000000,0.0000000000,0.0000000000,0.0000000000,0.0000000000,1.0000000000,0.0074960631,0.1466680948,0.8458358421,1.0000000000,1.0000000000,0
1,7049039.3017905587,274999.5938155045,408.0000000000,0.9901025611,0.9900700000,0.0000104443,0.0000000000,0.0000000000,0,0.0000000000,0.0000000000,0.0000000000,0.0000000000,1.0000000000,0.0000000000,0.0005732856,0.9458336779,0.0535930365,1.0000000000,0.9999999940,0
0,7048904.0838402687,275000.0000000000,410.0000000000,0.9907797236,0.9896800000,0.0001607869,0.0000000000,0.0000000000,0,0.0000000000,0.0000000000,0.0000000000,0.0000000000,0.0000000000,1.0000000000,0.0095276416,0.1592405231,0.8312318352,0.9999999519,0.9999999381,0
1,7049050.7770485925,274999.4423904404,410.0000000000,0.9897289970,0.9901500000,0.0000107495,0.0000000000,0.0000000000,0,0.0000000000,0.0000000000,0.0000000000,0.0000000000,1.0000000000,0.0000000000,0.0003756324,0.9463933840,0.0532309837,0.9999999971,0.9999999911,0
0,7048923.4184266990,275000.0000000000,412.0000000000,0.9899360811,0.9898000000,0.0001630969,0.0000000000,0.0000000000,0,0.0000000000,0.0000000000,0.0000000000,0.0000000000,0.0000000000,1.0000000000,0.0093122307,0.1606109082,0.8300768611,1.0000000000,1.0000000000,0
1,7049064.0209386786,274999.1993976120,412.0000000000,0.9899322071,0.9904000000,0.0000110007,0.0000000000,0.0000000000,0,0.0000000000,0.0000000000,0.0000000000,0.0000000000,1.0000000000,0.0000000000,0.0003368111,0.9459989101,0.0536642788,0.9999999985,0.9999999955,0
0,7048942.7530131293,275000.0000000000,414.0000000000,0.9898567505,0.9902700000,0.0001579008,0.0000000000,0.0000000000,0,0.0000000000,0.0000000000,0.0000000000,0.0000000000,0.0000000000,1.0000000000,0.0087747443,0.1485990786,0.8426261771,1.0000000000,1.0000000000,0
1,7049075.1612566840,275000.0018226400,414.0000000000,0.9903351076,0.9900900000,0.0000113816,0.0000000000,0.0000000000,0,0.0000000000,0.0000000000,0.0000000000,0.0000000000,1.0000000000,0.0000000000,0.0003965384,0.9471297619,0.0524736997,1.0000000000,1.0000000000,0
0,7048962.0875995597,275000.0000000000,416.0000000000,0.9897880304,0.9902400000,0.0001590080,0.0000000000,0.0000000000,0,0.0000000000,0.0000000000,0.0000000000,0.0000000000,0.0000000000,1.0000000000,0.0077344473,0.1538919403,0.8383736124,0.9999999916,0.9999999916,0
1,7049084.6713252729,275001.7863298217,416.0000000000,0.9898677878,0.9901400000,0.0000110509,0.0000000000,0.0000000000,0,1.0000000000,0.0000000000,0.0000000000,0.0000000000,1.0000000000,0.0000000000,0.0073668648,0.9395940630,0.0530390723,1.0000000000,0.9999999954,0
0,7048981.4221859900,275000.0000000000,418.0000000000,0.9893945198,0.9902300000,0.0001592487,0.0000000000,0.0000000000,0,0.0000000000,0.0000000000,0.0000000000,0.0000000000,0.0000000000,1.0000000000,0.0081369792,0.1553083568,0.8365546640,1.0000000000,1.0000000000,0
1,7049095.4514503535,275001.8644394164,418.0000000000,0.9903654138,0.9891500000,0.0000104128,0.0000000000,0.0000000000,0,1.0000000000,0.0000000000,0.0000000000,0.0000000000,1.0000000000,0.0000000000,0.0067868004,0.9404440627,0.0527691368,0.9999999985,0.9999999941,0
0,7049000.7567724204,275000.0000000000,420.0000000000,0.9903569261,0.9902700000,0.0001593652,0.0000000000,0.0000000000,0,0.0000000000,0.0000000000,0.0000000000,0.0000000000,0.0000000000,1.0000000000,0.0082809934,0.1513036520,0.8404153546,1.0000000000,1.0000000000,0
1,7049104.0450778119,275000.6850338599,420.0000000000,0.9897074417,0.9902400000,0.0000097051,0.0000000000,0.0000000000,0,0.0000000000,0.0000000000,0.0000000000,0.0000000000,1.0000000000,0.0000000000,0.0005136956,0.9475467920,0.0519395124,1.0000000000,1.0000000000,0
0,7049020.0913588507,275000.0000000000,422.0000000000,0.9900194546,0.9904200000,0.0001609466,0.0000000000,0.0000000000,0,0.0000000000,0.0000000000,0.0000000000,0.0000000000,0.0000000000,1.0000000000,0.0078397680,0.1588299801,0.8333302519,0.9999999755,0.9999999755,0
1,7049112.5832503708,275000.7834123701,422.0000000000,0.9901684137,0.9901400000,0.0000104482,0.0000000000,0.0000000000,0,0.0000000000,0.0000000000,0.0000000000,0.0000000000,1.0000000000,0.0000000000,0.0004550163,0.9480020783,0.0515429054,1.0000000000,1.0000000000,0
0,7049039.4259452811,275000.0000000000,424.0000000000,0.9904653135,0.9889100000,0.0001629858,0.0000000000,0.0000000000,0,0.0000000000,0.0000000000,0.0000000000,0.0000000000,0.0000000000,1.0000000000,0.0075011923,0.1483179849,0.8441808228,1.0000000000,0.9999999871,0
1,7049120.0263236733,274997.8848156404,424.0000000000,0.9903821096,0.9893800000,0.0000107359,0.0000000000,0.0000000000,0,0.0000000000,0.0000000000,0.0000000000,0.0000000000,1.0000000000,0.0000000000,0.0005338477,0.9463169520,0.0531492003,1.0000000000,0.9999999971,0
0,7049058.7605317114,275000.0000000000,426.0000000000,0.9899070549,0.9900700000,0.0001682583,0.0000000000,0.0000000000,0,0.0000000000,0.0000000000,0.0000000000,0.0000000000,0.0000000000,1.0000000000,0.0071810366,0.1466710697,0.8461478937,1.0000000000,1.0000000000,0
1,7049130.5904295715,274998.4119888620,426.0000000000,0.9904455444,0.9901200000,0.0000101795,0.0000000000,0.0000000000,0,0.0000000000,0.0000000000,0.0000000000,0.0000000000,1.0000000000,0.0000000000,0.0006532140,0.9469182261,0.0524285599,0.9999999971,0.9999999956,0
0,7049078.0951181417,275000.0000000000,428.0000000000,0.9901279675,0.9897300000,0.0001661420,0.0000000000,0.0000000000,0,0.0000000000,0.0000000000,0.0000000000,0.0000000000,0.0000000000,1.0000000000,0.0091635080,0.1526937618,0.8381427302,0.9999999756,0.9999999756,0
1,7049139.4563983632,274999.5640917480,428.0000000000,0.9898387709,0.9897800000,0.0000105823,0.0000000000,0.0000000000,0,0.0000000000,0.0000000000,0.0000000000,0.0000000000,1.0000000000,0.0000000000,0.0000202316,0.9475750222,0.0524047461,1.0000000000,1.0000000000,0
0,7049097.4297045721,275000.0000000000,430.0000000000,0.9883548200,0.9891400000,0.0001716042,0.0000000000,0.0000000000,0,0.0000000000,0.0000000000,0.0000000000,0.0000000000,0.0000000000,1.0000000000,0.0089421793,0.1476130328,0.8434447879,1.0000000000,1.0000000000,0
1,7049154.4199668597,274998.0608959006,430.0000000000,0.9901888788,0.9900900000,0.0000101373,0.0000000000,0.0000000000,0,0.0000000000,0.0000000000,0.0000000000,0.0000000000,1.0000000000,0.0000000000,0.0004743488,0.9468335162,0.0526921350,0.9999999971,0.9999999971,0
0,7049116.7642910024,275000.0000000000,432.0000000000,0.9908125610,0.9897400000,0.0001642730,0.0000000000,0.0000000000,0,0.0000000000,0.0000000000,0.0000000000,0.0000000000,0.0000000000,1.0000000000,0.0089299273,0.1441986472,0.8468714255,0.9999999751,0.9999999621,0
1,7049164.3424456706,274997.8134501495,432.0000000000,0.9899616119,0.9898700000,0.0000108639,0.0000000000,0.0000000000,0,0.0000000000,0.0000000000,0.0000000000,0.0000000000,1.0000000000,0.0000000000,0.0004353246,0.9473966843,0.0521679912,0.9999999985,0.9999999954,0
0,7049136.0988774328,275000.0000000000,434.0000000000,0.9911723486,0.9904100000,0.0001635976,0.0000000000,0.0000000000,0,0.0000000000,0.0000000000,0.0000000000,0.0000000000,0.0000000000,1.0000000000,0.0081625063,0.1458339131,0.8460035806,0.9999999870,0.9999999870,0
1,7049174.7227336690,274997.4955929177,434.0000000000,0.9899503504,0.9907300000,0.0000103694,0.0000000000,0.0000000000,0,0.0000000000,0.0000000000,0.0000000000,0.0000000000,1.0000000000,0.0000000000,0.0003563594,0.9472143320,0.0524293086,1.0000000000,0.9999999970,0
0,7049155.4334638631,275000.0000000000,436.0000000000,0.9878743792,0.9902800000,0.0001749358,0.0000000000,0.0000000000,0,0.0000000000,0.0000000000,0.0000000000,0.0000000000,0.0000000000,1.0000000000,0.0087008345,0.1520777665,0.8392213990,0.9999999752,0.9999999752,0
1,7049183.3603861928,274996.5448097178,436.0000000000,0.9896833484,0.9900000000,0.0000104279,0.0000000000,0.0000000000,0,0.0000000000,0.0000000000,0.0000000000,0.0000000000,1.0000000000,0.0000000000,0.0007699382,0.9470656717,0.0521643901,1.0000000000,0.9999999985,0
0,7049174.7680502934,275000.0000000000,438.0000000000,0.9905205018,0.9906600000,0.0001625526,0.0000000000,0.0000000000,0,0.0000000000,0.0000000000,0.0000000000,0.0000000000,0.0000000000,1.0000000000,0.0085666623,0.1485583492,0.8428749885,0.9999999755,0.9999999755,0
1,7049195.1552511565,274996.5315101653,438.0000000000,0.9901970746,0.9902300000,0.0000109877,0.0000000000,0.0000000000,0,0.0000000000,0.0000000000,0.0000000000,0.0000000000,1.0000000000,0.0000000000,0.0005533541,0.9452625582,0.0541840878,1.0000000000,0.9999999985,0
0,7049194.1026367238,275000.0000000000,440.0000000000,0.9911753537,0.9902100000,0.0001776248,0.0000000000,0.0000000000,0,0.0000000000,0.0000000000,0.0000000000,0.0000000000,0.0000000000,1.0000000000,0.0082562639,0.1493577373,0.8423859988,1.0000000000,1.0000000000,0
1,7049203.7913667690,274998.2359254985,440.0000000000,0.9901230884,0.9899100000,0.0000098215,0.0000000000,0.0000000000,0,0.0000000000,0.0000000000,0.0000000000,0.0000000000,1.0000000000,0.0000000000,0.0005537096,0.9464924020,0.0529538884,1.0000000000,0.9999999954,0
0,7049213.4372231541,275000.0000000000,442.0000000000,0.9894295750,0.9896300000,0.0001664262,0.0000000000,0.0000000000,0,0.0000000000,0.0000000000,0.0000000000,0.0000000000,0.0000000000,1.0000000000,0.0102647079,0.1500574493,0.8396778428,0.9999999756,0.9999999756,0
1,7049212.3892740039,274997.6492649358,442.0000000000,0.9898408150,0.9900400000,0.0000109937,0.0000000000,0.0000000000,0,0.0000000000,0.0000000000,0.0000000000,0.0000000000,1.0000000000,0.0000000000,0.0004751353,0.9474946191,0.0520302456,1.0000000000,1.0000000000,0
0,7049232.7718095845,275000.0000000000,444.0000000000,0.9898571954,0.9898200000,0.0001694786,0.0000000000,0.0000000000,0,0.0000000000,0.0000000000,0.0000000000,0.0000000000,0.0000000000,1.0000000000,0.0066314915,0.1555808391,0.8377876694,0.9999999758,0.9999999758,0
1,7049220.3049554313,274997.0737000571,444.0000000000,0.9902603267,0.9900500000,0.0000100933,0.0000000000,0.0000000000,0,0.0000000000,0.0000000000,0.0000000000,0.0000000000,1.0000000000,0.0000000000,0.0005884181,0.9465800335,0.0528315484,0.9999999985,0.9999999970,0
0,7049252.1063960148,275000.0000000000,446.0000000000,0.9895386734,0.9897800000,0.0001934298,0.0000000000,0.0000000000,0,0.0000000000,0.0000000000,0.0000000000,0.0000000000,0.0000000000,1.0000000000,0.0038736641,0.0617656536,0.9343606823,1.0000000000,1.0000000000,0
1,7049229.4159609107,274998.2626088597,446.0000000000,0.9899383147,0.9897500000,0.0000096460,0.0000000000,0.0000000000,0,1.0000000000,0.0000000000,0.0000000000,0.0000000000,1.0000000000,0.0000000000,0.0063434838,0.9401636697,0.0534928465,0.9999999985,0.9999999939,0
0,7049271.4409824451,275000.0000000000,448.0000000000,0.9900010911,0.9900300000,0.0001702094,0.0000000000,0.0000000000,0,0.0000000000,0.0000000000,0.0000000000,0.0000000000,0.0000000000,1.0000000000,0.0095700024,0.1551227736,0.8353072240,0.9999999509,0.9999999509,0
1,7049237.8825779157,274994.9799214393,448.0000000000,0.9902411314,0.9891000000,0.0000101042,0.0000000000,0.0000000000,0,0.0000000000,0.0000000000,0.0000000000,0.0000000000,1.0000000000,0.0000000000,0.0004421938,0.9464506729,0.0531071333,0.9999999985,0.9999999970,0
0,7049290.7755688755,275000.0000000000,450.0000000000,0.9898528177,0.9899200000,0.0001768604,0.0000000000,0.0000000000,0,0.0000000000,0.0000000000,0.0000000000,0.0000000000,0.0000000000,1.0000000000,0.0089275921,0.1489981351,0.8420742728,1.0000000000,0.9999999667,0
1,7049249.1104150554,274998.3894044465,450.0000000000,0.9902711662,0.9897000000,0.0000099259,0.0000000000,0.0000000000,0,1.0000000000,0.0000000000,0.0000000000,0.0000000000,1.0000000000,0.0000000000,0.0063777753,0.9425969649,0.0510252597,1.0000000000,1.0000000000,0
0,7049310.1101553058,275000.0000000000,452.0000000000,0.9897759649,0.9900200000,0.0001723373,0.0000000000,0.0000000000,0,0.0000000000,0.0000000000,0.0000000000,0.0000000000,0.0000000000,1.0000000000,0.0026300066,0.0663343057,0.9310356877,1.0000000000,1.0000000000,0
1,7049260.3796039987,274997.3451143194,452.0000000000,0.9894676338,0.9903900000,0.0000108520,0.0000000000,0.0000000000,0,1.0000000000,0.0000000000,0.0000000000,0.0000000000,1.0000000000,0.0000000000,0.0070821331,0.9402622590,0.0526556080,1.0000000000,0.9999999985,0
0,7049329.4447417362,275000.0000000000,454.0000000000,0.9913548077,0.9896500000,0.0001581737,0.0000000000,0.0000000000,0,0.0000000000,0.0000000000,0.0000000000,0.0000000000,0.0000000000,1.0000000000,0.0086743348,0.1504038880,0.8409217771,0.9999999851,0.9999999689,0
1,7049273.0883710729,274999.6669336318,454.0000000000,0.9899992167,0.9907200000,0.0000106245,0.0000000000,0.0000000000,0,1.0000000000,0.0000000000,0.0000000000,0.0000000000,1.0000000000,0.0000000000,0.0063725682,0.9413996579,0.0522277739,1.0000000000,1.0000000000,0
0,7049348.7793281665,275000.0000000000,456.0000000000,0.9914576488,0.9897700000,0.0001710736,0.0000000000,0.0000000000,0,0.0000000000,0.0000000000,0.0000000000,0.0000000000,0.0000000000,1.0000000000,0.0067970227,0.1474442055,0.8457587718,0.9999999759,0.9999999759,0
1,7049280.7766105365,274996.6740056467,456.0000000000,0.9900584033,0.9897800000,0.0000102196,0.0000000000,0.0000000000,0,0.0000000000,0.0000000000,0.0000000000,0.0000000000,1.0000000000,0.0000000000,0.0005070350,0.9469489122,0.0525440527,1.0000000000,0.9999999985,0
0,7049368.1139145968,275000.0000000000,458.0000000000,0.9893520592,0.9897900000,0.0001823171,0.0000000000,0.0000000000,0,0.0000000000,0.0000000000,0.0000000000,0.0000000000,0.0000000000,1.0000000000,0.0049498192,0.1276921147,0.8673580661,1.0000000000,1.0000000000,0
1,7049291.3689451553,274998.0267964976,458.0000000000,0.9899911542,0.9901800000,0.0000098755,0.0000000000,0.0000000000,0,1.0000000000,0.0000000000,0.0000000000,0.0000000000,1.0000000000,0.0000000000,0.0069567074,0.9406322563,0.0524110363,1.0000000000,0.9999999955,0
0,7049387.4485010272,275000.0000000000,460.0000000000,0.9892119021,0.9902200000,0.0001790854,0.0000000000,0.0000000000,0,0.0000000000,0.0000000000,0.0000000000,0.0000000000,0.0000000000,1.0000000000,0.0086077698,0.1526475871,0.8387446431,0.9999999755,0.9999999755,0
1,7049301.5951780332,274997.9506162358,460.0000000000,0.9901184543,0.9895900000,0.0000105873,0.0000000000,0.0000000000,0,0.0000000000,0.0000000000,0.0000000000,0.0000000000,1.0000000000,0.0000000000,0.0006230814,0.9478488093,0.0515281094,1.0000000000,0.9999999984,0
0,7049406.7830874575,275000.0000000000,462.0000000000,0.9900906277,0.9900500000,0.0001557865,0.0000000000,0.0000000000,0,0.0000000000,0.0000000000,0.0000000000,0.0000000000,0.0000000000,1.0000000000,0.0090638050,0.1573378847,0.8335983103,0.9999999751,0.9999999751,0
1,7049311.1005881466,274999.5025531971,462.0000000000,0.9899289977,0.9893900000,0.0000102645,0.0000000000,0.0000000000,0,0.0000000000,0.0000000000,0.0000000000,0.0000000000,1.0000000000,0.0000000000,0.0004735315,0.9476554778,0.0518709906,0.9999999985,0.9999999970,0
0,7049426.1176738879,275000.0000000000,464.0000000000,0.9897614809,0.9901100000,0.0001661111,0.0000000000,0.0000000000,0,0.0000000000,0.0000000000,0.0000000000,0.0000000000,0.0000000000,1.0000000000,0.0086435845,0.1450336955,0.8463227200,0.9999999753,0.9999999753,0
1,7049320.7074250905,274999.1211261865,464.0000000000,0.9905579456,0.9903600000,0.0000100849,0.0000000000,0.0000000000,0,0.0000000000,0.0000000000,0.0000000000,0.0000000000,1.0000000000,0.0000000000,0.0005079123,0.9471541131,0.0523379745,1.0000000000,0.9999999985,0
0,7049445.4522603182,275000.0000000000,466.0000000000,0.9903682828,0.9903900000,0.0001630063,0.0000000000,0.0000000000,0,0.0000000000,0.0000000000,0.0000000000,0.0000000000,0.0000000000,1.0000000000,0.0084922845,0.1479988630,0.8435088525,1.0000000000,0.9999999892,0
1,7049330.4704621248,274997.9529134451,466.0000000000,0.9897841327,0.9894500000,0.0000106329,0.0000000000,0.0000000000,0,0.0000000000,0.0000000000,0.0000000000,0.0000000000,1.0000000000,0.0000000000,0.0005390020,0.9470063425,0.0524546555,0.9999999970,0.9999999970,0
0,7049464.7868467486,275000.0000000000,468.0000000000,0.9913274975,0.9900600000,0.0001758313,0.0000000000,0.0000000000,0,0.0000000000,0.0000000000,0.0000000000,0.0000000000,0.0000000000,1.0000000000,0.0081882181,0.1500026563,0.8418091256,1.0000000000,1.0000000000,0
1,7049338.4709444437,274996.8990620553,468.0000000000,0.9898509907,0.9900800000,0.0000096764,0.0000000000,0.0000000000,0,0.0000000000,0.0000000000,0.0000000000,0.0000000000,1.0000000000,0.0000000000,0.0004421825,0.9460583585,0.0534994590,1.0000000000,0.9999999985,0
0,7049484.1214331789,275000.0000000000,470.0000000000,0.9890520608,0.9897400000,0.0001700580,0.0000000000,0.0000000000,0,0.0000000000,0.0000000000,0.0000000000,0.0000000000,0.0000000000,1.0000000000,0.0081126458,0.1517066320,0.8401807222,0.9999999511,0.9999999511,0
1,7049349.7030185275,275001.0698864259,470.0000000000,0.9898910295,0.9906500000,0.0000096312,0.0000000000,0.0000000000,0,1.0000000000,0.0000000000,0.0000000000,0.0000000000,1.0000000000,0.0000000000,0.0068244733,0.9409390393,0.0522364873,0.9999999970,0.9999999956,0
0,7049503.4560196092,275000.0000000000,472.0000000000,0.9902251782,0.9902100000,0.0001663993,0.0000000000,0.0000000000,0,0.0000000000,0.0000000000,0.0000000000,0.0000000000,0.0000000000,1.0000000000,0.0085432266,0.1422898634,0.8491669099,0.9999999752,0.9999999752,0
1,7049361.5062480029,274999.7673709893,472.0000000000,0.9902246536,0.9897200000,0.0000108310,0.0000000000,0.0000000000,0,1.0000000000,0.0000000000,0.0000000000,0.0000000000,1.0000000000,0.0000000000,0.0070952436,0.9415182467,0.0513865097,1.0000000000,1.0000000000,0
0,7049522.7906060396,275000.0000000000,474.0000000000,0.9906881287,0.9901400000,0.0001747017,0.0000000000,0.0000000000,0,0.0000000000,0.0000000000,0.0000000000,0.0000000000,0.0000000000,1.0000000000,0.0073504605,0.1485405056,0.8441090339,1.0000000000,1.0000000000,0
1,7049370.9456600798,274999.7262481151,474.0000000000,0.9897036643,0.9901700000,0.0000110177,0.0000000000,0.0000000000,0,1.0000000000,0.0000000000,0.0000000000,0.0000000000,1.0000000000,0.0000000000,0.0072798127,0.9405362150,0.0521839724,1.0000000000,1.0000000000,0
0,7049542.1251924699,275000.0000000000,476.0000000000,0.9904548114,0.9896900000,0.0001669932,0.0000000000,0.0000000000,0,0.0000000000,0.0000000000,0.0000000000,0.0000000000,0.0000000000,1.0000000000,0.0065397277,0.1474929163,0.8459673560,1.0000000000,1.0000000000,0
1,7049381.4327597925,275002.7336451857,476.0000000000,0.9893811426,0.9905600000,0.0000109298,0.0000000000,0.0000000000,0,1.0000000000,0.0000000000,0.0000000000,0.0000000000,1.0000000000,0.0000000000,0.0069833084,0.9414261502,0.0515905413,0.9999999970,0.9999999910,0
0,7049561.4597789003,275000.0000000000,478.0000000000,0.9894598323,0.9898600000,0.0001680411,0.0000000000,0.0000000000,0,0.0000000000,0.0000000000,0.0000000000,0.0000000000,0.0000000000,1.0000000000,0.0068381127,0.1476495328,0.8455123545,1.0000000000,1.0000000000,0
1,7049390.8706562854,275000.6689883898,478.0000000000,0.9895136264,0.9897800000,0.0000108974,0.0000000000,0.0000000000,0,0.0000000000,0.0000000000,0.0000000000,0.0000000000,1.0000000000,0.0000000000,0.0006071161,0.9473787810,0.0520141028,0.9999999985,0.9999999940,0
0,7049580.7943653306,275000.0000000000,480.0000000000,0.9901510038,0.9905100000,0.0001615376,0.0000000000,0.0000000000,0,0.0000000000,0.0000000000,0.0000000000,0.0000000000,0.0000000000,1.0000000000,0.0072338414,0.1609780247,0.8317881339,1.0000000000,1.0000000000,0
1,7049401.8332318878,275002.4788933291,480.0000000000,0.9903940229,0.9897500000,0.0000103973,0.0000000000,0.0000000000,0,1.0000000000,0.0000000000,0.0000000000,0.0000000000,1.0000000000,0.0000000000,0.0068294126,0.9406563033,0.0525142840,0.9999999985,0.9999999970,0
0,7049600.1289517609,275000.0000000000,482.0000000000,0.9910636521,0.9898800000,0.0001752766,0.0000000000,0.0000000000,0,0.0000000000,0.0000000000,0.0000000000,0.0000000000,0.0000000000,1.0000000000,0.0070800482,0.1496028549,0.8433170968,0.9999999754,0.9999999754,0
1,7049411.2430807315,275004.1493951292,482.0000000000,0.9904437094,0.9897800000,0.0000105555,0.0000000000,0.0000000000,0,1.0000000000,0.0000000000,0.0000000000,0.0000000000,1.0000000000,0.0000000000,0.0066385927,0.9404389515,0.0529224558,1.0000000000,1.0000000000,0
0,7049619.4635381913,275000.0000000000,484.0000000000,0.9902240056,0.9898200000,0.0001714944,0.0000000000,0.0000000000,0,0.0000000000,0.0000000000,0.0000000000,0.0000000000,0.0000000000,1.0000000000,0.0108224966,0.1479325933,0.8412449101,1.0000000000,0.9999999845,0
1,7049423.9642308466,275005.2746459566,484.0000000000,0.9902264388,0.9901100000,0.0000108903,0.0000000000,0.0000000000,0,1.0000000000,0.0000000000,0.0000000000,0.0000000000,1.0000000000,0.0000000000,0.0066189623,0.9422188375,0.0511622002,1.0000000000,0.9999999909,0
0,7049638.7981246216,275000.0000000000,486.0000000000,0.9894652273,0.9904900000,0.0001623760,0.0000000000,0.0000000000,0,0.0000000000,0.0000000000,0.0000000000,0.0000000000,0.0000000000,1.0000000000,0.0076156164,0.1613435541,0.8310408295,1.0000000000,1.0000000000,0
1,7049434.0465617729,275002.3832309297,486.0000000000,0.9901647518,0.9903900000,0.0000110125,0.0000000000,0.0000000000,0,0.0000000000,0.0000000000,0.0000000000,0.0000000000,1.0000000000,0.0000000000,0.0007521028,0.9472824851,0.0519654121,1.0000000000,1.0000000000,0
0,7049658.1327110520,275000.0000000000,488.0000000000,0.9880764580,0.9904100000,0.0001640025,0.0000000000,0.0000000000,0,0.0000000000,0.0000000000,0.0000000000,0.0000000000,0.0000000000,1.0000000000,0.0080359523,0.1504119500,0.8415520977,0.9999999839,0.9999999839,0
1,7049446.3547083819,275000.4283478612,488.0000000000,0.9900527909,0.9898700000,0.0000100300,0.0000000000,0.0000000000,0,0.0000000000,0.0000000000,0.0000000000,0.0000000000,1.0000000000,0.0000000000,0.0006549798,0.9475902748,0.0517547454,1.0000000000,1.0000000000,0
0,7049677.4672974823,275000.0000000000,490.0000000000,0.9879417584,0.9898500000,0.0001700054,0.0000000000,0.0000000000,0,0.0000000000,0.0000000000,0.0000000000,0.0000000000,0.0000000000,1.0000000000,0.0075351739,0.1558099585,0.8366548677,0.9999999759,0.9999999426,0
1,7049451.2000482362,275006.2643921555,490.0000000000,0.9904336228,0.9894700000,0.0000108993,0.0000000000,0.0000000000,0,0.0000000000,0.0000000000,0.0000000000,0.0000000000,1.0000000000,0.0000000000,0.0003938573,0.9472238650,0.0523822777,1.0000000000,1.0000000000,0
0,7049696.8018839126,275000.0000000000,492.0000000000,0.9916772021,0.9903700000,0.0001611174,0.0000000000,0.0000000000,0,0.0000000000,0.0000000000,0.0000000000,0.0000000000,0.0000000000,1.0000000000,0.0066999939,0.1530939834,0.8402060227,1.0000000000,1.0000000000,0
1,7049460.1881182631,275003.8671140747,492.0000000000,0.9898325092,0.9905500000,0.0000103459,0.0000000000,0.0000000000,0,0.0000000000,0.0000000000,0.0000000000,0.0000000000,1.0000000000,0.0000000000,0.0004249101,0.9471356966,0.0524393932,1.0000000000,1.0000000000,0
0,7049716.1364703430,275000.0000000000,494.0000000000,0.9897006881,0.9902800000,0.0001661864,0.0000000000,0.0000000000,0,0.0000000000,0.0000000000,0.0000000000,0.0000000000,0.0000000000,1.0000000000,0.0096299444,0.1547005035,0.8356695521,1.0000000000,1.0000000000,0
1,7049468.9321143078,275001.7630823295,494.0000000000,0.9903087824,0.9898900000,0.0000105819,0.0000000000,0.0000000000,0,0.0000000000,0.0000000000,0.0000000000,0.0000000000,1.0000000000,0.0000000000,0.0006393126,0.9469463004,0.0524143870,1.0000000000,1.0000000000,0
0,7049735.4710567733,275000.0000000000,496.0000000000,0.9896127617,0.9903600000,0.0001765171,0.0000000000,0.0000000000,0,0.0000000000,0.0000000000,0.0000000000,0.0000000000,0.0000000000,1.0000000000,0.0074912795,0.1508239219,0.8416847985,0.9999999839,0.9999999839,0
1,7049476.2663228204,275002.4811115131,496.0000000000,0.9904119502,0.9899600000,0.0000099662,0.0000000000,0.0000000000,0,0.0000000000,0.0000000000,0.0000000000,0.0000000000,1.0000000000,0.0000000000,0.0004256257,0.9461661091,0.0534082652,1.0000000000,1.0000000000,0
0,7049754.8056432037,275000.0000000000,498.0000000000,0.9883782355,0.9896200000,0.0001605215,0.0000000000,0.0000000000,0,0.0000000000,0.0000000000,0.0000000000,0.0000000000,0.0000000000,1.0000000000,0.0097244143,0.1625224123,0.8277531734,0.9999999515,0.9999999200,0
1,7049484.4768636078,275003.8246631134,498.0000000000,0.9898029541,0.9898400000,0.0000101383,0.0000000000,0.0000000000,0,1.0000000000,0.0000000000,0.0000000000,0.0000000000,1.0000000000,0.0000000000,0.0070628591,0.9407505865,0.0521865543,0.9999999971,0.9999999971,0
0,7049774.1402296340,275000.0000000000,500.0000000000,0.9896673589,0.9900800000,0.0001637203,0.0000000000,0.0000000000,0,0.0000000000,0.0000000000,0.0000000000,0.0000000000,0.0000000000,1.0000000000,0.0064969244,0.1543297510,0.8391733246,0.9999999759,0.9999999608,0
1,7049498.2394183194,275003.0601368960,500.0000000000,0.9903725011,0.9904200000,0.0000101983,0.0000000000,0.0000000000,0,1.0000000000,0.0000000000,0.0000000000,0.0000000000,1.0000000000,0.0000000000,0.0069126596,0.9415904815,0.0514968589,1.0000000000,1.0000000000,0
0,7049793.4748160644,275000.0000000000,502.0000000000,0.9884204949,0.9902600000,0.0001521333,0.0000000000,0.0000000000,0,0.0000000000,0.0000000000,0.0000000000,0.0000000000,0.0000000000,1.0000000000,0.0089180880,0.1501565208,0.8409253911,0.9999999760,0.9999999760,0
1,7049507.5479404712,275000.3221140755,502.0000000000,0.9902249313,0.9896800000,0.0000098919,0.0000000000,0.0000000000,0,1.0000000000,0.0000000000,0.0000000000,0.0000000000,1.0000000000,0.0000000000,0.0067042737,0.9405125302,0.0527831960,1.0000000000,0.9999999970,0
0,7049812.8094024947,275000.0000000000,504.0000000000,0.9910346787,0.9899300000,0.0001633654,0.0000000000,0.0000000000,0,0.0000000000,0.0000000000,0.0000000000,0.0000000000,0.0000000000,1.0000000000,0.0072530606,0.1498991135,0.8428478259,1.0000000000,1.0000000000,0
1,7049518.7954585170,275001.1162584831,504.0000000000,0.9895776959,0.9903600000,0.0000102410,0.0000000000,0.0000000000,0,1.0000000000,0.0000000000,0.0000000000,0.0000000000,1.0000000000,0.0000000000,0.0061230535,0.9405441214,0.0533328251,0.9999999985,0.9999999925,0
0,7049832.1439889250,275000.0000000000,506.0000000000,0.9901420216,0.9899500000,0.0001699644,0.0000000000,0.0000000000,0,0.0000000000,0.0000000000,0.0000000000,0.0000000000,0.0000000000,1.0000000000,0.0076641919,0.1454099980,0.8469258101,1.0000000000,1.0000000000,0
1,7049529.0073903799,275003.3932588595,506.0000000000,0.9899073787,0.9900300000,0.0000103933,0.0000000000,0.0000000000,0,1.0000000000,0.0000000000,0.0000000000,0.0000000000,1.0000000000,0.0000000000,0.0068800576,0.9397566442,0.0533632982,0.9999999985,0.9999999969,0
0,7049851.4785753554,275000.0000000000,508.0000000000,0.9895651725,0.9901700000,0.0001814213,0.0000000000,0.0000000000,0,0.0000000000,0.0000000000,0.0000000000,0.0000000000,0.0000000000,1.0000000000,0.0083421357,0.1480003139,0.8436575504,0.9999999278,0.9999999115,0
1,7049539.9661989277,274999.2215415945,508.0000000000,0.9900377922,0.9900300000,0.0000104928,0.0000000000,0.0000000000,0,0.0000000000,0.0000000000,0.0000000000,0.0000000000,1.0000000000,0.0000000000,0.0005877308,0.9472477911,0.0521644781,1.0000000000,0.9999999969,0
0,7049870.8131617857,275000.0000000000,510.0000000000,0.9909762590,0.9897200000,0.0001485407,0.0000000000,0.0000000000,0,0.0000000000,0.0000000000,0.0000000000,0.0000000000,0.0000000000,1.0000000000,0.0188631601,0.2868170019,0.6943198380,1.0000000000,1.0000000000,0
1,7049552.4134938009,274997.4264853625,510.0000000000,0.9902446897,0.9896400000,0.0000103700,0.0000000000,0.0000000000,0,0.0000000000,0.0000000000,0.0000000000,0.0000000000,1.0000000000,0.0000000000,0.0012510061,0.9455845389,0.0531644550,1.0000000000,0.9999999970,0
0,7049890.1477482161,275000.0000000000,512.0000000000,0.9901962956,0.9896800000,0.0001405854,0.0000000000,0.0000000000,0,0.0000000000,0.0000000000,0.0000000000,0.0000000000,0.0000000000,1.0000000000,0.0144971460,0.2841781415,0.7013247125,1.0000000000,1.0000000000,0
1,7049563.3380835783,274996.5172100786,512.0000000000,0.9904369273,0.9900100000,0.0000106158,0.0000000000,0.0000000000,0,0.0000000000,0.0000000000,0.0000000000,0.0000000000,1.0000000000,0.0000000000,0.0012320148,0.9463158066,0.0524521786,0.9999999985,0.9999999939,0
0,7049909.4823346464,275000.0000000000,514.0000000000,0.9890878336,0.9901100000,0.0001578887,0.0000000000,0.0000000000,0,0.0000000000,0.0000000000,0.0000000000,0.0000000000,0.0000000000,1.0000000000,0.0098625301,0.1623260640,0.8278114059,0.9999999519,0.9999999519,0
1,7049572.8291561352,274997.3835538082,514.0000000000,0.9892786953,0.9901100000,0.0000103141,0.0000000000,0.0000000000,0,0.0000000000,0.0000000000,0.0000000000,0.0000000000,1.0000000000,0.0000000000,0.0005582611,0.9468055269,0.0526362119,1.0000000000,0.9999999953,0
0,7049928.8169210767,275000.0000000000,516.0000000000,0.9904814538,0.9897300000,0.0001755926,0.0000000000,0.0000000000,0,0.0000000000,0.0000000000,0.0000000000,0.0000000000,0.0000000000,1.0000000000,0.0090650066,0.1534934974,0.8374414960,1.0000000000,1.0000000000,0
1,7049580.7630098918,274999.6949840503,516.0000000000,0.9899285109,0.9897500000,0.0000099881,0.0000000000,0.0000000000,0,1.0000000000,0.0000000000,0.0000000000,0.0000000000,1.0000000000,0.0000000000,0.0063612956,0.9405513711,0.0530873333,1.0000000000,1.0000000000,0
0,7049948.1515075071,275000.0000000000,518.0000000000,0.9918373170,0.9899700000,0.0001759139,0.0000000000,0.0000000000,0,0.0000000000,0.0000000000,0.0000000000,0.0000000000,0.0000000000,1.0000000000,0.0088686330,0.1533825868,0.8377487803,1.0000000000,1.0000000000,0
1,7049592.4911405630,275000.0038994691,518.0000000000,0.9901967741,0.9900100000,0.0000101806,0.0000000000,0.0000000000,0,1.0000000000,0.0000000000,0.0000000000,0.0000000000,1.0000000000,0.0000000000,0.0070590663,0.9408472612,0.0520936725,1.0000000000,0.9999999985,0
0,7049967.4860939374,275000.0000000000,520.0000000000,0.9906347819,0.9898800000,0.0001741196,0.0000000000,0.0000000000,0,0.0000000000,0.0000000000,0.0000000000,0.0000000000,0.0000000000,1.0000000000,0.0096877216,0.1503419928,0.8399702856,0.9999999761,0.9999999761,0
1,7049601.1251063747,274998.5697960958,520.0000000000,0.9898033118,0.9903900000,0.0000103030,0.0000000000,0.0000000000,0,0.0000000000,0.0000000000,0.0000000000,0.0000000000,1.0000000000,0.0000000000,0.0005238894,0.9465131791,0.0529629315,0.9999999970,0.9999999939,0
0,7049986.8206803678,275000.0000000000,522.0000000000,0.9890400762,0.9902200000,0.0001601641,0.0000000000,0.0000000000,0,0.0000000000,0.0000000000,0.0000000000,0.0000000000,0.0000000000,1.0000000000,0.0078703646,0.1462862837,0.8458433517,1.0000000000,1.0000000000,0
1,7049612.4694196433,274997.5521392666,522.0000000000,0.9893186922,0.9904200000,0.0000106965,0.0000000000,0.0000000000,0,0.0000000000,0.0000000000,0.0000000000,0.0000000000,1.0000000000,0.0000000000,0.0005084498,0.9478116166,0.0516799337,0.9999999970,0.9999999970,0
0,7050006.1552667981,275000.0000000000,524.0000000000,0.9895849491,0.9897700000,0.0001460500,0.0000000000,0.0000000000,0,0.0000000000,0.0000000000,0.0000000000,0.0000000000,0.0000000000,1.0000000000,0.0163728800,0.2885132191,0.6951139009,1.0000000000,1.0000000000,0
1,7049618.9633782897,274994.9071494252,524.0000000000,0.9896752445,0.9899300000,0.0000104760,0.0000000000,0.0000000000,0,1.0000000000,0.0000000000,0.0000000000,0.0000000000,1.0000000000,0.0000000000,0.0064838124,0.9422489369,0.0512672507,1.0000000000,0.9999999969,0
0,7050025.4898532284,275000.0000000000,526.0000000000,0.9887443673,0.9900800000,0.0001347234,0.0000000000,0.0000000000,0,0.0000000000,0.0000000000,0.0000000000,0.0000000000,0.0000000000,1.0000000000,0.0162134680,0.2694607443,0.7143257877,1.0000000000,0.9999999776,0
1,7049626.7814303823,274994.6978144195,526.0000000000,0.9900907399,0.9902200000,0.0000108469,0.0000000000,0.0000000000,0,0.0000000000,0.0000000000,0.0000000000,0.0000000000,1.0000000000,0.0000000000,0.0012299740,0.9467654528,0.0520045732,0.9999999985,0.9999999970,0
0,7050044.8244396588,275000.0000000000,528.0000000000,0.9915759614,0.9901500000,0.0001415656,0.0000000000,0.0000000000,0,0.0000000000,0.0000000000,0.0000000000,0.0000000000,0.0000000000,1.0000000000,0.0152942742,0.2773972717,0.7073084541,1.0000000000,1.0000000000,0
1,7049636.7582704853,274999.3284323686,528.0000000000,0.9901602573,0.9897900000,0.0000102275,0.0000000000,0.0000000000,0,1.0000000000,0.0000000000,0.0000000000,0.0000000000,1.0000000000,0.0000000000,0.0065718723,0.9413373377,0.0520907899,1.0000000000,1.0000000000,0
0,7050064.1590260891,275000.0000000000,530.0000000000,0.9899233131,0.9898600000,0.0001494187,0.0000000000,0.0000000000,0,0.0000000000,0.0000000000,0.0000000000,0.0000000000,0.0000000000,1.0000000000,0.0168227522,0.2692839871,0.7138932607,1.0000000000,1.0000000000,0
1,7049647.7379173618,274997.0567972874,530.0000000000,0.9896794681,0.9900300000,0.0000108620,0.0000000000,0.0000000000,0,1.0000000000,0.0000000000,0.0000000000,0.0000000000,1.0000000000,0.0000000000,0.0066792870,0.9408373998,0.0524833132,0.9999999970,0.9999999970,0
0,7050083.4936125195,275000.0000000000,532.0000000000,0.9889068471,0.9899700000,0.0001400871,0.0000000000,0.0000000000,0,0.0000000000,0.0000000000,0.0000000000,0.0000000000,0.0000000000,1.0000000000,0.0165616433,0.2810554184,0.7023829383,1.0000000000,1.0000000000,0
1,7049658.2862134660,274998.4918737381,532.0000000000,0.9903072357,0.9895200000,0.0000100161,0.0000000000,0.0000000000,0,0.0000000000,0.0000000000,0.0000000000,0.0000000000,1.0000000000,0.0000000000,0.0012638637,0.9457510053,0.0529851309,1.0000000000,1.0000000000,0
0,7050102.8281989498,275000.0000000000,534.0000000000,0.9900917799,0.9907800000,0.0001304545,0.0000000000,0.0000000000,0,0.0000000000,0.0000000000,0.0000000000,0.0000000000,0.0000000000,1.0000000000,0.0191449988,0.3081040673,0.6727509340,0.9999999807,0.9999999807,0
1,7049669.9397180695,274996.2061896792,534.0000000000,0.9900480104,0.9896500000,0.0000102788,0.0000000000,0.0000000000,0,1.0000000000,0.0000000000,0.0000000000,0.0000000000,1.0000000000,0.0000000000,0.0070413298,0.9409194298,0.0520392405,1.0000000000,0.9999999985,0
0,7050122.1627853801,275000.0000000000,536.0000000000,0.9895053766,0.9904800000,0.0001413328,0.0000000000,0.0000000000,0,0.0000000000,0.0000000000,0.0000000000,0.0000000000,0.0000000000,1.0000000000,0.0149640355,0.2857387828,0.6992971817,0.9999999796,0.9999999796,0
1,7049679.2584253596,274995.0209232125,536.0000000000,0.9899136039,0.9906500000,0.0000099253,0.0000000000,0.0000000000,0,1.0000000000,0.0000000000,0.0000000000,0.0000000000,1.0000000000,0.0000000000,0.0070642747,0.9410929652,0.0518427601,1.0000000000,0.9999999970,0
0,7050141.4973718105,275000.0000000000,538.0000000000,0.9886237286,0.9897600000,0.0001327450,0.0000000000,0.0000000000,0,0.0000000000,0.0000000000,0.0000000000,0.0000000000,0.0000000000,1.0000000000,0.0181175770,0.3213227622,0.6605596608,0.9999999806,0.9999999674,0
1,7049689.7115381788,274992.3424269445,538.0000000000,0.9901008409,0.9904800000,0.0000103778,0.0000000000,0.0000000000,0,1.0000000000,0.0000000000,0.0000000000,0.0000000000,1.0000000000,0.0000000000,0.0069692379,0.9403711593,0.0526596028,1.0000000000,0.9999999954,0
0,7050160.8319582408,275000.0000000000,540.0000000000,0.9908310610,0.9901300000,0.0001732991,0.0000000000,0.0000000000,0,0.0000000000,0.0000000000,0.0000000000,0.0000000000,0.0000000000,1.0000000000,0.0075192655,0.1498973580,0.8425833764,0.9999999837,0.9999999837,0
1,7049697.2382644769,274998.1627653241,540.0000000000,0.9902985177,0.9899400000,0.0000106447,0.0000000000,0.0000000000,0,1.0000000000,0.0000000000,0.0000000000,0.0000000000,1.0000000000,0.0000000000,0.0068573220,0.9415613014,0.0515813766,1.0000000000,1.0000000000,0
0,7050180.1665446712,275000.0000000000,542.0000000000,0.9903183713,0.9903000000,0.0001648533,0.0000000000,0.0000000000,0,0.0000000000,0.0000000000,0.0000000000,0.0000000000,0.0000000000,1.0000000000,0.0088175050,0.1530501434,0.8381323516,1.0000000000,1.0000000000,0
1,7049707.8069298733,274999.1467550983,542.0000000000,0.9898953298,0.9905500000,0.0000105833,0.0000000000,0.0000000000,0,1.0000000000,0.0000000000,0.0000000000,0.0000000000,1.0000000000,0.0000000000,0.0073599599,0.9406689979,0.0519710422,1.0000000000,1.0000000000,0
0,7050199.5011311015,275000.0000000000,544.0000000000,0.9912085086,0.9898700000,0.0001348523,0.0000000000,0.0000000000,0,0.0000000000,0.0000000000,0.0000000000,0.0000000000,0.0000000000,1.0000000000,0.0164402529,0.2809638267,0.7025959204,1.0000000000,1.0000000000,0
1,7049718.6606884403,275001.1606545440,544.0000000000,0.9901054435,0.9901600000,0.0000105228,0.0000000000,0.0000000000,0,1.0000000000,0.0000000000,0.0000000000,0.0000000000,1.0000000000,0.0000000000,0.0064440433,0.9396895611,0.0538663956,1.0000000000,0.9999999985,0
0,7050218.8357175319,275000.0000000000,546.0000000000,0.9917835459,0.9899900000,0.0001609767,0.0000000000,0.0000000000,0,0.0000000000,0.0000000000,0.0000000000,0.0000000000,0.0000000000,1.0000000000,0.0098607983,0.1505139259,0.8396252758,1.0000000000,1.0000000000,0
1,7049730.0142527428,275000.5739518044,546.0000000000,0.9899808127,0.9900800000,0.0000106268,0.0000000000,0.0000000000,0,1.0000000000,0.0000000000,0.0000000000,0.0000000000,1.0000000000,0.0000000000,0.0063609206,0.9418241058,0.0518149736,0.9999999985,0.9999999970,0
0,7050238.1703039622,275000.0000000000,548.0000000000,0.9897277150,0.9902300000,0.0001783604,0.0000000000,0.0000000000,0,0.0000000000,0.0000000000,0.0000000000,0.0000000000,0.0000000000,1.0000000000,0.0085118263,0.1523586358,0.8391295379,1.0000000000,0.9999999848,0
1,7049735.8060522443,274999.3936498633,548.0000000000,0.9898154065,0.9895300000,0.0000106937,0.0000000000,0.0000000000,0,0.0000000000,0.0000000000,0.0000000000,0.0000000000,1.0000000000,0.0000000000,0.0006533370,0.9460708193,0.0532758437,1.0000000000,0.9999999969,0
0,7050257.5048903925,275000.0000000000,550.0000000000,0.9892054334,0.9902100000,0.0001655777,0.0000000000,0.0000000000,0,0.0000000000,0.0000000000,0.0000000000,0.0000000000,0.0000000000,1.0000000000,0.0063809289,0.1504945389,0.8431245322,0.9999999595,0.9999999595,0
1,7049747.2432525838,274999.0088782152,550.0000000000,0.9893016768,0.9899600000,0.0000101475,0.0000000000,0.0000000000,0,1.0000000000,0.0000000000,0.0000000000,0.0000000000,1.0000000000,0.0000000000,0.0067397837,0.9406303308,0.0526298856,1.0000000000,1.0000000000,0
0,7050276.8394768229,275000.0000000000,552.0000000000,0.9914790856,0.9895500000,0.0001387142,0.0000000000,0.0000000000,0,0.0000000000,0.0000000000,0.0000000000,0.0000000000,0.0000000000,1.0000000000,0.0159909387,0.2772854526,0.7067236087,1.0000000000,1.0000000000,0
1,7049759.7482551923,275000.6802374569,552.0000000000,0.9900108602,0.9897000000,0.0000117123,0.0000000000,0.0000000000,0,1.0000000000,0.0000000000,0.0000000000,0.0000000000,1.0000000000,0.0000000000,0.0068247275,0.9422178738,0.0509573986,0.9999999985,0.9999999954,0
0,7050296.1740632532,275000.0000000000,554.0000000000,0.9905669664,0.9898700000,0.0001683601,0.0000000000,0.0000000000,0,0.0000000000,0.0000000000,0.0000000000,0.0000000000,0.0000000000,1.0000000000,0.0086057775,0.1462509998,0.8451432227,0.9999999758,0.9999999758,0
1,7049768.6863958901,274999.1603674564,554.0000000000,0.9908077053,0.9898900000,0.0000110837,0.0000000000,0.0000000000,0,0.0000000000,0.0000000000,0.0000000000,0.0000000000,1.0000000000,0.0000000000,0.0004263060,0.9476483799,0.0519253141,0.9999999985,0.9999999985,0
0,7050315.5086496836,275000.0000000000,556.0000000000,0.9897193563,0.9897700000,0.0001665946,0.0000000000,0.0000000000,0,0.0000000000,0.0000000000,0.0000000000,0.0000000000,0.0000000000,1.0000000000,0.0084673157,0.1445955863,0.8469370980,1.0000000000,1.0000000000,0
1,7049777.5011501946,275000.2389487547,556.0000000000,0.9900754715,0.9901700000,0.0000107126,0.0000000000,0.0000000000,0,1.0000000000,0.0000000000,0.0000000000,0.0000000000,1.0000000000,0.0000000000,0.0071626143,0.9420701635,0.0507672222,1.0000000000,0.9999999985,0
0,7050334.8432361139,275000.0000000000,558.0000000000,0.9898581351,0.9900800000,0.0001393719,0.0000000000,0.0000000000,0,0.0000000000,0.0000000000,0.0000000000,0.0000000000,0.0000000000,1.0000000000,0.0139155603,0.2770406613,0.7090437784,1.0000000000,1.0000000000,0
1,7049788.0906587923,275000.9995468631,558.0000000000,0.9905900578,0.9906300000,0.0000095594,0.0000000000,0.0000000000,0,1.0000000000,0.0000000000,0.0000000000,0.0000000000,1.0000000000,0.0000000000,0.0065981601,0.9406811374,0.0527207025,1.0000000000,0.9999999955,0
0,7050354.1778225442,275000.0000000000,560.0000000000,0.9902956482,0.9903500000,0.0001699134,0.0000000000,0.0000000000,0,0.0000000000,0.0000000000,0.0000000000,0.0000000000,0.0000000000,1.0000000000,0.0083755963,0.1561834336,0.8354409702,0.9999999758,0.9999999758,0
1,7049799.1790810581,274999.9068344326,560.0000000000,0.9901580270,0.9901700000,0.0000102243,0.0000000000,0.0000000000,0,1.0000000000,0.0000000000,0.0000000000,0.0000000000,1.0000000000,0.0000000000,0.0062840030,0.9410633263,0.0526526707,1.0000000000,1.0000000000,0
0,7050373.5124089746,275000.0000000000,562.0000000000,0.9903234387,0.9905800000,0.0001631694,0.0000000000,0.0000000000,0,0.0000000000,0.0000000000,0.0000000000,0.0000000000,0.0000000000,1.0000000000,0.0087949548,0.1562371624,0.8349678828,1.0000000000,1.0000000000,0
1,7049808.6966274185,274999.2563071439,562.0000000000,0.9900087336,0.9899900000,0.0000096928,0.0000000000,0.0000000000,0,1.0000000000,0.0000000000,0.0000000000,0.0000000000,1.0000000000,0.0000000000,0.0065128261,0.9407386893,0.0527484846,1.0000000000,1.0000000000,0
0,7050392.8469954049,275000.0000000000,564.0000000000,0.9889540160,0.9898000000,0.0001750036,0.0000000000,0.0000000000,0,0.0000000000,0.0000000000,0.0000000000,0.0000000000,0.0000000000,1.0000000000,0.0079162208,0.1560336296,0.8360501496,0.9999999369,0.9999999369,0
1,7049818.7383785946,275000.1747336697,564.0000000000,0.9902780594,0.9897900000,0.0000104721,0.0000000000,0.0000000000,0,1.0000000000,0.0000000000,0.0000000000,0.0000000000,1.0000000000,0.0000000000,0.0062355224,0.9428147962,0.0509496814,0.9999999970,0.9999999909,0
0,7050412.1815818353,275000.0000000000,566.0000000000,0.9899323635,0.9901700000,0.0001653367,0.0000000000,0.0000000000,0,0.0000000000,0.0000000000,0.0000000000,0.0000000000,0.0000000000,1.0000000000,0.0090901685,0.1511435372,0.8397662943,0.9999999514,0.9999999514,0
1,7049827.7724918779,274998.5162715871,566.0000000000,0.9906674523,0.9895700000,0.0000100784,0.0000000000,0.0000000000,0,0.0000000000,0.0000000000,0.0000000000,0.0000000000,1.0000000000,0.0000000000,0.0004754279,0.9467645739,0.0527599983,0.9999999970,0.9999999939,0
0,7050431.5161682656,275000.0000000000,568.0000000000,0.9925691331,0.9896000000,0.0001324833,0.0000000000,0.0000000000,0,0.0000000000,0.0000000000,0.0000000000,0.0000000000,0.0000000000,1.0000000000,0.0181532975,0.3471856077,0.6346610948,0.9999999817,0.9999999817,0
1,7049839.1699136477,274993.9337207014,568.0000000000,0.9893081957,0.9899700000,0.0000098244,0.0000000000,0.0000000000,0,1.0000000000,0.0000000000,0.0000000000,0.0000000000,1.0000000000,0.0000000000,0.0066518253,0.9411915577,0.0521566170,0.9999999985,0.9999999700,0
0,7050450.8507546959,275000.0000000000,570.0000000000,0.9890922989,0.9902300000,0.0001289689,0.0000000000,0.0000000000,0,0.0000000000,0.0000000000,0.0000000000,0.0000000000,0.0000000000,1.0000000000,0.0165773951,0.3025183976,0.6809042074,0.9999999801,0.9999999801,0
1,7049851.7574372385,274995.5120186310,570.0000000000,0.9895431735,0.9898100000,0.0000105867,0.0000000000,0.0000000000,0,0.0000000000,0.0000000000,0.0000000000,0.0000000000,1.0000000000,0.0000000000,0.0015290555,0.9460456240,0.0524253204,1.0000000000,0.9999999938,0
0,7050470.1853411263,275000.0000000000,572.0000000000,0.9905390887,0.9900900000,0.0001301815,0.0000000000,0.0000000000,0,0.0000000000,0.0000000000,0.0000000000,0.0000000000,0.0000000000,1.0000000000,0.0152532553,0.2850002350,0.6997465097,0.9999999587,0.9999999587,0
1,7049859.9786903560,274995.5588021670,572.0000000000,0.9904164907,0.9894500000,0.0000108684,0.0000000000,0.0000000000,0,0.0000000000,0.0000000000,0.0000000000,0.0000000000,1.0000000000,0.0000000000,0.0010648150,0.9467359809,0.0521992041,0.9999999985,0.9999999954,0
0,7050489.5199275566,275000.0000000000,574.0000000000,0.9888124475,0.9901500000,0.0001672221,0.0000000000,0.0000000000,0,0.0000000000,0.0000000000,0.0000000000,0.0000000000,0.0000000000,1.0000000000,0.0078339414,0.1503186934,0.8418473653,0.9999999759,0.9999999759,0
1,7049870.1180783594,274997.0199800625,574.0000000000,0.9902655135,0.9899600000,0.0000106073,0.0000000000,0.0000000000,0,0.0000000000,0.0000000000,0.0000000000,0.0000000000,1.0000000000,0.0000000000,0.0005729703,0.9458228435,0.0536041863,0.9999999976,0.9999999960,0
0,7050508.8545139870,275000.0000000000,576.0000000000,0.9891816197,0.9899300000,0.0001316005,0.0000000000,0.0000000000,0,0.0000000000,0.0000000000,0.0000000000,0.0000000000,0.0000000000,1.0000000000,0.0165998192,0.3108281781,0.6725720027,1.0000000000,1.0000000000,0
1,7049880.5477273120,275000.6094661869,576.0000000000,0.9901021521,0.9901000000,0.0000096914,0.0000000000,0.0000000000,0,1.0000000000,0.0000000000,0.0000000000,0.0000000000,1.0000000000,0.0000000000,0.0068171186,0.9416363871,0.0515464943,0.9999999971,0.9999999926,0
0,7050528.1891004173,275000.0000000000,578.0000000000,0.9902158594,0.9905300000,0.0001450510,0.0000000000,0.0000000000,0,0.0000000000,0.0000000000,0.0000000000,0.0000000000,0.0000000000,1.0000000000,0.0163169285,0.2776116165,0.7060714550,1.0000000000,1.0000000000,0
1,7049886.6030662358,275000.3171500809,578.0000000000,0.9902287586,0.9899800000,0.0000097941,0.0000000000,0.0000000000,0,1.0000000000,0.0000000000,0.0000000000,0.0000000000,1.0000000000,0.0000000000,0.0068837318,0.9409458045,0.0521704637,1.0000000000,0.9999999970,0
0,7050547.5236868476,275000.0000000000,580.0000000000,0.9885857168,0.9901700000,0.0001661259,0.0000000000,0.0000000000,0,0.0000000000,0.0000000000,0.0000000000,0.0000000000,0.0000000000,1.0000000000,0.0092234817,0.1553253933,0.8354511250,0.9999999759,0.9999999759,0
1,7049897.7785272654,275002.0863083098,580.0000000000,0.9904503562,0.9901600000,0.0000102585,0.0000000000,0.0000000000,0,1.0000000000,0.0000000000,0.0000000000,0.0000000000,1.0000000000,0.0000000000,0.0067023007,0.9406278670,0.0526698323,0.9999999978,0.9999999948,0
0,7050566.8582732780,275000.0000000000,582.0000000000,0.9901789729,0.9901000000,0.0001790269,0.0000000000,0.0000000000,0,0.0000000000,0.0000000000,0.0000000000,0.0000000000,0.0000000000,1.0000000000,0.0088962559,0.1543783764,0.8367253677,0.9999999755,0.9999999603,0
1,7049907.0842496939,275000.8111981205,582.0000000000,0.9902045689,0.9895900000,0.0000102295,0.0000000000,0.0000000000,0,1.0000000000,0.0000000000,0.0000000000,0.0000000000,1.0000000000,0.0000000000,0.0066173533,0.9397124416,0.0536702051,1.0000000000,0.9999999985,0
0,7050586.1928597083,275000.0000000000,584.0000000000,0.9906066011,0.9903400000,0.0001697902,0.0000000000,0.0000000000,0,0.0000000000,0.0000000000,0.0000000000,0.0000000000,0.0000000000,1.0000000000,0.0125328254,0.1504404621,0.8370267126,1.0000000000,1.0000000000,0
1,7049918.3823155807,275001.5542771198,584.0000000000,0.9902560241,0.9898700000,0.0000107398,0.0000000000,0.0000000000,0,1.0000000000,0.0000000000,0.0000000000,0.0000000000,1.0000000000,0.0000000000,0.0066079905,0.9413719329,0.0520200766,0.9999999985,0.9999999964,0
0,7050605.5274461387,275000.0000000000,586.0000000000,0.9917017907,0.9899600000,0.0001697288,0.0000000000,0.0000000000,0,0.0000000000,0.0000000000,0.0000000000,0.0000000000,0.0000000000,1.0000000000,0.0085419622,0.1535091044,0.8379489334,1.0000000000,1.0000000000,0
1,7049929.6745094694,275001.3418353369,586.0000000000,0.9908034357,0.9896400000,0.0000102474,0.0000000000,0.0000000000,0,1.0000000000,0.0000000000,0.0000000000,0.0000000000,1.0000000000,0.0000000000,0.0070033724,0.9389247725,0.0540718551,1.0000000000,0.9999999970,0
0,7050624.8620325690,275000.0000000000,588.0000000000,0.9911348397,0.9902600000,0.0001421444,0.0000000000,0.0000000000,0,0.0000000000,0.0000000000,0.0000000000,0.0000000000,0.0000000000,1.0000000000,0.0179505652,0.3155912129,0.6664582219,0.9999999805,0.9999999805,0
1,7049944.2060313532,274998.9870607480,588.0000000000,0.9902824734,0.9898800000,0.0000101839,0.0000000000,0.0000000000,0,0.0000000000,0.0000000000,0.0000000000,0.0000000000,1.0000000000,0.0000000000,0.0014300994,0.9470006677,0.0515692329,0.9999999970,0.9999999940,0
0,7050644.1966189994,275000.0000000000,590.0000000000,0.9913484927,0.9902200000,0.0001595904,0.0000000000,0.0000000000,0,0.0000000000,0.0000000000,0.0000000000,0.0000000000,0.0000000000,1.0000000000,0.0092440960,0.1466830000,0.8440729040,1.0000000000,1.0000000000,0
1,7049952.2977148369,274998.7842017219,590.0000000000,0.9905641933,0.9898200000,0.0000113701,0.0000000000,0.0000000000,0,0.0000000000,0.0000000000,0.0000000000,0.0000000000,1.0000000000,0.0000000000,0.0004108088,0.9485391480,0.0510500432,1.0000000000,1.0000000000,0
0,7050663.5312054297,275000.0000000000,592.0000000000,0.9900295353,0.9895900000,0.0001635554,0.0000000000,0.0000000000,0,0.0000000000,0.0000000000,0.0000000000,0.0000000000,0.0000000000,1.0000000000,0.0089246542,0.1484370285,0.8426383173,0.9999999519,0.9999999519,0
1,7049962.4696038440,274998.4593568032,592.0000000000,0.9903227065,0.9900100000,0.0000103815,0.0000000000,0.0000000000,0,0.0000000000,0.0000000000,0.0000000000,0.0000000000,1.0000000000,0.0000000000,0.0004116318,0.9463955614,0.0531928068,0.9999999970,0.9999999894,0
0,7050682.8657918600,275000.0000000000,594.0000000000,0.9899298802,0.9902400000,0.0001709404,0.0000000000,0.0000000000,0,0.0000000000,0.0000000000,0.0000000000,0.0000000000,0.0000000000,1.0000000000,0.0070396108,0.1560745049,0.8368858844,0.9999999759,0.9999999595,0
1,7049971.6950683668,274999.0188119134,594.0000000000,0.9899003248,0.9908400000,0.0000105708,0.0000000000,0.0000000000,0,0.0000000000,0.0000000000,0.0000000000,0.0000000000,1.0000000000,0.0000000000,0.0005893708,0.9459683850,0.0534422442,1.0000000000,0.9999999970,0
0,7050702.2003782904,275000.0000000000,596.0000000000,0.9895389036,0.9902100000,0.0001617538,0.0000000000,0.0000000000,0,0.0000000000,0.0000000000,0.0000000000,0.0000000000,0.0000000000,1.0000000000,0.0099623770,0.1549097337,0.8351278892,1.0000000000,1.0000000000,0
1,7049979.9724346539,274998.1559131008,596.0000000000,0.9899378231,0.9903000000,0.0000100357,0.0000000000,0.0000000000,0,0.0000000000,0.0000000000,0.0000000000,0.0000000000,1.0000000000,0.0000000000,0.0005567430,0.9459661879,0.0534770690,0.9999999985,0.9999999955,0
0,7050721.5349647207,275000.0000000000,598.0000000000,0.9899005374,0.9904400000,0.0001287255,0.0000000000,0.0000000000,0,0.0000000000,0.0000000000,0.0000000000,0.0000000000,0.0000000000,1.0000000000,0.0129849291,0.2916787546,0.6953363163,1.0000000000,1.0000000000,0
1,7049984.5010636104,274996.9040546551,598.0000000000,0.9900647645,0.9900400000,0.0000106876,0.0000000000,0.0000000000,0,0.0000000000,0.0000000000,0.0000000000,0.0000000000,1.0000000000,0.0000000000,0.0009661102,0.9465621067,0.0524717831,1.0000000000,0.9999999954,0
0,7050740.8695511511,275000.0000000000,600.0000000000,0.9897617009,0.9898900000,0.0001424738,0.0000000000,0.0000000000,0,0.0000000000,0.0000000000,0.0000000000,0.0000000000,0.0000000000,1.0000000000,0.0165581479,0.2785784241,0.7048634280,0.9999999797,0.9999999656,0
1,7049998.8038142752,274996.3868484956,600.0000000000,0.9895264672,0.9899400000,0.0000106246,0.0000000000,0.0000000000,0,1.0000000000,0.0000000000,0.0000000000,0.0000000000,1.0000000000,0.0000000000,0.0069317326,0.9418921049,0.0511761625,1.0000000000,0.9999999985,0
0,7050760.2041375814,275000.0000000000,602.0000000000,0.9887058105,0.9900900000,0.0001379643,0.0000000000,0.0000000000,0,0.0000000000,0.0000000000,0.0000000000,0.0000000000,0.0000000000,1.0000000000,0.0130784080,0.2703440378,0.7165775542,1.0000000000,1.0000000000,0
1,7050008.1154053900,274997.9367749182,602.0000000000,0.9898156850,0.9896600000,0.0000106556,0.0000000000,0.0000000000,0,1.0000000000,0.0000000000,0.0000000000,0.0000000000,1.0000000000,0.0000000000,0.0062807301,0.9416537885,0.0520654814,1.0000000000,0.9999999970,0
0,7050779.5387240117,275000.0000000000,604.0000000000,0.9913160645,0.9902200000,0.0001429515,0.0000000000,0.0000000000,0,0.0000000000,0.0000000000,0.0000000000,0.0000000000,0.0000000000,1.0000000000,0.0166912735,0.3156857964,0.6676229301,1.0000000000,1.0000000000,0
1,7050017.2313611647,275000.2790268470,604.0000000000,0.9904572355,0.9897500000,0.0000097689,0.0000000000,0.0000000000,0,1.0000000000,0.0000000000,0.0000000000,0.0000000000,1.0000000000,0.0000000000,0.0067176732,0.9408786341,0.0524036927,0.9999999970,0.9999999940,0
0,7050798.8733104421,275000.0000000000,606.0000000000,0.9893080284,0.9897900000,0.0001281910,0.0000000000,0.0000000000,0,0.0000000000,0.0000000000,0.0000000000,0.0000000000,0.0000000000,1.0000000000,0.0192190777,0.3317865953,0.6489943270,1.0000000000,1.0000000000,0
1,7050026.8908644766,275001.6644932035,606.0000000000,0.9902765609,0.9897200000,0.0000100557,0.0000000000,0.0000000000,0,1.0000000000,0.0000000000,0.0000000000,0.0000000000,1.0000000000,0.0000000000,0.0065069276,0.9426547580,0.0508383145,1.0000000000,0.9999999985,0
0,7050818.2078968724,275000.0000000000,608.0000000000,0.9890143886,0.9896000000,0.0001685813,0.0000000000,0.0000000000,0,0.0000000000,0.0000000000,0.0000000000,0.0000000000,0.0000000000,1.0000000000,0.0092914048,0.1512419488,0.8394666464,1.0000000000,1.0000000000,0
1,7050038.1113010384,274999.4728351254,608.0000000000,0.9892862593,0.9897800000,0.0000105717,0.0000000000,0.0000000000,0,1.0000000000,0.0000000000,0.0000000000,0.0000000000,1.0000000000,0.0000000000,0.0068351646,0.9421882589,0.0509765765,1.0000000000,0.9999999954,0
0,7050837.5424833028,275000.0000000000,610.0000000000,0.9898506103,0.9898700000,0.0001537094,0.0000000000,0.0000000000,0,0.0000000000,0.0000000000,0.0000000000,0.0000000000,0.0000000000,1.0000000000,0.0101628223,0.1529952330,0.8368419447,0.9999999760,0.9999999760,0
1,7050046.1063273037,274999.2819518899,610.0000000000,0.9902353782,0.9892900000,0.0000107571,0.0000000000,0.0000000000,0,0.0000000000,0.0000000000,0.0000000000,0.0000000000,1.0000000000,0.0000000000,0.0009656789,0.9478098383,0.0512244828,1.0000000000,1.0000000000,0
0,7050856.8770697331,275000.0000000000,612.0000000000,0.9897089078,0.9904600000,0.0001655734,0.0000000000,0.0000000000,0,0.0000000000,0.0000000000,0.0000000000,0.0000000000,0.0000000000,1.0000000000,0.0078857415,0.1582830990,0.8338311595,1.0000000000,1.0000000000,0
1,7050057.3248358453,275000.3204732391,612.0000000000,0.9900311915,0.9898500000,0.0000108525,0.0000000000,0.0000000000,0,0.0000000000,0.0000000000,0.0000000000,0.0000000000,1.0000000000,0.0000000000,0.0008371338,0.9474939200,0.0516689462,1.0000000000,0.9999999985,0
0,7050876.2116561634,275000.0000000000,614.0000000000,0.9911329864,0.9896500000,0.0001679144,0.0000000000,0.0000000000,0,0.0000000000,0.0000000000,0.0000000000,0.0000000000,0.0000000000,1.0000000000,0.0075463354,0.1423811272,0.8500725374,1.0000000000,1.0000000000,0
1,7050067.8224121090,274999.9159770400,614.0000000000,0.9898732161,0.9898600000,0.0000119654,0.0000000000,0.0000000000,0,0.0000000000,0.0000000000,0.0000000000,0.0000000000,1.0000000000,0.0000000000,0.0010228648,0.9454438278,0.0535333073,1.0000000000,0.9999999984,0
0,7050895.5462425938,275000.0000000000,616.0000000000,0.9898741771,0.9902700000,0.0001758502,0.0000000000,0.0000000000,0,0.0000000000,0.0000000000,0.0000000000,0.0000000000,0.0000000000,1.0000000000,0.0059858799,0.1476697253,0.8463443948,1.0000000000,1.0000000000,0
1,7050075.5192624684,275000.7606995440,616.0000000000,0.9898580484,0.9899500000,0.0000101890,0.0000000000,0.0000000000,0,0.0000000000,0.0000000000,0.0000000000,0.0000000000,1.0000000000,0.0000000000,0.0012024286,0.9467388302,0.0520587411,1.0000000000,0.9999999940,0
0,7050914.8808290241,275000.0000000000,618.0000000000,0.9896475464,0.9900700000,0.0001764308,0.0000000000,0.0000000000,0,0.0000000000,0.0000000000,0.0000000000,0.0000000000,0.0000000000,1.0000000000,0.0042435141,0.0838204505,0.9119360354,1.0000000000,0.9999999862,0
1,7050089.6146061774,275000.0652575159,618.0000000000,0.9898112838,0.9896800000,0.0000097573,0.0000000000,0.0000000000,0,0.0000000000,0.0000000000,0.0000000000,0.0000000000,1.0000000000,0.0000000000,0.0006065531,0.9465013558,0.0528920911,1.0000000000,0.9999999985,0
0,7050934.2154154545,275000.0000000000,620.0000000000,0.9913822648,0.9903700000,0.0001893559,0.0000000000,0.0000000000,0,0.0000000000,0.0000000000,0.0000000000,0.0000000000,0.0000000000,1.0000000000,0.0039207777,0.0855411979,0.9105380243,1.0000000000,1.0000000000,0
1,7050096.5643396191,274999.8450334169,620.0000000000,0.9892159786,0.9900700000,0.0000096228,0.0000000000,0.0000000000,0,0.0000000000,0.0000000000,0.0000000000,0.0000000000,1.0000000000,0.0000000000,0.0007147115,0.9455861286,0.0536991599,1.0000000000,1.0000000000,0
0,7050953.5500018848,275000.0000000000,622.0000000000,0.9916240501,0.9897300000,0.0001705539,0.0000000000,0.0000000000,0,0.0000000000,0.0000000000,0.0000000000,0.0000000000,0.0000000000,1.0000000000,0.0082670196,0.1501460284,0.8415869521,1.0000000000,1.0000000000,0
1,7050109.0339616910,274998.5545173432,622.0000000000,0.9898417735,0.9899900000,0.0000104383,0.0000000000,0.0000000000,0,0.0000000000,0.0000000000,0.0000000000,0.0000000000,1.0000000000,0.0000000000,0.0009844661,0.9453288156,0.0536867182,1.0000000000,0.9999999939,0
0,7050972.8845883152,275000.0000000000,624.0000000000,0.9902582014,0.9902000000,0.0001852129,0.0000000000,0.0000000000,0,0.0000000000,0.0000000000,0.0000000000,0.0000000000,0.0000000000,1.0000000000,0.0039672052,0.0842041817,0.9118286131,1.0000000000,1.0000000000,0
1,7050117.5664918460,275000.1081570204,624.0000000000,0.9898802324,0.9898600000,0.0000104476,0.0000000000,0.0000000000,0,0.0000000000,0.0000000000,0.0000000000,0.0000000000,1.0000000000,0.0000000000,0.0003942147,0.9470344108,0.0525713745,1.0000000000,0.9999999955,0
0,7050992.2191747455,275000.0000000000,626.0000000000,0.9882735790,0.9899700000,0.0001730693,0.0000000000,0.0000000000,0,0.0000000000,0.0000000000,0.0000000000,0.0000000000,0.0000000000,1.0000000000,0.0044270667,0.0826922656,0.9128806677,0.9999999730,0.9999999730,0
1,7050130.1588170696,274999.2500891319,626.0000000000,0.9900751423,0.9902800000,0.0000107221,0.0000000000,0.0000000000,0,0.0000000000,0.0000000000,0.0000000000,0.0000000000,1.0000000000,0.0000000000,0.0005734545,0.9473772693,0.0520492763,1.0000000000,1.0000000000,0
0,7051011.5537611758,275000.0000000000,628.0000000000,0.9905862721,0.9903900000,0.0001624343,0.0000000000,0.0000000000,0,0.0000000000,0.0000000000,0.0000000000,0.0000000000,0.0000000000,1.0000000000,0.0098647617,0.1485245169,0.8416107214,1.0000000000,0.9999999872,0
1,7050138.4823402623,275000.8036097690,628.0000000000,0.9902900421,0.9896200000,0.0000104135,0.0000000000,0.0000000000,0,0.0000000000,0.0000000000,0.0000000000,0.0000000000,1.0000000000,0.0000000000,0.0009831771,0.9478809039,0.0511359189,1.0000000000,0.9999999970,0
0,7051030.8883476062,275000.0000000000,630.0000000000,0.9888357583,0.9901200000,0.0001865331,0.0000000000,0.0000000000,0,0.0000000000,0.0000000000,0.0000000000,0.0000000000,0.0000000000,1.0000000000,0.0035905135,0.0858641583,0.9105453282,1.0000000000,1.0000000000,0
1,7050148.6113130068,275000.0412651221,630.0000000000,0.9900529490,0.9901400000,0.0000099792,0.0000000000,0.0000000000,0,0.0000000000,0.0000000000,0.0000000000,0.0000000000,1.0000000000,0.0000000000,0.0005174576,0.9461809207,0.0533016217,0.9999999985,0.9999999954,0
0,7051050.2229340365,275000.0000000000,632.0000000000,0.9883601654,0.9898500000,0.0001765873,0.0000000000,0.0000000000,0,0.0000000000,0.0000000000,0.0000000000,0.0000000000,0.0000000000,1.0000000000,0.0049753694,0.0787152522,0.9163093784,1.0000000000,1.0000000000,0
1,7050158.5415156158,274998.9080383773,632.0000000000,0.9900541502,0.9903700000,0.0000096031,0.0000000000,0.0000000000,0,0.0000000000,0.0000000000,0.0000000000,0.0000000000,1.0000000000,0.0000000000,0.0005546630,0.9473436384,0.0521016986,1.0000000000,0.9999999969,0
0,7051069.5575204669,275000.0000000000,634.0000000000,0.9879337570,0.9903300000,0.0001757572,0.0000000000,0.0000000000,0,0.0000000000,0.0000000000,0.0000000000,0.0000000000,0.0000000000,1.0000000000,0.0086549232,0.1519546632,0.8393904136,1.0000000000,1.0000000000,0
1,7050169.3994417852,274996.5338803655,634.0000000000,0.9898584314,0.9900600000,0.0000113903,0.0000000000,0.0000000000,0,1.0000000000,0.0000000000,0.0000000000,0.0000000000,1.0000000000,0.0000000000,0.0012507182,0.9470061202,0.0517431616,0.9999999970,0.9999999940,0
0,7051088.8921068972,275000.0000000000,636.0000000000,0.9896632224,0.9899100000,0.0001917178,0.0000000000,0.0000000000,0,0.0000000000,0.0000000000,0.0000000000,0.0000000000,0.0000000000,1.0000000000,0.0053140163,0.0823094562,0.9123765275,0.9999999719,0.9999999719,0
1,7050176.6508555403,274998.6779530876,636.0000000000,0.9894387466,0.9902000000,0.0000107985,0.0000000000,0.0000000000,0,0.0000000000,0.0000000000,0.0000000000,0.0000000000,1.0000000000,0.0000000000,0.0004477797,0.9473875511,0.0521646692,1.0000000000,0.9999999954,0
0,7051108.2266933275,275000.0000000000,638.0000000000,0.9887670975,0.9904100000,0.0001617671,0.0000000000,0.0000000000,0,0.0000000000,0.0000000000,0.0000000000,0.0000000000,0.0000000000,1.0000000000,0.0079639882,0.1491144254,0.8429215864,1.0000000000,0.9999995834,0
1,7050194.1364598107,275003.0972442410,638.0000000000,0.9897803305,0.9895800000,0.0000107184,0.0000000000,0.0000000000,0,1.0000000000,0.0000000000,0.0000000000,0.0000000000,1.0000000000,0.0000000000,0.0012281715,0.9462365029,0.0525353256,1.0000000000,0.9999997917,0
0,7051127.5612797579,275000.0000000000,640.0000000000,0.9920603595,0.9902100000,0.0001552416,0.0000000000,0.0000000000,0,0.0000000000,0.0000000000,0.0000000000,0.0000000000,0.0000000000,1.0000000000,0.0073635728,0.1503388690,0.8422975582,1.0000000000,0.9999999105,0
1,7050202.7284014933,275002.0602173647,640.0000000000,0.9896357265,0.9899900000,0.0000107444,0.0000000000,0.0000000000,0,1.0000000000,0.0000000000,0.0000000000,0.0000000000,1.0000000000,0.0000000000,0.0009154946,0.9458897065,0.0531947990,1.0000000000,0.9999999870,0
0,7051146.8958661882,275000.0000000000,642.0000000000,0.9882456248,0.9895700000,0.0001666935,0.0000000000,0.0000000000,0,0.0000000000,0.0000000000,0.0000000000,0.0000000000,0.0000000000,1.0000000000,0.0102380502,0.1508297375,0.8389322123,1.0000000000,1.0000000000,0
1,7050213.3530608537,275002.5747460345,642.0000000000,0.9900904389,0.9897100000,0.0000105699,0.0000000000,0.0000000000,0,1.0000000000,0.0000000000,0.0000000000,0.0000000000,1.0000000000,0.0000000000,0.0013293829,0.9464512058,0.0522194112,1.0000000000,0.9999999640,0
0,7051166.2304526186,275000.0000000000,644.0000000000,0.9888450771,0.9895200000,0.0001636026,0.0000000000,0.0000000000,0,0.0000000000,0.0000000000,0.0000000000,0.0000000000,0.0000000000,1.0000000000,0.0076279990,0.1445243548,0.8478476462,1.0000000000,1.0000000000,0
1,7050225.5298707346,275001.7923194003,644.0000000000,0.9892539471,0.9901600000,0.0000109479,0.0000000000,0.0000000000,0,0.0000000000,0.0000000000,0.0000000000,0.0000000000,1.0000000000,0.0000000000,0.0013643421,0.9448996146,0.0537360433,1.0000000000,0.9999999940,0
0,7051185.5650390489,275000.0000000000,646.0000000000,0.9910544612,0.9897500000,0.0001781694,0.0000000000,0.0000000000,0,0.0000000000,0.0000000000,0.0000000000,0.0000000000,0.0000000000,1.0000000000,0.0102739230,0.1527279263,0.8369981507,1.0000000000,1.0000000000,0
1,7050236.4595649866,274999.4124340505,646.0000000000,0.9897067508,0.9901400000,0.0000110951,0.0000000000,0.0000000000,0,0.0000000000,0.0000000000,0.0000000000,0.0000000000,1.0000000000,0.0000000000,0.0011300578,0.9462326810,0.0526372612,1.0000000000,0.9999999970,0
0,7051204.8996254792,275000.0000000000,648.0000000000,0.9900372792,0.9896500000,0.0001661410,0.0000000000,0.0000000000,0,0.0000000000,0.0000000000,0.0000000000,0.0000000000,0.0000000000,1.0000000000,0.0095663328,0.1538358635,0.8365978036,1.0000000000,1.0000000000,0
1,7050239.8914836273,274999.1594204321,648.0000000000,0.9896107062,0.9901700000,0.0000103440,0.0000000000,0.0000000000,0,0.0000000000,0.0000000000,0.0000000000,0.0000000000,1.0000000000,0.0000000000,0.0009433318,0.9473414107,0.0517152575,1.0000000000,1.0000000000,0
0,7051224.2342119096,275000.0000000000,650.0000000000,0.9882426827,0.9896400000,0.0001668350,0.0000000000,0.0000000000,0,0.0000000000,0.0000000000,0.0000000000,0.0000000000,0.0000000000,1.0000000000,0.0063327819,0.1499602916,0.8437069265,1.0000000000,1.0000000000,0
1,7050250.1780236680,274999.9138118967,650.0000000000,0.9901596889,0.9901800000,0.0000116578,0.0000000000,0.0000000000,0,0.0000000000,0.0000000000,0.0000000000,0.0000000000,1.0000000000,0.0000000000,0.0009636539,0.9475528988,0.0514834473,1.0000000000,1.0000000000,0
0,7051243.5687983399,275000.0000000000,652.0000000000,0.9911472463,0.9903900000,0.0001751536,0.0000000000,0.0000000000,0,0.0000000000,0.0000000000,0.0000000000,0.0000000000,0.0000000000,1.0000000000,0.0077638160,0.1587963207,0.8334398633,0.9999999755,0.9999999616,0
1,7050261.6457054634,274998.5862816744,652.0000000000,0.9908752964,0.9898300000,0.0000108941,0.0000000000,0.0000000000,0,0.0000000000,0.0000000000,0.0000000000,0.0000000000,1.0000000000,0.0000000000,0.0010922496,0.9472865405,0.0516212099,1.0000000000,0.9999999939,0
0,7051262.9033847703,275000.0000000000,654.0000000000,0.9909941268,0.9903500000,0.0001661524,0.0000000000,0.0000000000,0,0.0000000000,0.0000000000,0.0000000000,0.0000000000,0.0000000000,1.0000000000,0.0065854299,0.1529284867,0.8404860834,0.9999999751,0.9999999611,0
1,7050270.6189148724,274997.0440012951,654.0000000000,0.9901408014,0.9896300000,0.0000102727,0.0000000000,0.0000000000,0,1.0000000000,0.0000000000,0.0000000000,0.0000000000,1.0000000000,0.0000000000,0.0008809500,0.9469788492,0.0521402009,1.0000000000,0.9999999985,0
0,7051282.2379712006,275000.0000000000,656.0000000000,0.9909674033,0.9902800000,0.0001608155,0.0000000000,0.0000000000,0,0.0000000000,0.0000000000,0.0000000000,0.0000000000,0.0000000000,1.0000000000,0.0075396183,0.1536126508,0.8388477308,1.0000000000,1.0000000000,0
1,7050280.3842049735,274996.6078227800,656.0000000000,0.9902136338,0.9901100000,0.0000107417,0.0000000000,0.0000000000,0,1.0000000000,0.0000000000,0.0000000000,0.0000000000,1.0000000000,0.0000000000,0.0011162393,0.9460508925,0.0528328681,1.0000000000,0.9999999939,0
0,7051301.5725576309,275000.0000000000,658.0000000000,0.9893243599,0.9903400000,0.0001762181,0.0000000000,0.0000000000,0,0.0000000000,0.0000000000,0.0000000000,0.0000000000,0.0000000000,1.0000000000,0.0093895006,0.1550910067,0.8355194927,1.0000000000,1.0000000000,0
1,7050290.3527665772,274995.8003797459,658.0000000000,0.9903500513,0.9902300000,0.0000108371,0.0000000000,0.0000000000,0,1.0000000000,0.0000000000,0.0000000000,0.0000000000,1.0000000000,0.0000000000,0.0012169074,0.9471685972,0.0516144955,1.0000000000,0.9999999985,0
0,7051320.9071440613,275000.0000000000,660.0000000000,0.9893538118,0.9900200000,0.0001742316,0.0000000000,0.0000000000,0,0.0000000000,0.0000000000,0.0000000000,0.0000000000,0.0000000000,1.0000000000,0.0062837388,0.0814252813,0.9122909799,1.0000000000,1.0000000000,0
1,7050299.3244442269,274995.9379316466,660.0000000000,0.9896475871,0.9898500000,0.0000098161,0.0000000000,0.0000000000,0,0.0000000000,0.0000000000,0.0000000000,0.0000000000,1.0000000000,0.0000000000,0.0005540829,0.9454029375,0.0540429796,1.0000000000,0.9999999955,0
0,7051340.2417304916,275000.0000000000,662.0000000000,0.9887037942,0.9908700000,0.0001923759,0.0000000000,0.0000000000,0,0.0000000000,0.0000000000,0.0000000000,0.0000000000,0.0000000000,1.0000000000,0.0031263470,0.0842751233,0.9125985297,1.0000000000,1.0000000000,0
1,7050310.4506813074,274998.0077973384,662.0000000000,0.9905813172,0.9898400000,0.0000102909,0.0000000000,0.0000000000,0,0.0000000000,0.0000000000,0.0000000000,0.0000000000,1.0000000000,0.0000000000,0.0004298362,0.9471614132,0.0524087506,1.0000000000,0.9999999954,0
0,7051359.5763169220,275000.0000000000,664.0000000000,0.9897739286,0.9895600000,0.0001763388,0.0000000000,0.0000000000,0,0.0000000000,0.0000000000,0.0000000000,0.0000000000,0.0000000000,1.0000000000,0.0033346655,0.0883749560,0.9082903786,1.0000000000,0.9999999721,0
1,7050321.1803214392,274997.8234636909,664.0000000000,0.9903258970,0.9898800000,0.0000102025,0.0000000000,0.0000000000,0,0.0000000000,0.0000000000,0.0000000000,0.0000000000,1.0000000000,0.0000000000,0.0003938391,0.9463390385,0.0532671224,1.0000000000,0.9999999970,0
0,7051378.9109033523,275000.0000000000,666.0000000000,0.9899691790,0.9900400000,0.0001503048,0.0000000000,0.0000000000,0,0.0000000000,0.0000000000,0.0000000000,0.0000000000,0.0000000000,1.0000000000,0.0102071532,0.1484953199,0.8412975269,1.0000000000,0.9999999255,0
1,7050330.5634140577,274995.3350359204,666.0000000000,0.9898840417,0.9901200000,0.0000103195,0.0000000000,0.0000000000,0,1.0000000000,0.0000000000,0.0000000000,0.0000000000,1.0000000000,0.0000000000,0.0012281556,0.9465361003,0.0522357441,1.0000000000,0.9999999669,0
0,7051398.2454897827,275000.0000000000,668.0000000000,0.9904066839,0.9900300000,0.0001679093,0.0000000000,0.0000000000,0,0.0000000000,0.0000000000,0.0000000000,0.0000000000,0.0000000000,1.0000000000,0.0084863280,0.1618557910,0.8296578810,1.0000000000,1.0000000000,0
1,7050344.8023215719,274995.4675283784,668.0000000000,0.9902721110,0.9897900000,0.0000107488,0.0000000000,0.0000000000,0,0.0000000000,0.0000000000,0.0000000000,0.0000000000,1.0000000000,0.0000000000,0.0008741864,0.9470517481,0.0520740655,1.0000000000,0.9999999954,0
0,7051417.5800762130,275000.0000000000,670.0000000000,0.9909087380,0.9895200000,0.0001764998,0.0000000000,0.0000000000,0,0.0000000000,0.0000000000,0.0000000000,0.0000000000,0.0000000000,1.0000000000,0.0044160106,0.0779212164,0.9176627729,1.0000000000,1.0000000000,0
1,7050351.2594619542,274999.0278477270,670.0000000000,0.9897958073,0.9901300000,0.0000106169,0.0000000000,0.0000000000,0,0.0000000000,0.0000000000,0.0000000000,0.0000000000,1.0000000000,0.0000000000,0.0003402565,0.9466343249,0.0530254187,1.0000000000,0.9999999985,0
0,7051436.9146626433,275000.0000000000,672.0000000000,0.9911900851,0.9897900000,0.0001878476,0.0000000000,0.0000000000,0,0.0000000000,0.0000000000,0.0000000000,0.0000000000,0.0000000000,1.0000000000,0.0050268078,0.0792790492,0.9156941430,0.9999999733,0.9999999733,0
1,7050361.1999167632,274999.1485947871,672.0000000000,0.9895842945,0.9902500000,0.0000109641,0.0000000000,0.0000000000,0,0.0000000000,0.0000000000,0.0000000000,0.0000000000,1.0000000000,0.0000000000,0.0005546320,0.9470222375,0.0524231305,1.0000000000,0.9999999970,0
0,7051456.2492490737,275000.0000000000,674.0000000000,0.9906968784,0.9904600000,0.0001937340,0.0000000000,0.0000000000,0,0.0000000000,0.0000000000,0.0000000000,0.0000000000,0.0000000000,1.0000000000,0.0053248130,0.0802203035,0.9144548836,1.0000000000,1.0000000000,0
1,7050372.0245491881,274999.3528313139,674.0000000000,0.9897671824,0.9893500000,0.0000098664,0.0000000000,0.0000000000,0,0.0000000000,0.0000000000,0.0000000000,0.0000000000,1.0000000000,0.0000000000,0.0004815628,0.9478129272,0.0517055100,1.0000000000,0.9999999924,0
0,7051475.5838355040,275000.0000000000,676.0000000000,0.9887010558,0.9899100000,0.0001909878,0.0000000000,0.0000000000,0,0.0000000000,0.0000000000,0.0000000000,0.0000000000,0.0000000000,1.0000000000,0.0052933310,0.0896864534,0.9050202156,0.9999999734,0.9999999445,0
1,7050379.5124961110,274998.6132748134,676.0000000000,0.9898536900,0.9899900000,0.0000112881,0.0000000000,0.0000000000,0,0.0000000000,0.0000000000,0.0000000000,0.0000000000,1.0000000000,0.0000000000,0.0006087177,0.9465614653,0.0528298170,1.0000000000,0.9999999955,0
0,7051494.9184219344,275000.0000000000,678.0000000000,0.9896535829,0.9899600000,0.0001647487,0.0000000000,0.0000000000,0,0.0000000000,0.0000000000,0.0000000000,0.0000000000,0.0000000000,1.0000000000,0.0090255135,0.1528083202,0.8381661662,1.0000000000,0.9999998496,0
1,7050389.4030300584,275002.2713711472,678.0000000000,0.9897983457,0.9904500000,0.0000102241,0.0000000000,0.0000000000,0,1.0000000000,0.0000000000,0.0000000000,0.0000000000,1.0000000000,0.0000000000,0.0010494366,0.9457712240,0.0531793394,1.0000000000,0.9999999685,0
0,7051514.2530083647,275000.0000000000,680.0000000000,0.9899149557,0.9905200000,0.0001782051,0.0000000000,0.0000000000,0,0.0000000000,0.0000000000,0.0000000000,0.0000000000,0.0000000000,1.0000000000,0.0043269641,0.0792212998,0.9164517361,0.9999999735,0.9999999735,0
1,7050400.1506221201,275002.8312099421,680.0000000000,0.9905380465,0.9905300000,0.0000101221,0.0000000000,0.0000000000,0,0.0000000000,0.0000000000,0.0000000000,0.0000000000,1.0000000000,0.0000000000,0.0005009212,0.9468226422,0.0526764366,1.0000000000,0.9999999909,0
0,7051533.5875947950,275000.0000000000,682.0000000000,0.9903137426,0.9899900000,0.0001749974,0.0000000000,0.0000000000,0,0.0000000000,0.0000000000,0.0000000000,0.0000000000,0.0000000000,1.0000000000,0.0047564627,0.0778808792,0.9173626581,1.0000000000,1.0000000000,0
1,7050410.6251419941,275003.8927901243,682.0000000000,0.9903091642,0.9899100000,0.0000108881,0.0000000000,0.0000000000,0,0.0000000000,0.0000000000,0.0000000000,0.0000000000,1.0000000000,0.0000000000,0.0005019312,0.9461903086,0.0533077601,0.9999999985,0.9999999985,0
0,7051552.9221812254,275000.0000000000,684.0000000000,0.9904258599,0.9895500000,0.0001759313,0.0000000000,0.0000000000,0,0.0000000000,0.0000000000,0.0000000000,0.0000000000,0.0000000000,1.0000000000,0.0090415148,0.1479838707,0.8429746146,0.9999999752,0.9999999618,0
1,7050420.5192584367,275002.0269435922,684.0000000000,0.9893166408,0.9897300000,0.0000107942,0.0000000000,0.0000000000,0,0.0000000000,0.0000000000,0.0000000000,0.0000000000,1.0000000000,0.0000000000,0.0007845187,0.9461037136,0.0531117676,1.0000000000,0.9999999954,0
0,7051572.2567676557,275000.0000000000,686.0000000000,0.9906177667,0.9900300000,0.0001529798,0.0000000000,0.0000000000,0,0.0000000000,0.0000000000,0.0000000000,0.0000000000,0.0000000000,1.0000000000,0.0082967261,0.1627322362,0.8289710378,1.0000000000,0.9999998595,0
1,7050429.3767644120,274996.9148747962,686.0000000000,0.9907560100,0.9894400000,0.0000095811,0.0000000000,0.0000000000,0,1.0000000000,0.0000000000,0.0000000000,0.0000000000,1.0000000000,0.0000000000,0.0013965119,0.9469501280,0.0516533601,1.0000000000,0.9999998323,0
0,7051591.5913540861,275000.0000000000,688.0000000000,0.9891842807,0.9895100000,0.0001715132,0.0000000000,0.0000000000,0,0.0000000000,0.0000000000,0.0000000000,0.0000000000,0.0000000000,1.0000000000,0.0070761741,0.1517910305,0.8411327955,0.9999999745,0.9999991086,0
1,7050437.6729691643,274993.1961378671,688.0000000000,0.9904182354,0.9902300000,0.0000103990,0.0000000000,0.0000000000,0,1.0000000000,0.0000000000,0.0000000000,0.0000000000,1.0000000000,0.0000000000,0.0013297121,0.9453992873,0.0532710006,1.0000000000,0.9999996317,0
0,7051610.9259405164,275000.0000000000,690.0000000000,0.9902459590,0.9900500000,0.0001656679,0.0000000000,0.0000000000,0,0.0000000000,0.0000000000,0.0000000000,0.0000000000,0.0000000000,1.0000000000,0.0096737122,0.1548515141,0.8354747737,1.0000000000,0.9999999737,0
1,7050448.4568155594,274995.2130113490,690.0000000000,0.9898991943,0.9899300000,0.0000102981,0.0000000000,0.0000000000,0,1.0000000000,0.0000000000,0.0000000000,0.0000000000,1.0000000000,0.0000000000,0.0013998255,0.9453905809,0.0532095936,0.9999999970,0.9999999500,0
0,7051630.2605269467,275000.0000000000,692.0000000000,0.9900453013,0.9905600000,0.0001567062,0.0000000000,0.0000000000,0,0.0000000000,0.0000000000,0.0000000000,0.0000000000,0.0000000000,1.0000000000,0.0059945567,0.1485086899,0.8454967534,1.0000000000,0.9999999883,0
1,7050459.1499642739,274995.1739755434,692.0000000000,0.9902489556,0.9904000000,0.0000105354,0.0000000000,0.0000000000,0,1.0000000000,0.0000000000,0.0000000000,0.0000000000,1.0000000000,0.0000000000,0.0013148146,0.9465238097,0.0521613757,1.0000000000,0.9999999793,0
0,7051649.5951133771,275000.0000000000,694.0000000000,0.9899403641,0.9907100000,0.0001570259,0.0000000000,0.0000000000,0,0.0000000000,0.0000000000,0.0000000000,0.0000000000,0.0000000000,1.0000000000,0.0083004462,0.1493428239,0.8423567298,1.0000000000,0.9999999751,0
1,7050468.6027790215,274994.7504631146,694.0000000000,0.9901019012,0.9899100000,0.0000099651,0.0000000000,0.0000000000,0,1.0000000000,0.0000000000,0.0000000000,0.0000000000,1.0000000000,0.0000000000,0.0011459863,0.9461563193,0.0526976943,1.0000000000,0.9999999723,0
0,7051668.9296998074,275000.0000000000,696.0000000000,0.9909751360,0.9902500000,0.0001768127,0.0000000000,0.0000000000,0,0.0000000000,0.0000000000,0.0000000000,0.0000000000,0.0000000000,1.0000000000,0.0086996890,0.1441480385,0.8471522725,1.0000000000,0.9999999870,0
1,7050477.1102230214,274997.7620291837,696.0000000000,0.9900736436,0.9895800000,0.0000103394,0.0000000000,0.0000000000,0,1.0000000000,0.0000000000,0.0000000000,0.0000000000,1.0000000000,0.0000000000,0.0011836404,0.9463659517,0.0524504079,1.0000000000,0.9999999940,0
0,7051688.2642862378,275000.0000000000,698.0000000000,0.9899894053,0.9903600000,0.0001806617,0.0000000000,0.0000000000,0,0.0000000000,0.0000000000,0.0000000000,0.0000000000,0.0000000000,1.0000000000,0.0051884840,0.0758383588,0.9189731572,0.9999999724,0.9999999724,0
1,7050487.7259206846,274997.1409845711,698.0000000000,0.9900684504,0.9903500000,0.0000107543,0.0000000000,0.0000000000,0,1.0000000000,0.0000000000,0.0000000000,0.0000000000,1.0000000000,0.0000000000,0.0014649703,0.9462695840,0.0522654458,1.0000000000,0.9999999985,0
0,7051707.5988726681,275000.0000000000,700.0000000000,0.9905489563,0.9899800000,0.0001784435,0.0000000000,0.0000000000,0,0.0000000000,0.0000000000,0.0000000000,0.0000000000,0.0000000000,1.0000000000,0.0053307913,0.0773276294,0.9173415793,1.0000000000,1.0000000000,0
1,7050496.1714362521,274993.5689181715,700.0000000000,0.9892782373,0.9904900000,0.0000101389,0.0000000000,0.0000000000,0,1.0000000000,0.0000000000,0.0000000000,0.0000000000,1.0000000000,0.0000000000,0.0013824710,0.9462535338,0.0523639952,1.0000000000,0.9999999954,0
0,7051726.9334590985,275000.0000000000,702.0000000000,0.9897812458,0.9902900000,0.0001665838,0.0000000000,0.0000000000,0,0.0000000000,0.0000000000,0.0000000000,0.0000000000,0.0000000000,1.0000000000,0.0074062432,0.1467500517,0.8458437051,0.9999999748,0.9999999748,0
1,7050505.4363001008,274997.0199984697,702.0000000000,0.9900139870,0.9899800000,0.0000101057,0.0000000000,0.0000000000,0,1.0000000000,0.0000000000,0.0000000000,0.0000000000,1.0000000000,0.0000000000,0.0011008721,0.9451753292,0.0537237987,1.0000000000,0.9999999954,0
0,7051746.2680455288,275000.0000000000,704.0000000000,0.9890774600,0.9900200000,0.0001772896,0.0000000000,0.0000000000,0,0.0000000000,0.0000000000,0.0000000000,0.0000000000,0.0000000000,1.0000000000,0.0080616515,0.1590391778,0.8328991707,1.0000000000,1.0000000000,0
1,7050515.9633377893,274996.9814064363,704.0000000000,0.9901636212,0.9904200000,0.0000105135,0.0000000000,0.0000000000,0,1.0000000000,0.0000000000,0.0000000000,0.0000000000,1.0000000000,0.0000000000,0.0008820265,0.9459651979,0.0531527755,1.0000000000,0.9999999954,0
0,7051765.6026319591,275000.0000000000,706.0000000000,0.9896146479,0.9901000000,0.0001550917,0.0000000000,0.0000000000,0,0.0000000000,0.0000000000,0.0000000000,0.0000000000,0.0000000000,1.0000000000,0.0069619474,0.1547133088,0.8383247438,1.0000000000,0.9999996144,0
1,7050526.6474558813,275001.4190120541,706.0000000000,0.9897688542,0.9897400000,0.0000103597,0.0000000000,0.0000000000,0,1.0000000000,0.0000000000,0.0000000000,0.0000000000,1.0000000000,0.0000000000,0.0011330354,0.9457032144,0.0531637502,1.0000000000,0.9999997522,0
0,7051784.9372183895,275000.0000000000,708.0000000000,0.9904822433,0.9906800000,0.0001622077,0.0000000000,0.0000000000,0,0.0000000000,0.0000000000,0.0000000000,0.0000000000,0.0000000000,1.0000000000,0.0096093701,0.1572254579,0.8331651720,1.0000000000,1.0000000000,0
1,7050540.4146020515,275001.4149567138,708.0000000000,0.9898144020,0.9900800000,0.0000108900,0.0000000000,0.0000000000,0,1.0000000000,0.0000000000,0.0000000000,0.0000000000,1.0000000000,0.0000000000,0.0012310716,0.9456049207,0.0531640078,0.9999999970,0.9999999700,0
0,7051804.2718048198,275000.0000000000,710.0000000000,0.9901419448,0.9901200000,0.0001758083,0.0000000000,0.0000000000,0,0.0000000000,0.0000000000,0.0000000000,0.0000000000,0.0000000000,1.0000000000,0.0058809690,0.1438567003,0.8502623306,1.0000000000,1.0000000000,0
1,7050546.6351808487,275001.2746857515,710.0000000000,0.9895748491,0.9897400000,0.0000101960,0.0000000000,0.0000000000,0,0.0000000000,0.0000000000,0.0000000000,0.0000000000,1.0000000000,0.0000000000,0.0010181583,0.9453113269,0.0536705148,0.9999999985,0.9999999956,0
0,7051823.6063912502,275000.0000000000,712.0000000000,0.9911956868,0.9899500000,0.0001725060,0.0000000000,0.0000000000,0,0.0000000000,0.0000000000,0.0000000000,0.0000000000,0.0000000000,1.0000000000,0.0095452678,0.1521312034,0.8383235288,1.0000000000,1.0000000000,0
1,7050558.6378723606,275003.0443485280,712.0000000000,0.9900820898,0.9901300000,0.0000109331,0.0000000000,0.0000000000,0,0.0000000000,0.0000000000,0.0000000000,0.0000000000,1.0000000000,0.0000000000,0.0012140294,0.9462625796,0.0525233910,1.0000000000,0.9999999871,0
0,7051842.9409776805,275000.0000000000,714.0000000000,0.9908425205,0.9898500000,0.0001666815,0.0000000000,0.0000000000,0,0.0000000000,0.0000000000,0.0000000000,0.0000000000,0.0000000000,1.0000000000,0.0093026934,0.1553160004,0.8353813062,0.9999999496,0.9999998858,0
1,7050566.8682726445,275003.6496828755,714.0000000000,0.9904607045,0.9901100000,0.0000104007,0.0000000000,0.0000000000,0,0.0000000000,0.0000000000,0.0000000000,0.0000000000,1.0000000000,0.0000000000,0.0012749984,0.9458210154,0.0529039862,1.0000000000,0.9999999640,0
0,7051862.2755641108,275000.0000000000,716.0000000000,0.9907624145,0.9902600000,0.0001655712,0.0000000000,0.0000000000,0,0.0000000000,0.0000000000,0.0000000000,0.0000000000,0.0000000000,1.0000000000,0.0074417976,0.1550946853,0.8374635171,1.0000000000,1.0000000000,0
1,7050579.9729197752,274999.6909500919,716.0000000000,0.9896714247,0.9898500000,0.0000104806,0.0000000000,0.0000000000,0,1.0000000000,0.0000000000,0.0000000000,0.0000000000,1.0000000000,0.0000000000,0.0013295341,0.9459135603,0.0527569056,1.0000000000,0.9999999853,0
0,7051881.6101505412,275000.0000000000,718.0000000000,0.9888948107,0.9904200000,0.0001624808,0.0000000000,0.0000000000,0,0.0000000000,0.0000000000,0.0000000000,0.0000000000,0.0000000000,1.0000000000,0.0065513657,0.1420656985,0.8513829358,1.0000000000,1.0000000000,0
1,7050588.0957709616,274999.7463434900,718.0000000000,0.9902707397,0.9900900000,0.0000104704,0.0000000000,0.0000000000,0,1.0000000000,0.0000000000,0.0000000000,0.0000000000,1.0000000000,0.0000000000,0.0010899891,0.9457762172,0.0531337937,1.0000000000,0.9999999984,0
0,7051900.9447369715,275000.0000000000,720.0000000000,0.9914105328,0.9898100000,0.0001682529,0.0000000000,0.0000000000,0,0.0000000000,0.0000000000,0.0000000000,0.0000000000,0.0000000000,1.0000000000,0.0105363758,0.1489446762,0.8405189480,1.0000000000,1.0000000000,0
1,7050600.1031032335,275000.1760656470,720.0000000000,0.9901462060,0.9897800000,0.0000103238,0.0000000000,0.0000000000,0,1.0000000000,0.0000000000,0.0000000000,0.0000000000,1.0000000000,0.0000000000,0.0013641732,0.9446089455,0.0540268813,1.0000000000,0.9999999985,0
0,7051920.2793234019,275000.0000000000,722.0000000000,0.9893074412,0.9902400000,0.0001748621,0.0000000000,0.0000000000,0,0.0000000000,0.0000000000,0.0000000000,0.0000000000,0.0000000000,1.0000000000,0.0075407942,0.1453010701,0.8471581357,1.0000000000,1.0000000000,0
1,7050610.8468320537,274998.7924244372,722.0000000000,0.9894227769,0.9901300000,0.0000109410,0.0000000000,0.0000000000,0,1.0000000000,0.0000000000,0.0000000000,0.0000000000,1.0000000000,0.0000000000,0.0013285766,0.9448476585,0.0538237648,1.0000000000,0.9999999971,0
0,7051939.6139098322,275000.0000000000,724.0000000000,0.9898535508,0.9899400000,0.0001746796,0.0000000000,0.0000000000,0,0.0000000000,0.0000000000,0.0000000000,0.0000000000,0.0000000000,1.0000000000,0.0077957973,0.1502413945,0.8419628082,1.0000000000,1.0000000000,0
1,7050620.7624763949,274997.9510370333,724.0000000000,0.9904740246,0.9893300000,0.0000101720,0.0000000000,0.0000000000,0,1.0000000000,0.0000000000,0.0000000000,0.0000000000,1.0000000000,0.0000000000,0.0011642618,0.9467117926,0.0521239456,0.9999999985,0.9999999654,0
0,7051958.9484962625,275000.0000000000,726.0000000000,0.9899243382,0.9897500000,0.0001641051,0.0000000000,0.0000000000,0,0.0000000000,0.0000000000,0.0000000000,0.0000000000,0.0000000000,1.0000000000,0.0068482393,0.1523010515,0.8408507092,1.0000000000,1.0000000000,0
1,7050630.3070206381,275000.2698182211,726.0000000000,0.9896815228,0.9900000000,0.0000100135,0.0000000000,0.0000000000,0,1.0000000000,0.0000000000,0.0000000000,0.0000000000,1.0000000000,0.0000000000,0.0010908401,0.9462744501,0.0526347097,1.0000000000,0.9999999970,0
0,7051978.2830826929,275000.0000000000,728.0000000000,0.9908014999,0.9901900000,0.0001854345,0.0000000000,0.0000000000,0,0.0000000000,0.0000000000,0.0000000000,0.0000000000,0.0000000000,1.0000000000,0.0046004808,0.0864489794,0.9089505399,1.0000000000,1.0000000000,0
1,7050641.3766345354,275000.2307057670,728.0000000000,0.9901856897,0.9896800000,0.0000102503,0.0000000000,0.0000000000,0,1.0000000000,0.0000000000,0.0000000000,0.0000000000,1.0000000000,0.0000000000,0.0012015264,0.9459916639,0.0528068096,1.0000000000,0.9999999970,0
0,7051997.6176691232,275000.0000000000,730.0000000000,0.9904479452,0.9900600000,0.0001782137,0.0000000000,0.0000000000,0,0.0000000000,0.0000000000,0.0000000000,0.0000000000,0.0000000000,1.0000000000,0.0055338313,0.0827310405,0.9117351282,0.9999999743,0.9999999743,0
1,7050650.9863521717,274998.9852131190,730.0000000000,0.9900689282,0.9904200000,0.0000106044,0.0000000000,0.0000000000,0,1.0000000000,0.0000000000,0.0000000000,0.0000000000,1.0000000000,0.0000000000,0.0011844857,0.9460889465,0.0527265678,1.0000000000,0.9999999954,0
0,7052016.9522555536,275000.0000000000,732.0000000000,0.9909154942,0.9902400000,0.0001746033,0.0000000000,0.0000000000,0,0.0000000000,0.0000000000,0.0000000000,0.0000000000,0.0000000000,1.0000000000,0.0056360339,0.0829008245,0.9114631416,1.0000000000,1.0000000000,0
1,7050660.1329150619,275000.1006139045,732.0000000000,0.9903561813,0.9899400000,0.0000109476,0.0000000000,0.0000000000,0,1.0000000000,0.0000000000,0.0000000000,0.0000000000,1.0000000000,0.0000000000,0.0009103909,0.9462262554,0.0528633536,1.0000000000,0.9999999986,0
0,7052036.2868419839,275000.0000000000,734.0000000000,0.9896822547,0.9899200000,0.0001753816,0.0000000000,0.0000000000,0,0.0000000000,0.0000000000,0.0000000000,0.0000000000,0.0000000000,1.0000000000,0.0066507690,0.0815007365,0.9118484944,1.0000000000,1.0000000000,0
1,7050670.3222548356,274999.0044734247,734.0000000000,0.9896943157,0.9900400000,0.0000098685,0.0000000000,0.0000000000,0,1.0000000000,0.0000000000,0.0000000000,0.0000000000,1.0000000000,0.0000000000,0.0010192300,0.9469407093,0.0520400606,1.0000000000,0.9999999941,0
0,7052055.6214284142,275000.0000000000,736.0000000000,0.9899528894,0.9900000000,0.0001567379,0.0000000000,0.0000000000,0,0.0000000000,0.0000000000,0.0000000000,0.0000000000,0.0000000000,1.0000000000,0.0085984050,0.1546525038,0.8367490912,1.0000000000,1.0000000000,0
1,7050682.1689668484,274998.3069346604,736.0000000000,0.9897764757,0.9903500000,0.0000105408,0.0000000000,0.0000000000,0,1.0000000000,0.0000000000,0.0000000000,0.0000000000,1.0000000000,0.0000000000,0.0009277757,0.9481528997,0.0509193246,1.0000000000,0.9999999956,0
0,7052074.9560148446,275000.0000000000,738.0000000000,0.9897331924,0.9898400000,0.0001739340,0.0000000000,0.0000000000,0,0.0000000000,0.0000000000,0.0000000000,0.0000000000,0.0000000000,1.0000000000,0.0076033701,0.1570945144,0.8353021155,1.0000000000,1.0000000000,0
1,7050691.8381247865,274998.1168116408,738.0000000000,0.9896035280,0.9901000000,0.0000107269,0.0000000000,0.0000000000,0,1.0000000000,0.0000000000,0.0000000000,0.0000000000,1.0000000000,0.0000000000,0.0011650340,0.9452323871,0.0536025789,1.0000000000,0.9999999985,0
0,7052094.2906012749,275000.0000000000,740.0000000000,0.9894391686,0.9902400000,0.0001651915,0.0000000000,0.0000000000,0,0.0000000000,0.0000000000,0.0000000000,0.0000000000,0.0000000000,1.0000000000,0.0099471789,0.1439203202,0.8461325009,1.0000000000,1.0000000000,0
1,7050700.9330546334,274998.4204924374,740.0000000000,0.9898128084,0.9902600000,0.0000100463,0.0000000000,0.0000000000,0,1.0000000000,0.0000000000,0.0000000000,0.0000000000,1.0000000000,0.0000000000,0.0013271519,0.9459247297,0.0527481184,1.0000000000,0.9999999970,0
0,7052113.6251877053,275000.0000000000,742.0000000000,0.9902280833,0.9901400000,0.0001764630,0.0000000000,0.0000000000,0,0.0000000000,0.0000000000,0.0000000000,0.0000000000,0.0000000000,1.0000000000,0.0080958648,0.1549930827,0.8369110525,1.0000000000,0.9999999887,0
1,7050709.4956468828,274997.6178273163,742.0000000000,0.9894449640,0.9906000000,0.0000106461,0.0000000000,0.0000000000,0,1.0000000000,0.0000000000,0.0000000000,0.0000000000,1.0000000000,0.0000000000,0.0011456654,0.9456787645,0.0531755701,1.0000000000,1.0000000000,0
0,7052132.9597741356,275000.0000000000,744.0000000000,0.9906731721,0.9905300000,0.0001665848,0.0000000000,0.0000000000,0,0.0000000000,0.0000000000,0.0000000000,0.0000000000,0.0000000000,1.0000000000,0.0088077890,0.1513633806,0.8398288304,1.0000000000,0.9999999891,0
1,7050716.8831982678,274996.9663413459,744.0000000000,0.9894021975,0.9896800000,0.0000100209,0.0000000000,0.0000000000,0,1.0000000000,0.0000000000,0.0000000000,0.0000000000,1.0000000000,0.0000000000,0.0009633507,0.9470052842,0.0520313650,1.0000000000,0.9999999939,0
0,7052152.2943605660,275000.0000000000,746.0000000000,0.9892492463,0.9903900000,0.0001687006,0.0000000000,0.0000000000,0,0.0000000000,0.0000000000,0.0000000000,0.0000000000,0.0000000000,1.0000000000,0.0106093856,0.1525974164,0.8367931980,0.9999999750,0.9999998236,0
1,7050729.9552224409,274995.7744860593,746.0000000000,0.9898231759,0.9904000000,0.0000100728,0.0000000000,0.0000000000,0,1.0000000000,0.0000000000,0.0000000000,0.0000000000,1.0000000000,0.0000000000,0.0013841021,0.9462441138,0.0523717841,1.0000000000,0.9999999816,0
0,7052171.6289469963,275000.0000000000,748.0000000000,0.9909019671,0.9896500000,0.0001689893,0.0000000000,0.0000000000,0,0.0000000000,0.0000000000,0.0000000000,0.0000000000,0.0000000000,1.0000000000,0.0067745310,0.1526978580,0.8405276111,1.0000000000,0.9999998765,0
1,7050738.1400063438,275001.0621422018,748.0000000000,0.9896277377,0.9904200000,0.0000113606,0.0000000000,0.0000000000,0,0.0000000000,0.0000000000,0.0000000000,0.0000000000,1.0000000000,0.0000000000,0.0011356087,0.9461719347,0.0526924566,1.0000000000,0.9999998361,0
0,7052190.9635334266,275000.0000000000,750.0000000000,0.9890255434,0.9898700000,0.0001714742,0.0000000000,0.0000000000,0,0.0000000000,0.0000000000,0.0000000000,0.0000000000,0.0000000000,1.0000000000,0.0079942848,0.1482086438,0.8437970713,0.9999999748,0.9999999748,0
1,7050748.6721749306,274999.0947649477,750.0000000000,0.9896959288,0.9902100000,0.0000103795,0.0000000000,0.0000000000,0,0.0000000000,0.0000000000,0.0000000000,0.0000000000,1.0000000000,0.0000000000,0.0011179893,0.9458116780,0.0530703327,1.0000000000,0.9999999985,0
0,7052210.2981198570,275000.0000000000,752.0000000000,0.9887149200,0.9898600000,0.0001684381,0.0000000000,0.0000000000,0,0.0000000000,0.0000000000,0.0000000000,0.0000000000,0.0000000000,1.0000000000,0.0107760375,0.1585550317,0.8306689308,0.9999999757,0.9999999757,0
1,7050758.9872343913,274999.6954136290,752.0000000000,0.9899922579,0.9900600000,0.0000105784,0.0000000000,0.0000000000,0,0.0000000000,0.0000000000,0.0000000000,0.0000000000,1.0000000000,0.0000000000,0.0010939012,0.9445321976,0.0543739012,1.0000000000,0.9999999985,0
0,7052229.6327062873,275000.0000000000,754.0000000000,0.9911331344,0.9907100000,0.0001690198,0.0000000000,0.0000000000,0,0.0000000000,0.0000000000,0.0000000000,0.0000000000,0.0000000000,1.0000000000,0.0073006752,0.1502481899,0.8424511349,1.0000000000,1.0000000000,0
1,7050769.4880545251,275001.4618566774,754.0000000000,0.9901680074,0.9902300000,0.0000105555,0.0000000000,0.0000000000,0,0.0000000000,0.0000000000,0.0000000000,0.0000000000,1.0000000000,0.0000000000,0.0011335482,0.9449080233,0.0539584285,1.0000000000,0.9999999599,0
0,7052248.9672927177,275000.0000000000,756.0000000000,0.9875538206,0.9903900000,0.0001611643,0.0000000000,0.0000000000,0,0.0000000000,0.0000000000,0.0000000000,0.0000000000,0.0000000000,1.0000000000,0.0077547116,0.1490794255,0.8431658629,1.0000000000,1.0000000000,0
1,7050783.4705870943,274998.0082222109,756.0000000000,0.9903812143,0.9896700000,0.0000100457,0.0000000000,0.0000000000,0,1.0000000000,0.0000000000,0.0000000000,0.0000000000,1.0000000000,0.0000000000,0.0011452304,0.9474277512,0.0514270184,1.0000000000,0.9999999870,0
0,7052268.3018791480,275000.0000000000,758.0000000000,0.9904364000,0.9905800000,0.0001671797,0.0000000000,0.0000000000,0,0.0000000000,0.0000000000,0.0000000000,0.0000000000,0.0000000000,1.0000000000,0.0076451951,0.1556088523,0.8367459526,1.0000000000,0.9999901690,0
1,7050794.2078385185,274992.7970728611,758.0000000000,0.9900620422,0.9896200000,0.0000109139,0.0000000000,0.0000000000,0,1.0000000000,0.0000000000,0.0000000000,0.0000000000,1.0000000000,0.0000000000,0.0011291524,0.9468637146,0.0520071330,1.0000000000,0.9999947473,0
0,7052287.6364655783,275000.0000000000,760.0000000000,0.9898461914,0.9901700000,0.0001731383,0.0000000000,0.0000000000,0,0.0000000000,0.0000000000,0.0000000000,0.0000000000,0.0000000000,1.0000000000,0.0065438698,0.1501296112,0.8433265189,1.0000000000,0.9999996302,0
1,7050805.3685373450,275000.3501786086,760.0000000000,0.9896753684,0.9909100000,0.0000107044,0.0000000000,0.0000000000,0,1.0000000000,0.0000000000,0.0000000000,0.0000000000,1.0000000000,0.0000000000,0.0011290701,0.9474664408,0.0514044891,1.0000000000,0.9999998742,0
0,7052306.9710520087,275000.0000000000,762.0000000000,0.9901205832,0.9896500000,0.0001807521,0.0000000000,0.0000000000,0,0.0000000000,0.0000000000,0.0000000000,0.0000000000,0.0000000000,1.0000000000,0.0068105370,0.1513177429,0.8418717201,1.0000000000,0.9999998606,0
1,7050814.6661333125,275001.8633020217,762.0000000000,0.9898105524,0.9893500000,0.0000104915,0.0000000000,0.0000000000,0,1.0000000000,0.0000000000,0.0000000000,0.0000000000,1.0000000000,0.0000000000,0.0011454306,0.9470527215,0.0518018480,1.0000000000,0.9999998239,0
0,7052326.3056384390,275000.0000000000,764.0000000000,0.9909138408,0.9899500000,0.0001686547,0.0000000000,0.0000000000,0,0.0000000000,0.0000000000,0.0000000000,0.0000000000,0.0000000000,1.0000000000,0.0066540593,0.1528721979,0.8404737428,0.9999999745,0.9999999635,0
1,7050824.6587931439,275001.4677327430,764.0000000000,0.9900238175,0.9898100000,0.0000100706,0.0000000000,0.0000000000,0,1.0000000000,0.0000000000,0.0000000000,0.0000000000,1.0000000000,0.0000000000,0.0012879594,0.9449507978,0.0537612429,1.0000000000,0.9999999880,0
0,7052345.6402248694,275000.0000000000,766.0000000000,0.9893382538,0.9904100000,0.0001898018,0.0000000000,0.0000000000,0,0.0000000000,0.0000000000,0.0000000000,0.0000000000,0.0000000000,1.0000000000,0.0040819980,0.0756825970,0.9202354051,1.0000000000,0.9999999885,0
1,7050834.2168729790,274999.4963705051,766.0000000000,0.9897147542,0.9902300000,0.0000104485,0.0000000000,0.0000000000,0,0.0000000000,0.0000000000,0.0000000000,0.0000000000,1.0000000000,0.0000000000,0.0004702187,0.9475422995,0.0519874819,1.0000000000,0.9999999970,0
0,7052364.9748112997,275000.0000000000,768.0000000000,0.9900436354,0.9901900000,0.0001648254,0.0000000000,0.0000000000,0,0.0000000000,0.0000000000,0.0000000000,0.0000000000,0.0000000000,1.0000000000,0.0064141891,0.1512328972,0.8423529136,1.0000000000,1.0000000000,0
1,7050846.2760379296,275000.7210275327,768.0000000000,0.9902865701,0.9901500000,0.0000112979,0.0000000000,0.0000000000,0,1.0000000000,0.0000000000,0.0000000000,0.0000000000,1.0000000000,0.0000000000,0.0009474939,0.9462913780,0.0527611280,1.0000000000,0.9999999970,0
0,7052384.3093977300,275000.0000000000,770.0000000000,0.9894023264,0.9901100000,0.0001727930,0.0000000000,0.0000000000,0,0.0000000000,0.0000000000,0.0000000000,0.0000000000,0.0000000000,1.0000000000,0.0084909272,0.1508902978,0.8406187750,1.0000000000,1.0000000000,0
1,7050852.0179668982,274999.8593200602,770.0000000000,0.9899299066,0.9897900000,0.0000097696,0.0000000000,0.0000000000,0,1.0000000000,0.0000000000,0.0000000000,0.0000000000,1.0000000000,0.0000000000,0.0014168100,0.9441784400,0.0544047500,1.0000000000,0.9999999924,0
0,7052403.6439841604,275000.0000000000,772.0000000000,0.9894334690,0.9899600000,0.0001663322,0.0000000000,0.0000000000,0,0.0000000000,0.0000000000,0.0000000000,0.0000000000,0.0000000000,1.0000000000,0.0096569046,0.1495530472,0.8407900482,0.9999999755,0.9999999755,0
1,7050859.5350944875,274999.3402572624,772.0000000000,0.9898052175,0.9905300000,0.0000104214,0.0000000000,0.0000000000,0,1.0000000000,0.0000000000,0.0000000000,0.0000000000,1.0000000000,0.0000000000,0.0010182087,0.9463021589,0.0526796325,1.0000000000,0.9999999985,0
0,7052422.9785705907,275000.0000000000,774.0000000000,0.9905573153,0.9900800000,0.0001548542,0.0000000000,0.0000000000,0,0.0000000000,0.0000000000,0.0000000000,0.0000000000,0.0000000000,1.0000000000,0.0099222909,0.1462984485,0.8437792606,1.0000000000,0.9999999887,0
1,7050867.1923482539,275001.4037831672,774.0000000000,0.9897908576,0.9901600000,0.0000101679,0.0000000000,0.0000000000,0,1.0000000000,0.0000000000,0.0000000000,0.0000000000,1.0000000000,0.0000000000,0.0009647393,0.9464490101,0.0525862506,1.0000000000,0.9999999956,0
0,7052442.3131570211,275000.0000000000,776.0000000000,0.9900839744,0.9903500000,0.0001648070,0.0000000000,0.0000000000,0,0.0000000000,0.0000000000,0.0000000000,0.0000000000,0.0000000000,1.0000000000,0.0095672506,0.1437475835,0.8466851659,1.0000000000,0.9999999400,0
1,7050877.4094153764,275004.6068461934,776.0000000000,0.9902205985,0.9900400000,0.0000106687,0.0000000000,0.0000000000,0,1.0000000000,0.0000000000,0.0000000000,0.0000000000,1.0000000000,0.0000000000,0.0012361576,0.9464192899,0.0523445524,1.0000000000,0.9999998947,0
0,7052461.6477434514,275000.0000000000,778.0000000000,0.9904408555,0.9898900000,0.0001767137,0.0000000000,0.0000000000,0,0.0000000000,0.0000000000,0.0000000000,0.0000000000,0.0000000000,1.0000000000,0.0047250940,0.0807608246,0.9145140814,1.0000000000,1.0000000000,0
1,7050890.2033732254,275001.7118585850,778.0000000000,0.9901900965,0.9894700000,0.0000102954,0.0000000000,0.0000000000,0,1.0000000000,0.0000000000,0.0000000000,0.0000000000,1.0000000000,0.0000000000,0.0011634196,0.9449675210,0.0538690594,1.0000000000,0.9999999970,0
0,7052480.9823298818,275000.0000000000,780.0000000000,0.9890319637,0.9897700000,0.0001605021,0.0000000000,0.0000000000,0,0.0000000000,0.0000000000,0.0000000000,0.0000000000,0.0000000000,1.0000000000,0.0092592131,0.1529913137,0.8377494732,1.0000000000,0.9999999892,0
1,7050901.2669421900,275000.1892643481,780.0000000000,0.9894436069,0.9900200000,0.0000102176,0.0000000000,0.0000000000,0,0.0000000000,0.0000000000,0.0000000000,0.0000000000,1.0000000000,0.0000000000,0.0012324377,0.9456516533,0.0531159090,1.0000000000,0.9999999758,0
0,7052500.3169163121,275000.0000000000,782.0000000000,0.9897582291,0.9892600000,0.0001745393,0.0000000000,0.0000000000,0,0.0000000000,0.0000000000,0.0000000000,0.0000000000,0.0000000000,1.0000000000,0.0096385321,0.1450414746,0.8453199933,0.9999999752,0.9999999752,0
1,7050912.1196370889,274997.7006483168,782.0000000000,0.9893995062,0.9904000000,0.0000098860,0.0000000000,0.0000000000,0,0.0000000000,0.0000000000,0.0000000000,0.0000000000,1.0000000000,0.0000000000,0.0011118587,0.9463226854,0.0525654559,1.0000000000,0.9999997061,0
0,7052519.6515027424,275000.0000000000,784.0000000000,0.9902137034,0.9902800000,0.0001533292,0.0000000000,0.0000000000,0,0.0000000000,0.0000000000,0.0000000000,0.0000000000,0.0000000000,1.0000000000,0.0088164528,0.1506021372,0.8405814100,0.9999999745,0.9999916032,0
1,7050924.1137947273,274993.2422910859,784.0000000000,0.9900879182,0.9900500000,0.0000108939,0.0000000000,0.0000000000,0,1.0000000000,0.0000000000,0.0000000000,0.0000000000,1.0000000000,0.0000000000,0.0011073329,0.9454188047,0.0534738624,1.0000000000,0.9999953156,0
0,7052538.9860891728,275000.0000000000,786.0000000000,0.9898791923,0.9898400000,0.0001702279,0.0000000000,0.0000000000,0,0.0000000000,0.0000000000,0.0000000000,0.0000000000,0.0000000000,1.0000000000,0.0085481739,0.1489692275,0.8424825986,1.0000000000,0.9999996534,0
1,7050933.6792419991,274993.8864074020,786.0000000000,0.9899978641,0.9904500000,0.0000111366,0.0000000000,0.0000000000,0,0.0000000000,0.0000000000,0.0000000000,0.0000000000,1.0000000000,0.0000000000,0.0012717183,0.9454997377,0.0532285440,1.0000000000,0.9999999393,0
0,7052558.3206756031,275000.0000000000,788.0000000000,0.9908545360,0.9906100000,0.0001644460,0.0000000000,0.0000000000,0,0.0000000000,0.0000000000,0.0000000000,0.0000000000,0.0000000000,1.0000000000,0.0064999008,0.1516062144,0.8418938848,1.0000000000,1.0000000000,0
1,7050937.2384063285,274997.5602151772,788.0000000000,0.9896628441,0.9902600000,0.0000107183,0.0000000000,0.0000000000,0,1.0000000000,0.0000000000,0.0000000000,0.0000000000,1.0000000000,0.0000000000,0.0012924330,0.9466946346,0.0520129324,1.0000000000,1.0000000000,0
0,7052577.6552620335,275000.0000000000,790.0000000000,0.9885265252,0.9897100000,0.0001685814,0.0000000000,0.0000000000,0,0.0000000000,0.0000000000,0.0000000000,0.0000000000,0.0000000000,1.0000000000,0.0057313258,0.0859821848,0.9082864895,1.0000000000,1.0000000000,0
1,7050945.2657209970,274995.5747388264,790.0000000000,0.9899445454,0.9902700000,0.0000101669,0.0000000000,0.0000000000,0,0.0000000000,0.0000000000,0.0000000000,0.0000000000,1.0000000000,0.0000000000,0.0005872699,0.9473044663,0.0521082638,1.0000000000,0.9999999909,0
0,7052596.9898484638,275000.0000000000,792.0000000000,0.9895509701,0.9901600000,0.0001895618,0.0000000000,0.0000000000,0,0.0000000000,0.0000000000,0.0000000000,0.0000000000,0.0000000000,1.0000000000,0.0034681721,0.0822615263,0.9142703016,1.0000000000,1.0000000000,0
1,7050957.7238871409,274997.4510686790,792.0000000000,0.9902481101,0.9900200000,0.0000100347,0.0000000000,0.0000000000,0,0.0000000000,0.0000000000,0.0000000000,0.0000000000,1.0000000000,0.0000000000,0.0005271467,0.9468751082,0.0525977451,1.0000000000,0.9999999955,0
0,7052616.3244348941,275000.0000000000,794.0000000000,0.9917176157,0.9902600000,0.0001726487,0.0000000000,0.0000000000,0,0.0000000000,0.0000000000,0.0000000000,0.0000000000,0.0000000000,1.0000000000,0.0111816229,0.1570625741,0.8317558031,0.9999999745,0.9999999745,0
1,7050968.6705529047,274998.4659648274,794.0000000000,0.9899394041,0.9894100000,0.0000105760,0.0000000000,0.0000000000,0,1.0000000000,0.0000000000,0.0000000000,0.0000000000,1.0000000000,0.0000000000,0.0012562884,0.9465353619,0.0522083498,1.0000000000,0.9999999985,0
0,7052635.6590213245,275000.0000000000,796.0000000000,0.9904298329,0.9899000000,0.0001757282,0.0000000000,0.0000000000,0,0.0000000000,0.0000000000,0.0000000000,0.0000000000,0.0000000000,1.0000000000,0.0091433571,0.1538736377,0.8369830052,1.0000000000,1.0000000000,0
1,7050981.5606153719,274998.4642544493,796.0000000000,0.9902105115,0.9905700000,0.0000103712,0.0000000000,0.0000000000,0,1.0000000000,0.0000000000,0.0000000000,0.0000000000,1.0000000000,0.0000000000,0.0008927846,0.9467197571,0.0523874583,1.0000000000,0.9999999985,0
0,7052654.9936077548,275000.0000000000,798.0000000000,0.9896585358,0.9897200000,0.0001729471,0.0000000000,0.0000000000,0,0.0000000000,0.0000000000,0.0000000000,0.0000000000,0.0000000000,1.0000000000,0.0083506127,0.1493683623,0.8422810249,1.0000000000,1.0000000000,0
1,7050991.1792943096,274995.6816791308,798.0000000000,0.9902260879,0.9896700000,0.0000108892,0.0000000000,0.0000000000,0,0.0000000000,0.0000000000,0.0000000000,0.0000000000,1.0000000000,0.0000000000,0.0011729727,0.9476022534,0.0512247739,0.9999999985,0.9999999669,0
0,7052674.3281941852,275000.0000000000,800.0000000000,0.9908066382,0.9898100000,0.0001673350,0.0000000000,0.0000000000,0,0.0000000000,0.0000000000,0.0000000000,0.0000000000,0.0000000000,1.0000000000,0.0026016897,0.0857247737,0.9116735367,1.0000000000,1.0000000000,0
1,7051001.2079754863,274999.0019677582,800.0000000000,0.9903815966,0.9900500000,0.0000112013,0.0000000000,0.0000000000,0,0.0000000000,0.0000000000,0.0000000000,0.0000000000,1.0000000000,0.0000000000,0.0004893229,0.9461980833,0.0533125938,1.0000000000,0.9999999985,0
0,7052693.6627806155,275000.0000000000,802.0000000000,0.9906157954,0.9903300000,0.0001618183,0.0000000000,0.0000000000,0,0.0000000000,0.0000000000,0.0000000000,0.0000000000,0.0000000000,1.0000000000,0.0049974205,0.0770481153,0.9179544642,0.9999999696,0.9999999696,0
1,7051011.0147663569,274998.6864312424,802.0000000000,0.9902174236,0.9893700000,0.0000112052,0.0000000000,0.0000000000,0,0.0000000000,0.0000000000,0.0000000000,0.0000000000,1.0000000000,0.0000000000,0.0005482994,0.9450511664,0.0544005341,1.0000000000,0.9999999985,0
0,7052712.9973670458,275000.0000000000,804.0000000000,0.9907638006,0.9904300000,0.0001615558,0.0000000000,0.0000000000,0,0.0000000000,0.0000000000,0.0000000000,0.0000000000,0.0000000000,1.0000000000,0.0077270752,0.1443302255,0.8479426992,1.0000000000,1.0000000000,0
1,7051020.1754367361,274999.7936678780,804.0000000000,0.9902658761,0.9908000000,0.0000105719,0.0000000000,0.0000000000,0,1.0000000000,0.0000000000,0.0000000000,0.0000000000,1.0000000000,0.0000000000,0.0014180273,0.9458421728,0.0527398000,1.0000000000,0.9999999954,0
0,7052732.3319534762,275000.0000000000,806.0000000000,0.9905825688,0.9902900000,0.0001775104,0.0000000000,0.0000000000,0,0.0000000000,0.0000000000,0.0000000000,0.0000000000,0.0000000000,1.0000000000,0.0031028353,0.0888068292,0.9080903355,1.0000000000,1.0000000000,0
1,7051027.3251969889,274999.3202885903,806.0000000000,0.9904989520,0.9900400000,0.0000104770,0.0000000000,0.0000000000,0,0.0000000000,0.0000000000,0.0000000000,0.0000000000,1.0000000000,0.0000000000,0.0005086310,0.9480839472,0.0514074218,0.9999999985,0.9999999985,0
0,7052751.6665399065,275000.0000000000,808.0000000000,0.9908465894,0.9898400000,0.0001691243,0.0000000000,0.0000000000,0,0.0000000000,0.0000000000,0.0000000000,0.0000000000,0.0000000000,1.0000000000,0.0057690694,0.1503540802,0.8438768504,1.0000000000,1.0000000000,0
1,7051036.1064980421,275004.4398616497,808.0000000000,0.9897139695,0.9900800000,0.0000107829,0.0000000000,0.0000000000,0,1.0000000000,0.0000000000,0.0000000000,0.0000000000,1.0000000000,0.0000000000,0.0013122701,0.9457748322,0.0529128977,1.0000000000,0.9999989488,0
0,7052771.0011263369,275000.0000000000,810.0000000000,0.9895927689,0.9894600000,0.0001753446,0.0000000000,0.0000000000,0,0.0000000000,0.0000000000,0.0000000000,0.0000000000,0.0000000000,1.0000000000,0.0047620220,0.0835872993,0.9116506787,1.0000000000,1.0000000000,0
1,7051048.9679866936,275003.2396185798,810.0000000000,0.9902272255,0.9900900000,0.0000108504,0.0000000000,0.0000000000,0,0.0000000000,0.0000000000,0.0000000000,0.0000000000,1.0000000000,0.0000000000,0.0005099226,0.9468987254,0.0525913521,0.9999999985,0.9999999970,0
0,7052790.3357127672,275000.0000000000,812.0000000000,0.9879574913,0.9904100000,0.0001785382,0.0000000000,0.0000000000,0,0.0000000000,0.0000000000,0.0000000000,0.0000000000,0.0000000000,1.0000000000,0.0040368219,0.0817131569,0.9142500212,1.0000000000,1.0000000000,0
1,7051060.7248080866,275003.0937074099,812.0000000000,0.9895197503,0.9904400000,0.0000099357,0.0000000000,0.0000000000,0,0.0000000000,0.0000000000,0.0000000000,0.0000000000,1.0000000000,0.0000000000,0.0004304402,0.9461443238,0.0534252360,1.0000000000,0.9999999969,0
0,7052809.6702991975,275000.0000000000,814.0000000000,0.9890582457,0.9903500000,0.0001727499,0.0000000000,0.0000000000,0,0.0000000000,0.0000000000,0.0000000000,0.0000000000,0.0000000000,1.0000000000,0.0044606236,0.0819066759,0.9136327004,1.0000000000,1.0000000000,0
1,7051070.3514945991,275003.2349280667,814.0000000000,0.9904080111,0.9898100000,0.0000109803,0.0000000000,0.0000000000,0,0.0000000000,0.0000000000,0.0000000000,0.0000000000,1.0000000000,0.0000000000,0.0006640625,0.9464277366,0.0529082009,1.0000000000,0.9999999971,0
0,7052829.0048856279,275000.0000000000,816.0000000000,0.9909483985,0.9891800000,0.0001687876,0.0000000000,0.0000000000,0,0.0000000000,0.0000000000,0.0000000000,0.0000000000,0.0000000000,1.0000000000,0.0095786956,0.1495782198,0.8408430847,1.0000000000,0.9999999900,0
1,7051079.9258055426,275000.9093957628,816.0000000000,0.9901171773,0.9898400000,0.0000110739,0.0000000000,0.0000000000,0,1.0000000000,0.0000000000,0.0000000000,0.0000000000,1.0000000000,0.0000000000,0.0007825514,0.9468510299,0.0523664187,0.9999999985,0.9999999826,0
0,7052848.3394720582,275000.0000000000,818.0000000000,0.9894305555,0.9898000000,0.0001766584,0.0000000000,0.0000000000,0,0.0000000000,0.0000000000,0.0000000000,0.0000000000,0.0000000000,1.0000000000,0.0036378010,0.0827503664,0.9136118326,0.9999999724,0.9999999724,0
1,7051091.1795320371,275001.8976733857,818.0000000000,0.9895327125,0.9896000000,0.0000094469,0.0000000000,0.0000000000,0,0.0000000000,0.0000000000,0.0000000000,0.0000000000,1.0000000000,0.0000000000,0.0005868222,0.9456885043,0.0537246735,1.0000000000,0.9999999985,0
0,7052867.6740584886,275000.0000000000,820.0000000000,0.9904412657,0.9897800000,0.0001581522,0.0000000000,0.0000000000,0,0.0000000000,0.0000000000,0.0000000000,0.0000000000,0.0000000000,1.0000000000,0.0081760982,0.1493407004,0.8424832013,1.0000000000,0.9999999908,0
1,7051101.9333112463,274998.4281956899,820.0000000000,0.9899907202,0.9900600000,0.0000099450,0.0000000000,0.0000000000,0,0.0000000000,0.0000000000,0.0000000000,0.0000000000,1.0000000000,0.0000000000,0.0009963301,0.9459284244,0.0530752455,0.9999999985,0.9999999740,0
0,7052887.0086449189,275000.0000000000,822.0000000000,0.9901865648,0.9901600000,0.0001642221,0.0000000000,0.0000000000,0,0.0000000000,0.0000000000,0.0000000000,0.0000000000,0.0000000000,1.0000000000,0.0056995066,0.1481688521,0.8461316413,0.9999999736,0.9999999637,0
1,7051111.2330103340,274999.0526352652,822.0000000000,0.9898115403,0.9897600000,0.0000106361,0.0000000000,0.0000000000,0,0.0000000000,0.0000000000,0.0000000000,0.0000000000,1.0000000000,0.0000000000,0.0010926776,0.9461822902,0.0527250323,1.0000000000,1.0000000000,0
0,7052906.3432313493,275000.0000000000,824.0000000000,0.9894638711,0.9897400000,0.0001695940,0.0000000000,0.0000000000,0,0.0000000000,0.0000000000,0.0000000000,0.0000000000,0.0000000000,1.0000000000,0.0089390175,0.1455012537,0.8455597289,1.0000000000,0.9999999898,0
1,7051121.5371121792,274999.4369410581,824.0000000000,0.9900768840,0.9899800000,0.0000104747,0.0000000000,0.0000000000,0,0.0000000000,0.0000000000,0.0000000000,0.0000000000,1.0000000000,0.0000000000,0.0013146681,0.9471329616,0.0515523702,1.0000000000,0.9999999955,0
0,7052925.6778177796,275000.0000000000,826.0000000000,0.9899113993,0.9902000000,0.0001669229,0.0000000000,0.0000000000,0,0.0000000000,0.0000000000,0.0000000000,0.0000000000,0.0000000000,1.0000000000,0.0079303478,0.1574728298,0.8345968224,1.0000000000,1.0000000000,0
1,7051130.3575939601,275001.3232851423,826.0000000000,0.9900302970,0.9895800000,0.0000108365,0.0000000000,0.0000000000,0,0.0000000000,0.0000000000,0.0000000000,0.0000000000,1.0000000000,0.0000000000,0.0009720230,0.9453442813,0.0536836957,1.0000000000,0.9999999985,0
0,7052945.0124042099,275000.0000000000,828.0000000000,0.9898964987,0.9907700000,0.0001720315,0.0000000000,0.0000000000,0,0.0000000000,0.0000000000,0.0000000000,0.0000000000,0.0000000000,1.0000000000,0.0083529821,0.1517440804,0.8399029375,1.0000000000,0.9999999898,0
1,7051135.8500638064,274999.7967751107,828.0000000000,0.9899679842,0.9902600000,0.0000101746,0.0000000000,0.0000000000,0,0.0000000000,0.0000000000,0.0000000000,0.0000000000,1.0000000000,0.0000000000,0.0013120383,0.9444826311,0.0542053306,1.0000000000,0.9999999985,0
0,7052964.3469906403,275000.0000000000,830.0000000000,0.9896816306,0.9897600000,0.0001648207,0.0000000000,0.0000000000,0,0.0000000000,0.0000000000,0.0000000000,0.0000000000,0.0000000000,1.0000000000,0.0078893147,0.1517081199,0.8404025653,1.0000000000,0.9999999906,0
1,7051149.6894246759,275003.8207817361,830.0000000000,0.9896480967,0.9900100000,0.0000108531,0.0000000000,0.0000000000,0,1.0000000000,0.0000000000,0.0000000000,0.0000000000,1.0000000000,0.0000000000,0.0012358041,0.9457054942,0.0530587018,1.0000000000,0.9999999264,0
0,7052983.6815770706,275000.0000000000,832.0000000000,0.9893850366,0.9898200000,0.0001801078,0.0000000000,0.0000000000,0,0.0000000000,0.0000000000,0.0000000000,0.0000000000,0.0000000000,1.0000000000,0.0092449282,0.1464724112,0.8442826606,1.0000000000,0.9999996470,0
1,7051160.2463163799,275005.2704457184,832.0000000000,0.9899869337,0.9898300000,0.0000105786,0.0000000000,0.0000000000,0,1.0000000000,0.0000000000,0.0000000000,0.0000000000,1.0000000000,0.0000000000,0.0012202425,0.9465352765,0.0522444810,1.0000000000,0.9999990879,0
0,7053003.0161635010,275000.0000000000,834.0000000000,0.9898641376,0.9903300000,0.0001774910,0.0000000000,0.0000000000,0,0.0000000000,0.0000000000,0.0000000000,0.0000000000,0.0000000000,1.0000000000,0.0081032640,0.1519562164,0.8399405196,0.9999999859,0.9999999756,0
1,7051169.1169845145,275005.7593112435,834.0000000000,0.9898997275,0.9902600000,0.0000101030,0.0000000000,0.0000000000,0,1.0000000000,0.0000000000,0.0000000000,0.0000000000,1.0000000000,0.0000000000,0.0012375947,0.9458470316,0.0529153737,1.0000000000,0.9999997597,0
0,7053022.3507499313,275000.0000000000,836.0000000000,0.9910642885,0.9898300000,0.0001734410,0.0000000000,0.0000000000,0,0.0000000000,0.0000000000,0.0000000000,0.0000000000,0.0000000000,1.0000000000,0.0089981615,0.1524479454,0.8385538931,1.0000000000,1.0000000000,0
1,7051180.9099792298,275003.9560464572,836.0000000000,0.9895771305,0.9898000000,0.0000108959,0.0000000000,0.0000000000,0,0.0000000000,0.0000000000,0.0000000000,0.0000000000,1.0000000000,0.0000000000,0.0009363648,0.9458866602,0.0531769750,1.0000000000,0.9999999970,0
0,7053041.6853363616,275000.0000000000,838.0000000000,0.9893786288,0.9901400000,0.0001637849,0.0000000000,0.0000000000,0,0.0000000000,0.0000000000,0.0000000000,0.0000000000,0.0000000000,1.0000000000,0.0067918899,0.1563925269,0.8368155832,1.0000000000,1.0000000000,0
1,7051190.5543758431,275002.3464095166,838.0000000000,0.9897188580,0.9903600000,0.0000104240,0.0000000000,0.0000000000,0,0.0000000000,0.0000000000,0.0000000000,0.0000000000,1.0000000000,0.0000000000,0.0013125720,0.9469581284,0.0517292996,1.0000000000,0.9999999970,0
0,7053061.0199227920,275000.0000000000,840.0000000000,0.9904806952,0.9901100000,0.0001550672,0.0000000000,0.0000000000,0,0.0000000000,0.0000000000,0.0000000000,0.0000000000,0.0000000000,1.0000000000,0.0077179175,0.1579825649,0.8342995176,1.0000000000,0.9999998299,0
1,7051202.7282967828,275001.2471767632,840.0000000000,0.9902635301,0.9907400000,0.0000116426,0.0000000000,0.0000000000,0,0.0000000000,0.0000000000,0.0000000000,0.0000000000,1.0000000000,0.0000000000,0.0014519118,0.9462780085,0.0522700797,0.9999999985,0.9999999342,0
0,7053080.3545092223,275000.0000000000,842.0000000000,0.9904659531,0.9906000000,0.0001703228,0.0000000000,0.0000000000,0,0.0000000000,0.0000000000,0.0000000000,0.0000000000,0.0000000000,1.0000000000,0.0077056613,0.1461449472,0.8461493915,1.0000000000,1.0000000000,0
1,7051212.3802238917,275000.3372981787,842.0000000000,0.9896469559,0.9901100000,0.0000106451,0.0000000000,0.0000000000,0,0.0000000000,0.0000000000,0.0000000000,0.0000000000,1.0000000000,0.0000000000,0.0012559952,0.9464295175,0.0523144873,1.0000000000,0.9999999970,0
0,7053099.6890956527,275000.0000000000,844.0000000000,0.9900175228,0.9901400000,0.0001768087,0.0000000000,0.0000000000,0,0.0000000000,0.0000000000,0.0000000000,0.0000000000,0.0000000000,1.0000000000,0.0087721768,0.1491677426,0.8420600805,0.9999999741,0.9999999741,0
1,7051222.4177643228,275001.7026283626,844.0000000000,0.9896806136,0.9898600000,0.0000105077,0.0000000000,0.0000000000,0,0.0000000000,0.0000000000,0.0000000000,0.0000000000,1.0000000000,0.0000000000,0.0013134678,0.9468192693,0.0518672629,0.9999999985,0.9999999812,0
0,7053119.0236820830,275000.0000000000,846.0000000000,0.9909490791,0.9901300000,0.0001696262,0.0000000000,0.0000000000,0,0.0000000000,0.0000000000,0.0000000000,0.0000000000,0.0000000000,1.0000000000,0.0090366118,0.1452656980,0.8456976902,1.0000000000,0.9999996808,0
1,7051232.4435346592,275005.1973266235,846.0000000000,0.9902164617,0.9901200000,0.0000102947,0.0000000000,0.0000000000,0,1.0000000000,0.0000000000,0.0000000000,0.0000000000,1.0000000000,0.0000000000,0.0009248312,0.9469337209,0.0521414479,1.0000000000,0.9999994901,0
0,7053138.3582685133,275000.0000000000,848.0000000000,0.9902784333,0.9896400000,0.0001777137,0.0000000000,0.0000000000,0,0.0000000000,0.0000000000,0.0000000000,0.0000000000,0.0000000000,1.0000000000,0.0078768887,0.1493097840,0.8428133272,1.0000000000,1.0000000000,0
1,7051243.1006345600,275000.9765462742,848.0000000000,0.9900816047,0.9901300000,0.0000108973,0.0000000000,0.0000000000,0,0.0000000000,0.0000000000,0.0000000000,0.0000000000,1.0000000000,0.0000000000,0.0011147173,0.9467939868,0.0520912959,1.0000000000,0.9999999955,0
0,7053157.6928549437,275000.0000000000,850.0000000000,0.9897785360,0.9906600000,0.0001902547,0.0000000000,0.0000000000,0,0.0000000000,0.0000000000,0.0000000000,0.0000000000,0.0000000000,1.0000000000,0.0069046493,0.0824474385,0.9106479122,1.0000000000,0.9999999889,0
1,7051251.9549026079,275001.8191252535,850.0000000000,0.9891780088,0.9896800000,0.0000104396,0.0000000000,0.0000000000,0,0.0000000000,0.0000000000,0.0000000000,0.0000000000,1.0000000000,0.0000000000,0.0004497744,0.9476958275,0.0518543981,1.0000000000,0.9999999985,0
0,7053177.0274413740,275000.0000000000,852.0000000000,0.9897038679,0.9899600000,0.0001814045,0.0000000000,0.0000000000,0,0.0000000000,0.0000000000,0.0000000000,0.0000000000,0.0000000000,1.0000000000,0.0042518289,0.0800967440,0.9156514270,1.0000000000,0.9999999934,0
1,7051262.3369647758,275001.6354617057,852.0000000000,0.9894541100,0.9894700000,0.0000105589,0.0000000000,0.0000000000,0,0.0000000000,0.0000000000,0.0000000000,0.0000000000,1.0000000000,0.0000000000,0.0004104236,0.9471640825,0.0524254939,1.0000000000,0.9999999955,0
0,7053196.3620278044,275000.0000000000,854.0000000000,0.9895649671,0.9895200000,0.0001690045,0.0000000000,0.0000000000,0,0.0000000000,0.0000000000,0.0000000000,0.0000000000,0.0000000000,1.0000000000,0.0090864938,0.1539766442,0.8369368620,0.9999999745,0.9999999745,0
1,7051272.7022694405,274999.1281826809,854.0000000000,0.9902006248,0.9906200000,0.0000107287,0.0000000000,0.0000000000,0,0.0000000000,0.0000000000,0.0000000000,0.0000000000,1.0000000000,0.0000000000,0.0009345799,0.9458215774,0.0532438427,1.0000000000,0.9999999687,0
0,7053215.6966142347,275000.0000000000,856.0000000000,0.9903615582,0.9895500000,0.0001675204,0.0000000000,0.0000000000,0,0.0000000000,0.0000000000,0.0000000000,0.0000000000,0.0000000000,1.0000000000,0.0075756731,0.1470434000,0.8453809269,1.0000000000,0.9999999901,0
1,7051280.6667898390,274998.5412040137,856.0000000000,0.9901585293,0.9893100000,0.0000098664,0.0000000000,0.0000000000,0,0.0000000000,0.0000000000,0.0000000000,0.0000000000,1.0000000000,0.0000000000,0.0011527940,0.9463617611,0.0524854449,1.0000000000,0.9999999502,0
0,7053235.0312006650,275000.0000000000,858.0000000000,0.9895222417,0.9898600000,0.0001611298,0.0000000000,0.0000000000,0,0.0000000000,0.0000000000,0.0000000000,0.0000000000,0.0000000000,1.0000000000,0.0069259820,0.1561537051,0.8369203129,0.9999999907,0.9999997249,0
1,7051289.8205471337,274995.7211955779,858.0000000000,0.9902309880,0.9896400000,0.0000107975,0.0000000000,0.0000000000,0,1.0000000000,0.0000000000,0.0000000000,0.0000000000,1.0000000000,0.0000000000,0.0011273406,0.9466208126,0.0522518469,1.0000000000,0.9999999785,0
0,7053254.3657870954,275000.0000000000,860.0000000000,0.9911575571,0.9897400000,0.0001684818,0.0000000000,0.0000000000,0,0.0000000000,0.0000000000,0.0000000000,0.0000000000,0.0000000000,1.0000000000,0.0084825443,0.1464382125,0.8450792432,1.0000000000,0.9999999905,0
1,7051298.3123798175,274999.6416979657,860.0000000000,0.9902703725,0.9902600000,0.0000097816,0.0000000000,0.0000000000,0,1.0000000000,0.0000000000,0.0000000000,0.0000000000,1.0000000000,0.0000000000,0.0011621534,0.9464837568,0.0523540898,1.0000000000,0.9999999970,0
0,7053273.7003735257,275000.0000000000,862.0000000000,0.9898077553,0.9898600000,0.0001806322,0.0000000000,0.0000000000,0,0.0000000000,0.0000000000,0.0000000000,0.0000000000,0.0000000000,1.0000000000,0.0053265870,0.0782730024,0.9164004107,1.0000000000,0.9999999932,0
1,7051306.5130057177,274999.6342129396,862.0000000000,0.9900816199,0.9898800000,0.0000104710,0.0000000000,0.0000000000,0,1.0000000000,0.0000000000,0.0000000000,0.0000000000,1.0000000000,0.0000000000,0.0008909656,0.9466443034,0.0524647310,1.0000000000,0.9999999971,0
0,7053293.0349599561,275000.0000000000,864.0000000000,0.9891749603,0.9902000000,0.0001941365,0.0000000000,0.0000000000,0,0.0000000000,0.0000000000,0.0000000000,0.0000000000,0.0000000000,1.0000000000,0.0037157213,0.0824253895,0.9138588892,1.0000000000,1.0000000000,0
1,7051318.2547614388,274999.2983375762,864.0000000000,0.9899764951,0.9898300000,0.0000112220,0.0000000000,0.0000000000,0,1.0000000000,0.0000000000,0.0000000000,0.0000000000,1.0000000000,0.0000000000,0.0012184950,0.9444953152,0.0542861898,1.0000000000,0.9999999940,0
0,7053312.3695463864,275000.0000000000,866.0000000000,0.9898079914,0.9899900000,0.0001705885,0.0000000000,0.0000000000,0,0.0000000000,0.0000000000,0.0000000000,0.0000000000,0.0000000000,1.0000000000,0.0075264046,0.1452273497,0.8472462458,0.9999999648,0.9999999648,0
1,7051328.3830945734,274997.9901885999,866.0000000000,0.9895641395,0.9902000000,0.0000102801,0.0000000000,0.0000000000,0,0.0000000000,0.0000000000,0.0000000000,0.0000000000,1.0000000000,0.0000000000,0.0010536987,0.9460332601,0.0529130412,1.0000000000,0.9999999985,0
0,7053331.7041328168,275000.0000000000,868.0000000000,0.9895214182,0.9897100000,0.0001690035,0.0000000000,0.0000000000,0,0.0000000000,0.0000000000,0.0000000000,0.0000000000,0.0000000000,1.0000000000,0.0077138407,0.1528021678,0.8394839916,1.0000000000,0.9999998907,0
1,7051337.0249392930,275001.0613340762,868.0000000000,0.9903099413,0.9899200000,0.0000104432,0.0000000000,0.0000000000,0,1.0000000000,0.0000000000,0.0000000000,0.0000000000,1.0000000000,0.0000000000,0.0011643477,0.9477603386,0.0510753137,1.0000000000,0.9999999771,0
0,7053351.0387192471,275000.0000000000,870.0000000000,0.9911282966,0.9904800000,0.0001691658,0.0000000000,0.0000000000,0,0.0000000000,0.0000000000,0.0000000000,0.0000000000,0.0000000000,1.0000000000,0.0046069717,0.0826634368,0.9127295915,1.0000000000,1.0000000000,0
1,7051349.2452201461,274997.9375044374,870.0000000000,0.9897801909,0.9896500000,0.0000102534,0.0000000000,0.0000000000,0,1.0000000000,0.0000000000,0.0000000000,0.0000000000,1.0000000000,0.0000000000,0.0015271192,0.9471751770,0.0512977038,1.0000000000,0.9999999939,0
0,7053370.3733056774,275000.0000000000,872.0000000000,0.9901213203,0.9902900000,0.0001783601,0.0000000000,0.0000000000,0,0.0000000000,0.0000000000,0.0000000000,0.0000000000,0.0000000000,1.0000000000,0.0029457240,0.0842592397,0.9127950363,1.0000000000,1.0000000000,0
1,7051359.7420270210,274998.0443051237,872.0000000000,0.9898864755,0.9901100000,0.0000095448,0.0000000000,0.0000000000,0,1.0000000000,0.0000000000,0.0000000000,0.0000000000,1.0000000000,0.0000000000,0.0014156801,0.9466831171,0.0519012028,1.0000000000,0.9999999970,0
0,7053389.7078921078,275000.0000000000,874.0000000000,0.9903476243,0.9900300000,0.0001779124,0.0000000000,0.0000000000,0,0.0000000000,0.0000000000,0.0000000000,0.0000000000,0.0000000000,1.0000000000,0.0044710479,0.0857738866,0.9097550655,1.0000000000,0.9999999907,0
1,7051370.2388338959,274998.1511058101,874.0000000000,0.9897834799,0.9897300000,0.0000103118,0.0000000000,0.0000000000,0,1.0000000000,0.0000000000,0.0000000000,0.0000000000,1.0000000000,0.0000000000,0.0011818460,0.9457461646,0.0530719894,1.0000000000,1.0000000000,0
0,7053409.0424785381,275000.0000000000,876.0000000000,0.9901407301,0.9899000000,0.0001854196,0.0000000000,0.0000000000,0,0.0000000000,0.0000000000,0.0000000000,0.0000000000,0.0000000000,1.0000000000,0.0052765521,0.0768269993,0.9178964486,1.0000000000,1.0000000000,0
1,7051380.7356407708,274998.2579064964,876.0000000000,0.9894991161,0.9901600000,0.0000102518,0.0000000000,0.0000000000,0,1.0000000000,0.0000000000,0.0000000000,0.0000000000,1.0000000000,0.0000000000,0.0013263211,0.9459623285,0.0527113504,1.0000000000,0.9999999969,0
0,7053428.3770649685,275000.0000000000,878.0000000000,0.9898979930,0.9896900000,0.0001891189,0.0000000000,0.0000000000,0,0.0000000000,0.0000000000,0.0000000000,0.0000000000,0.0000000000,1.0000000000,0.0045139764,0.0788696589,0.9166163647,1.0000000000,1.0000000000,0
1,7051391.2324476456,274998.3647071827,878.0000000000,0.9900004160,0.9894200000,0.0000107143,0.0000000000,0.0000000000,0,1.0000000000,0.0000000000,0.0000000000,0.0000000000,1.0000000000,0.0000000000,0.0011294277,0.9471138504,0.0517567219,1.0000000000,0.9999999970,0
0,7053447.7116513988,275000.0000000000,880.0000000000,0.9903401524,0.9903700000,0.0001737765,0.0000000000,0.0000000000,0,0.0000000000,0.0000000000,0.0000000000,0.0000000000,0.0000000000,1.0000000000,0.0084204054,0.1460495092,0.8455300854,1.0000000000,0.9999998969,0
1,7051400.1563261254,275001.1849513498,880.0000000000,0.9895683655,0.9898800000,0.0000107587,0.0000000000,0.0000000000,0,1.0000000000,0.0000000000,0.0000000000,0.0000000000,1.0000000000,0.0000000000,0.0010722507,0.9455574601,0.0533702892,1.0000000000,0.9999999703,0
0,7053467.0462378291,275000.0000000000,882.0000000000,0.9900201272,0.9898600000,0.0001684569,0.0000000000,0.0000000000,0,0.0000000000,0.0000000000,0.0000000000,0.0000000000,0.0000000000,1.0000000000,0.0084296606,0.1519504084,0.8396199309,1.0000000000,1.0000000000,0
1,7051409.7396874605,275001.6096168558,882.0000000000,0.9901259427,0.9901500000,0.0000107167,0.0000000000,0.0000000000,0,1.0000000000,0.0000000000,0.0000000000,0.0000000000,1.0000000000,0.0000000000,0.0011825866,0.9464970165,0.0523203969,0.9999999986,0.9999999426,0
0,7053486.3808242595,275000.0000000000,884.0000000000,0.9898295890,0.9904400000,0.0001598844,0.0000000000,0.0000000000,0,0.0000000000,0.0000000000,0.0000000000,0.0000000000,0.0000000000,1.0000000000,0.0081590814,0.1495569515,0.8422839670,1.0000000000,0.9999999335,0
1,7051419.3230487956,275002.0342823618,884.0000000000,0.9900967991,0.9901600000,0.0000108144,0.0000000000,0.0000000000,0,1.0000000000,0.0000000000,0.0000000000,0.0000000000,1.0000000000,0.0000000000,0.0011103525,0.9465512133,0.0523384342,1.0000000000,0.9999999855,0
0,7053505.7154106898,275000.0000000000,886.0000000000,0.9901838927,0.9901000000,0.0001666862,0.0000000000,0.0000000000,0,0.0000000000,0.0000000000,0.0000000000,0.0000000000,0.0000000000,1.0000000000,0.0096152056,0.1482166364,0.8421681580,0.9999999749,0.9999999563,0
1,7051428.9064101307,275002.4589478678,886.0000000000,0.9902557624,0.9904800000,0.0000100975,0.0000000000,0.0000000000,0,1.0000000000,0.0000000000,0.0000000000,0.0000000000,1.0000000000,0.0000000000,0.0010547043,0.9459369465,0.0530083492,1.0000000000,0.9999999771,0
0,7053525.0499971202,275000.0000000000,888.0000000000,0.9885040398,0.9901700000,0.0001752240,0.0000000000,0.0000000000,0,0.0000000000,0.0000000000,0.0000000000,0.0000000000,0.0000000000,1.0000000000,0.0078714828,0.1504552074,0.8416733098,1.0000000000,1.0000000000,0
1,7051438.4897714658,275002.8836133738,888.0000000000,0.9899593878,0.9897300000,0.0000103921,0.0000000000,0.0000000000,0,1.0000000000,0.0000000000,0.0000000000,0.0000000000,1.0000000000,0.0000000000,0.0010949609,0.9457155034,0.0531895357,1.0000000000,0.9999999838,0
0,7053544.3845835505,275000.0000000000,890.0000000000,0.9904734726,0.9904800000,0.0001597640,0.0000000000,0.0000000000,0,0.0000000000,0.0000000000,0.0000000000,0.0000000000,0.0000000000,1.0000000000,0.0086460041,0.1458660085,0.8454879873,1.0000000000,0.9999999910,0
1,7051445.8905158024,275006.2832653980,890.0000000000,0.9899743563,0.9896500000,0.0000114356,0.0000000000,0.0000000000,0,1.0000000000,0.0000000000,0.0000000000,0.0000000000,1.0000000000,0.0000000000,0.0009823718,0.9471098740,0.0519077542,1.0000000000,0.9999998565,0
0,7053563.7191699808,275000.0000000000,892.0000000000,0.9903036782,0.9898300000,0.0001671255,0.0000000000,0.0000000000,0,0.0000000000,0.0000000000,0.0000000000,0.0000000000,0.0000000000,1.0000000000,0.0093770757,0.1480595645,0.8425633598,1.0000000000,1.0000000000,0
1,7051455.9660022911,275007.0492757651,892.0000000000,0.9895555059,0.9897000000,0.0000100733,0.0000000000,0.0000000000,0,1.0000000000,0.0000000000,0.0000000000,0.0000000000,1.0000000000,0.0000000000,0.0011263822,0.9448673198,0.0540062980,0.9999999985,0.9999998798,0
0,7053583.0537564112,275000.0000000000,894.0000000000,0.9900214941,0.9901100000,0.0001570126,0.0000000000,0.0000000000,0,0.0000000000,0.0000000000,0.0000000000,0.0000000000,0.0000000000,1.0000000000,0.0081677291,0.1474026524,0.8444296185,1.0000000000,0.9999998901,0
1,7051466.0414887797,275007.8152861322,894.0000000000,0.9901036338,0.9905300000,0.0000103507,0.0000000000,0.0000000000,0,1.0000000000,0.0000000000,0.0000000000,0.0000000000,1.0000000000,0.0000000000,0.0013091262,0.9459728733,0.0527180005,1.0000000000,0.9999997447,0
0,7053602.3883428415,275000.0000000000,896.0000000000,0.9911415037,0.9904800000,0.0001732468,0.0000000000,0.0000000000,0,0.0000000000,0.0000000000,0.0000000000,0.0000000000,0.0000000000,1.0000000000,0.0083745873,0.1494087711,0.8422166417,1.0000000000,1.0000000000,0
1,7051476.1169752683,275008.5812964992,896.0000000000,0.9904637380,0.9898300000,0.0000105599,0.0000000000,0.0000000000,0,1.0000000000,0.0000000000,0.0000000000,0.0000000000,1.0000000000,0.0000000000,0.0009491561,0.9469243975,0.0521264464,1.0000000000,0.9999997854,0
0,7053621.7229292719,275000.0000000000,898.0000000000,0.9902139682,0.9893300000,0.0001688532,0.0000000000,0.0000000000,0,0.0000000000,0.0000000000,0.0000000000,0.0000000000,0.0000000000,1.0000000000,0.0095178953,0.1530011275,0.8374809772,1.0000000000,1.0000000000,0
1,7051486.1924617570,275009.3473068663,898.0000000000,0.9900118499,0.9904900000,0.0000114512,0.0000000000,0.0000000000,0,1.0000000000,0.0000000000,0.0000000000,0.0000000000,1.0000000000,0.0000000000,0.0010943670,0.9466316596,0.0522739733,0.9999999985,0.9999997587,0
0,7053641.0575157022,275000.0000000000,900.0000000000,0.9909190691,0.9898300000,0.0001868950,0.0000000000,0.0000000000,0,0.0000000000,0.0000000000,0.0000000000,0.0000000000,0.0000000000,1.0000000000,0.0031784194,0.0852844842,0.9115370964,1.0000000000,1.0000000000,0
1,7051494.0704107722,275005.6122617712,900.0000000000,0.9900037756,0.9895200000,0.0000105673,0.0000000000,0.0000000000,0,0.0000000000,0.0000000000,0.0000000000,0.0000000000,1.0000000000,0.0000000000,0.0004503212,0.9481970729,0.0513526058,1.0000000000,1.0000000000,0
0,7053660.3921021326,275000.0000000000,902.0000000000,0.9898071063,0.9901000000,0.0001853427,0.0000000000,0.0000000000,0,0.0000000000,0.0000000000,0.0000000000,0.0000000000,0.0000000000,1.0000000000,0.0043712043,0.0817420187,0.9138867770,0.9999999907,0.9999999614,0
1,7051503.8625182649,275005.5308416833,902.0000000000,0.9898763263,0.9897600000,0.0000103814,0.0000000000,0.0000000000,0,0.0000000000,0.0000000000,0.0000000000,0.0000000000,1.0000000000,0.0000000000,0.0006444892,0.9462669325,0.0530885782,0.9999999985,0.9999999910,0
0,7053679.7266885629,275000.0000000000,904.0000000000,0.9900439631,0.9904100000,0.0001823684,0.0000000000,0.0000000000,0,0.0000000000,0.0000000000,0.0000000000,0.0000000000,0.0000000000,1.0000000000,0.0058839805,0.0759538677,0.9181621518,1.0000000000,0.9999999624,0
1,7051513.6546257576,275005.4494215953,904.0000000000,0.9898695396,0.9901800000,0.0000099993,0.0000000000,0.0000000000,0,0.0000000000,0.0000000000,0.0000000000,0.0000000000,1.0000000000,0.0000000000,0.0004306833,0.9468133061,0.0527560106,1.0000000000,1.0000000000,0
0,7053699.0612749932,275000.0000000000,906.0000000000,0.9900357123,0.9903400000,0.0001796900,0.0000000000,0.0000000000,0,0.0000000000,0.0000000000,0.0000000000,0.0000000000,0.0000000000,1.0000000000,0.0027078129,0.0855693642,0.9117228228,1.0000000000,1.0000000000,0
1,7051523.4467332503,275005.3680015074,906.0000000000,0.9901188682,0.9901500000,0.0000103698,0.0000000000,0.0000000000,0,0.0000000000,0.0000000000,0.0000000000,0.0000000000,1.0000000000,0.0000000000,0.0004108286,0.9468358679,0.0527533036,1.0000000000,0.9999999940,0
0,7053718.3958614236,275000.0000000000,908.0000000000,0.9896222261,0.9893900000,0.0001853375,0.0000000000,0.0000000000,0,0.0000000000,0.0000000000,0.0000000000,0.0000000000,0.0000000000,1.0000000000,0.0041262444,0.0852617001,0.9106120555,1.0000000000,0.9999999715,0
1,7051533.2388407430,275005.2865814194,908.0000000000,0.9904526307,0.9900500000,0.0000109270,0.0000000000,0.0000000000,0,0.0000000000,0.0000000000,0.0000000000,0.0000000000,1.0000000000,0.0000000000,0.0004496153,0.9474514529,0.0520989319,1.0000000000,1.0000000000,0
0,7053737.7304478539,275000.0000000000,910.0000000000,0.9899862037,0.9896800000,0.0001744013,0.0000000000,0.0000000000,0,0.0000000000,0.0000000000,0.0000000000,0.0000000000,0.0000000000,1.0000000000,0.0078844832,0.1481001104,0.8440154064,1.0000000000,0.9999999913,0
1,7051546.9541903809,275005.4502512362,910.0000000000,0.9897736430,0.9896700000,0.0000107318,0.0000000000,0.0000000000,0,0.0000000000,0.0000000000,0.0000000000,0.0000000000,1.0000000000,0.0000000000,0.0010774666,0.9459902834,0.0529322500,1.0000000000,0.9999999969,0
0,7053757.0650342843,275000.0000000000,912.0000000000,0.9891640388,0.9902500000,0.0001784406,0.0000000000,0.0000000000,0,0.0000000000,0.0000000000,0.0000000000,0.0000000000,0.0000000000,1.0000000000,0.0069887867,0.1484365449,0.8445746683,1.0000000000,1.0000000000,0
1,7051557.2009582110,275005.3476044826,912.0000000000,0.9905420104,0.9901600000,0.0000113482,0.0000000000,0.0000000000,0,0.0000000000,0.0000000000,0.0000000000,0.0000000000,1.0000000000,0.0000000000,0.0011295799,0.9463898244,0.0524805957,1.0000000000,0.9999999985,0
0,7053776.3996207146,275000.0000000000,914.0000000000,0.9900181791,0.9901800000,0.0001767798,0.0000000000,0.0000000000,0,0.0000000000,0.0000000000,0.0000000000,0.0000000000,0.0000000000,1.0000000000,0.0085452493,0.1494921353,0.8419626154,1.0000000000,1.0000000000,0
1,7051567.4477260411,275005.2449577289,914.0000000000,0.9897210643,0.9899800000,0.0000108258,0.0000000000,0.0000000000,0,0.0000000000,0.0000000000,0.0000000000,0.0000000000,1.0000000000,0.0000000000,0.0010200811,0.9459211231,0.0530587958,1.0000000000,1.0000000000,0
0,7053795.7342071449,275000.0000000000,916.0000000000,0.9897695028,0.9895900000,0.0001629826,0.0000000000,0.0000000000,0,0.0000000000,0.0000000000,0.0000000000,0.0000000000,0.0000000000,1.0000000000,0.0094562886,0.1534305258,0.8371131856,1.0000000000,1.0000000000,0
1,7051577.6944938712,275005.1423109752,916.0000000000,0.9899237216,0.9899500000,0.0000109388,0.0000000000,0.0000000000,0,0.0000000000,0.0000000000,0.0000000000,0.0000000000,1.0000000000,0.0000000000,0.0011748189,0.9462954105,0.0525297706,0.9999999985,0.9999999940,0
0,7053815.0687935753,275000.0000000000,918.0000000000,0.9885324804,0.9903800000,0.0001678495,0.0000000000,0.0000000000,0,0.0000000000,0.0000000000,0.0000000000,0.0000000000,0.0000000000,1.0000000000,0.0076260136,0.1479693083,0.8444046781,1.0000000000,1.0000000000,0
1,7051587.9412617013,275005.0396642216,918.0000000000,0.9901987133,0.9897400000,0.0000102536,0.0000000000,0.0000000000,0,0.0000000000,0.0000000000,0.0000000000,0.0000000000,1.0000000000,0.0000000000,0.0014786559,0.9443957859,0.0541255582,1.0000000000,0.9999999955,0
0,7053834.4033800056,275000.0000000000,920.0000000000,0.9897528746,0.9901100000,0.0001723832,0.0000000000,0.0000000000,0,0.0000000000,0.0000000000,0.0000000000,0.0000000000,0.0000000000,1.0000000000,0.0079364036,0.1522729003,0.8397906961,1.0000000000,0.9999999161,0
1,7051596.5983714052,275002.8273848537,920.0000000000,0.9899384354,0.9901100000,0.0000102801,0.0000000000,0.0000000000,0,1.0000000000,0.0000000000,0.0000000000,0.0000000000,1.0000000000,0.0000000000,0.0012963287,0.9464830548,0.0522206165,1.0000000000,0.9999999599,0
0,7053853.7379664360,275000.0000000000,922.0000000000,0.9897473777,0.9899200000,0.0001692578,0.0000000000,0.0000000000,0,0.0000000000,0.0000000000,0.0000000000,0.0000000000,0.0000000000,1.0000000000,0.0106338975,0.1457159576,0.8436501449,1.0000000000,0.9999999432,0
1,7051606.7665368579,275003.4219103109,922.0000000000,0.9905077452,0.9900000000,0.0000103158,0.0000000000,0.0000000000,0,1.0000000000,0.0000000000,0.0000000000,0.0000000000,1.0000000000,0.0000000000,0.0013491249,0.9455069896,0.0531438855,1.0000000000,0.9999999856,0
0,7053873.0725528663,275000.0000000000,924.0000000000,0.9887859891,0.9904000000,0.0001607924,0.0000000000,0.0000000000,0,0.0000000000,0.0000000000,0.0000000000,0.0000000000,0.0000000000,1.0000000000,0.0080368370,0.1542837513,0.8376794117,1.0000000000,1.0000000000,0
1,7051616.9347023107,275004.0164357680,924.0000000000,0.9899610056,0.9896900000,0.0000107757,0.0000000000,0.0000000000,0,1.0000000000,0.0000000000,0.0000000000,0.0000000000,1.0000000000,0.0000000000,0.0014351380,0.9447369021,0.0538279600,1.0000000000,0.9999999840,0
0,7053892.4071392966,275000.0000000000,926.0000000000,0.9905829375,0.9902300000,0.0001679470,0.0000000000,0.0000000000,0,0.0000000000,0.0000000000,0.0000000000,0.0000000000,0.0000000000,1.0000000000,0.0093676731,0.1569505013,0.8336818256,1.0000000000,0.9999999449,0
1,7051627.1028677635,275004.6109612251,926.0000000000,0.9905058356,0.9899900000,0.0000109487,0.0000000000,0.0000000000,0,1.0000000000,0.0000000000,0.0000000000,0.0000000000,1.0000000000,0.0000000000,0.0008733519,0.9462147572,0.0529118909,1.0000000000,0.9999999595,0
0,7053911.7417257270,275000.0000000000,928.0000000000,0.9890529012,0.9902500000,0.0001699481,0.0000000000,0.0000000000,0,0.0000000000,0.0000000000,0.0000000000,0.0000000000,0.0000000000,1.0000000000,0.0100011443,0.1444560115,0.8455428442,1.0000000000,1.0000000000,0
1,7051637.2710332163,275005.2054866822,928.0000000000,0.9900682168,0.9903300000,0.0000103685,0.0000000000,0.0000000000,0,1.0000000000,0.0000000000,0.0000000000,0.0000000000,1.0000000000,0.0000000000,0.0010940281,0.9473416583,0.0515643137,1.0000000000,0.9999999716,0
0,7053931.0763121573,275000.0000000000,930.0000000000,0.9906909887,0.9892900000,0.0001695750,0.0000000000,0.0000000000,0,0.0000000000,0.0000000000,0.0000000000,0.0000000000,0.0000000000,1.0000000000,0.0094140438,0.1531625099,0.8374234464,1.0000000000,1.0000000000,0
1,7051648.3682723679,274999.6669203982,930.0000000000,0.9901845520,0.9899900000,0.0000106926,0.0000000000,0.0000000000,0,0.0000000000,0.0000000000,0.0000000000,0.0000000000,1.0000000000,0.0000000000,0.0012199971,0.9467212287,0.0520587742,1.0000000000,0.9999999969,0
0,7053950.4108985877,275000.0000000000,932.0000000000,0.9907036499,0.9902900000,0.0001683162,0.0000000000,0.0000000000,0,0.0000000000,0.0000000000,0.0000000000,0.0000000000,0.0000000000,1.0000000000,0.0071369621,0.1482130609,0.8446499769,1.0000000000,1.0000000000,0
1,7051657.7227072939,274999.4335019084,932.0000000000,0.9903321546,0.9902000000,0.0000097592,0.0000000000,0.0000000000,0,0.0000000000,0.0000000000,0.0000000000,0.0000000000,1.0000000000,0.0000000000,0.0011547573,0.9467051659,0.0521400767,1.0000000000,0.9999999954,0
0,7053969.7454850180,275000.0000000000,934.0000000000,0.9901923549,0.9899100000,0.0001628229,0.0000000000,0.0000000000,0,0.0000000000,0.0000000000,0.0000000000,0.0000000000,0.0000000000,1.0000000000,0.0072060984,0.1510430295,0.8417508721,1.0000000000,1.0000000000,0
1,7051667.0771422200,274999.2000834186,934.0000000000,0.9898404410,0.9891400000,0.0000109364,0.0000000000,0.0000000000,0,0.0000000000,0.0000000000,0.0000000000,0.0000000000,1.0000000000,0.0000000000,0.0009123828,0.9469510940,0.0521365232,0.9999999985,0.9999999955,0
0,7053989.0800714483,275000.0000000000,936.0000000000,0.9895558324,0.9898800000,0.0001720678,0.0000000000,0.0000000000,0,0.0000000000,0.0000000000,0.0000000000,0.0000000000,0.0000000000,1.0000000000,0.0073386726,0.1429120428,0.8497492846,1.0000000000,0.9999999912,0
1,7051676.4315771461,274998.9666649288,936.0000000000,0.9899672272,0.9899000000,0.0000105708,0.0000000000,0.0000000000,0,0.0000000000,0.0000000000,0.0000000000,0.0000000000,1.0000000000,0.0000000000,0.0011757551,0.9475088389,0.0513154060,1.0000000000,0.9999999985,0
0,7054008.4146578787,275000.0000000000,938.0000000000,0.9894614744,0.9897400000,0.0001658077,0.0000000000,0.0000000000,0,0.0000000000,0.0000000000,0.0000000000,0.0000000000,0.0000000000,1.0000000000,0.0084278935,0.1502461114,0.8413259950,1.0000000000,0.9999999912,0
1,7051685.7860120721,274998.7332464390,938.0000000000,0.9898892753,0.9901000000,0.0000096907,0.0000000000,0.0000000000,0,0.0000000000,0.0000000000,0.0000000000,0.0000000000,1.0000000000,0.0000000000,0.0010449652,0.9454631380,0.0534918968,1.0000000000,0.9999999970,0
0,7054027.7492443090,275000.0000000000,940.0000000000,0.9905530672,0.9892800000,0.0001763744,0.0000000000,0.0000000000,0,0.0000000000,0.0000000000,0.0000000000,0.0000000000,0.0000000000,1.0000000000,0.0073266253,0.1485448676,0.8441285071,1.0000000000,0.9999999913,0
1,7051699.5202555666,274995.8128936813,940.0000000000,0.9904941355,0.9896300000,0.0000108023,0.0000000000,0.0000000000,0,0.0000000000,0.0000000000,0.0000000000,0.0000000000,1.0000000000,0.0000000000,0.0009158729,0.9478738137,0.0512103135,1.0000000000,0.9999999940,0
0,7054047.0838307394,275000.0000000000,942.0000000000,0.9900792218,0.9897500000,0.0001777681,0.0000000000,0.0000000000,0,0.0000000000,0.0000000000,0.0000000000,0.0000000000,0.0000000000,1.0000000000,0.0088966738,0.1521665449,0.8389367812,1.0000000000,1.0000000000,0
1,7051710.5829858566,274995.6344023862,942.0000000000,0.9897494170,0.9905500000,0.0000100523,0.0000000000,0.0000000000,0,0.0000000000,0.0000000000,0.0000000000,0.0000000000,1.0000000000,0.0000000000,0.0010860035,0.9462383945,0.0526756019,1.0000000000,0.9999999941,0
0,7054066.4184171697,275000.0000000000,944.0000000000,0.9886255218,0.9902600000,0.0001573433,0.0000000000,0.0000000000,0,0.0000000000,0.0000000000,0.0000000000,0.0000000000,0.0000000000,1.0000000000,0.0074579679,0.1609866972,0.8315553348,1.0000000000,1.0000000000,0
1,7051721.6457161466,274995.4559110911,944.0000000000,0.9899747914,0.9895500000,0.0000101686,0.0000000000,0.0000000000,0,0.0000000000,0.0000000000,0.0000000000,0.0000000000,1.0000000000,0.0000000000,0.0009755643,0.9451468507,0.0538775850,1.0000000000,0.9999999985,0
0,7054085.7530036001,275000.0000000000,946.0000000000,0.9896863281,0.9904900000,0.0001789559,0.0000000000,0.0000000000,0,0.0000000000,0.0000000000,0.0000000000,0.0000000000,0.0000000000,1.0000000000,0.0093341978,0.1570508632,0.8336149390,1.0000000000,1.0000000000,0
1,7051732.7084464366,274995.2774197960,946.0000000000,0.9902786962,0.9901700000,0.0000102619,0.0000000000,0.0000000000,0,0.0000000000,0.0000000000,0.0000000000,0.0000000000,1.0000000000,0.0000000000,0.0010452366,0.9452969411,0.0536578223,1.0000000000,0.9999999955,0
0,7054105.0875900304,275000.0000000000,948.0000000000,0.9905107009,0.9898000000,0.0001706131,0.0000000000,0.0000000000,0,0.0000000000,0.0000000000,0.0000000000,0.0000000000,0.0000000000,1.0000000000,0.0090203193,0.1532829637,0.8376967170,1.0000000000,1.0000000000,0
1,7051743.7711767266,274995.0989285010,948.0000000000,0.9901230548,0.9898700000,0.0000107453,0.0000000000,0.0000000000,0,0.0000000000,0.0000000000,0.0000000000,0.0000000000,1.0000000000,0.0000000000,0.0012211058,0.9467985989,0.0519802952,1.0000000000,0.9999999985,0
0,7054124.4221764607,275000.0000000000,950.0000000000,0.9911693697,0.9902400000,0.0001696649,0.0000000000,0.0000000000,0,0.0000000000,0.0000000000,0.0000000000,0.0000000000,0.0000000000,1.0000000000,0.0091098294,0.1499415641,0.8409486065,1.0000000000,1.0000000000,0
1,7051752.2368613323,274998.8939243494,950.0000000000,0.9898396432,0.9898600000,0.0000104138,0.0000000000,0.0000000000,0,0.0000000000,0.0000000000,0.0000000000,0.0000000000,1.0000000000,0.0000000000,0.0010126911,0.9461574053,0.0528299037,1.0000000000,0.9999999939,0
0,7054143.7567628911,275000.0000000000,952.0000000000,0.9904484978,0.9906000000,0.0001637541,0.0000000000,0.0000000000,0,0.0000000000,0.0000000000,0.0000000000,0.0000000000,0.0000000000,1.0000000000,0.0089185325,0.1540451702,0.8370362973,0.9999999737,0.9999999737,0
1,7051762.0712941764,274999.0692750431,952.0000000000,0.9902676747,0.9897900000,0.0000097803,0.0000000000,0.0000000000,0,0.0000000000,0.0000000000,0.0000000000,0.0000000000,1.0000000000,0.0000000000,0.0011071508,0.9464794063,0.0524134430,1.0000000000,0.9999999954,0
0,7054163.0913493214,275000.0000000000,954.0000000000,0.9889392391,0.9901000000,0.0001693298,0.0000000000,0.0000000000,0,0.0000000000,0.0000000000,0.0000000000,0.0000000000,0.0000000000,1.0000000000,0.0098124958,0.1572242055,0.8329632987,1.0000000000,1.0000000000,0
1,7051771.9057270205,274999.2446257369,954.0000000000,0.9902120521,0.9906600000,0.0000099561,0.0000000000,0.0000000000,0,0.0000000000,0.0000000000,0.0000000000,0.0000000000,1.0000000000,0.0000000000,0.0012155440,0.9461220677,0.0526623883,1.0000000000,0.9999999942,0
0,7054182.4259357518,275000.0000000000,956.0000000000,0.9908001487,0.9902500000,0.0001642074,0.0000000000,0.0000000000,0,0.0000000000,0.0000000000,0.0000000000,0.0000000000,0.0000000000,1.0000000000,0.0079445746,0.1514243029,0.8406311225,1.0000000000,1.0000000000,0
1,7051781.7401598645,274999.4199764307,956.0000000000,0.9895082369,0.9909800000,0.0000103182,0.0000000000,0.0000000000,0,0.0000000000,0.0000000000,0.0000000000,0.0000000000,1.0000000000,0.0000000000,0.0014862267,0.9446228594,0.0538909140,1.0000000000,0.9999999941,0
0,7054201.7605221821,275000.0000000000,958.0000000000,0.9899809426,0.9899800000,0.0001621502,0.0000000000,0.0000000000,0,0.0000000000,0.0000000000,0.0000000000,0.0000000000,0.0000000000,1.0000000000,0.0069412002,0.1475785055,0.8454802942,1.0000000000,0.9999999921,0
1,7051791.5745927086,274999.5953271244,958.0000000000,0.9899446503,0.9897300000,0.0000099751,0.0000000000,0.0000000000,0,0.0000000000,0.0000000000,0.0000000000,0.0000000000,1.0000000000,0.0000000000,0.0010415521,0.9462981414,0.0526603064,1.0000000000,0.9999999970,0
0,7054221.0951086124,275000.0000000000,960.0000000000,0.9896331640,0.9907800000,0.0001670894,0.0000000000,0.0000000000,0,0.0000000000,0.0000000000,0.0000000000,0.0000000000,0.0000000000,1.0000000000,0.0080056178,0.1563712991,0.8356230830,1.0000000000,1.0000000000,0
1,7051803.0906894580,275001.7256749204,960.0000000000,0.9900996073,0.9901600000,0.0000100741,0.0000000000,0.0000000000,0,0.0000000000,0.0000000000,0.0000000000,0.0000000000,1.0000000000,0.0000000000,0.0010871187,0.9446161163,0.0542967650,1.0000000000,0.9999999956,0
0,7054240.4296950428,275000.0000000000,962.0000000000,0.9898088670,0.9904500000,0.0001694507,0.0000000000,0.0000000000,0,0.0000000000,0.0000000000,0.0000000000,0.0000000000,0.0000000000,1.0000000000,0.0088869261,0.1507709506,0.8403421233,1.0000000000,1.0000000000,0
1,7051813.2128594965,275001.5087194256,962.0000000000,0.9900785312,0.9901600000,0.0000103819,0.0000000000,0.0000000000,0,0.0000000000,0.0000000000,0.0000000000,0.0000000000,1.0000000000,0.0000000000,0.0009997276,0.9481758650,0.0508244074,1.0000000000,0.9999999941,0
0,7054259.7642814731,275000.0000000000,964.0000000000,0.9907655449,0.9902600000,0.0001739777,0.0000000000,0.0000000000,0,0.0000000000,0.0000000000,0.0000000000,0.0000000000,0.0000000000,1.0000000000,0.0089733776,0.1466988052,0.8443278173,1.0000000000,1.0000000000,0
1,7051823.3350295350,275001.2917639308,964.0000000000,0.9900239242,0.9894800000,0.0000108432,0.0000000000,0.0000000000,0,0.0000000000,0.0000000000,0.0000000000,0.0000000000,1.0000000000,0.0000000000,0.0008290544,0.9472010621,0.0519698834,1.0000000000,1.0000000000,0
0,7054279.0988679035,275000.0000000000,966.0000000000,0.9899858360,0.9904100000,0.0001694955,0.0000000000,0.0000000000,0,0.0000000000,0.0000000000,0.0000000000,0.0000000000,0.0000000000,1.0000000000,0.0098353971,0.1527378003,0.8374268026,1.0000000000,0.9999999914,0
1,7051833.4571995735,275001.0748084359,966.0000000000,0.9899227979,0.9905100000,0.0000109293,0.0000000000,0.0000000000,0,0.0000000000,0.0000000000,0.0000000000,0.0000000000,1.0000000000,0.0000000000,0.0009386686,0.9469953037,0.0520660277,1.0000000000,0.9999999969,0
0,7054298.4334543338,275000.0000000000,968.0000000000,0.9902880275,0.9890900000,0.0001627916,0.0000000000,0.0000000000,0,0.0000000000,0.0000000000,0.0000000000,0.0000000000,0.0000000000,1.0000000000,0.0073979293,0.1560426973,0.8365593734,1.0000000000,1.0000000000,0
1,7051843.5793696120,275000.8578529411,968.0000000000,0.9900679780,0.9901800000,0.0000109663,0.0000000000,0.0000000000,0,0.0000000000,0.0000000000,0.0000000000,0.0000000000,1.0000000000,0.0000000000,0.0011092951,0.9452504553,0.0536402496,0.9999999985,0.9999999925,0
0,7054317.7680407641,275000.0000000000,970.0000000000,0.9893252167,0.9897100000,0.0001728111,0.0000000000,0.0000000000,0,0.0000000000,0.0000000000,0.0000000000,0.0000000000,0.0000000000,1.0000000000,0.0067974374,0.1463768599,0.8468257027,1.0000000000,0.9999999523,0
1,7051851.7306695934,275002.0155554137,970.0000000000,0.9894306917,0.9898100000,0.0000102374,0.0000000000,0.0000000000,0,1.0000000000,0.0000000000,0.0000000000,0.0000000000,1.0000000000,0.0000000000,0.0011931460,0.9453178894,0.0534889646,1.0000000000,0.9999998477,0
0,7054337.1026271945,275000.0000000000,972.0000000000,0.9896154485,0.9900900000,0.0001750460,0.0000000000,0.0000000000,0,0.0000000000,0.0000000000,0.0000000000,0.0000000000,0.0000000000,1.0000000000,0.0090361559,0.1458653642,0.8450984799,1.0000000000,0.9999995487,0
1,7051861.4276435096,275002.7164168668,972.0000000000,0.9897824540,0.9902700000,0.0000111452,0.0000000000,0.0000000000,0,1.0000000000,0.0000000000,0.0000000000,0.0000000000,1.0000000000,0.0000000000,0.0011345770,0.9454239133,0.0534415097,1.0000000000,0.9999998169,0
0,7054356.4372136248,275000.0000000000,974.0000000000,0.9898125331,0.9903200000,0.0001682684,0.0000000000,0.0000000000,0,0.0000000000,0.0000000000,0.0000000000,0.0000000000,0.0000000000,1.0000000000,0.0078674070,0.1498090204,0.8423235726,1.0000000000,0.9999998503,0
1,7051871.1246174257,275003.4172783199,974.0000000000,0.9895380227,0.9900100000,0.0000114494,0.0000000000,0.0000000000,0,1.0000000000,0.0000000000,0.0000000000,0.0000000000,1.0000000000,0.0000000000,0.0013333018,0.9476503376,0.0510163606,1.0000000000,0.9999998190,0
0,7054375.7718000552,275000.0000000000,976.0000000000,0.9890394855,0.9900900000,0.0001663681,0.0000000000,0.0000000000,0,0.0000000000,0.0000000000,0.0000000000,0.0000000000,0.0000000000,1.0000000000,0.0085752781,0.1470953841,0.8443293377,1.0000000000,0.9999997873,0
1,7051880.8215913419,275004.1181397730,976.0000000000,0.9900141026,0.9899900000,0.0000101383,0.0000000000,0.0000000000,0,1.0000000000,0.0000000000,0.0000000000,0.0000000000,1.0000000000,0.0000000000,0.0009919923,0.9472105174,0.0517974904,1.0000000000,0.9999999421,0
0,7054395.1063864855,275000.0000000000,978.0000000000,0.9902332182,0.9896700000,0.0001570708,0.0000000000,0.0000000000,0,0.0000000000,0.0000000000,0.0000000000,0.0000000000,0.0000000000,1.0000000000,0.0071566097,0.1525839344,0.8402594559,0.9999999732,0.9999994749,0
1,7051890.5185652580,275004.8190012260,978.0000000000,0.9899657143,0.9902500000,0.0000104719,0.0000000000,0.0000000000,0,1.0000000000,0.0000000000,0.0000000000,0.0000000000,1.0000000000,0.0000000000,0.0009352076,0.9483480944,0.0507166980,1.0000000000,0.9999999092,0
0,7054414.4409729159,275000.0000000000,980.0000000000,0.9898728631,0.9901100000,0.0001701815,0.0000000000,0.0000000000,0,0.0000000000,0.0000000000,0.0000000000,0.0000000000,0.0000000000,1.0000000000,0.0076326335,0.1516768194,0.8406905471,1.0000000000,0.9999999842,0
1,7051901.8972235378,275000.8745656848,980.0000000000,0.9904644640,0.9899200000,0.0000112181,0.0000000000,0.0000000000,0,0.0000000000,0.0000000000,0.0000000000,0.0000000000,1.0000000000,0.0000000000,0.0009781196,0.9471228919,0.0518989885,1.0000000000,0.9999999716,0
0,7054433.7755593462,275000.0000000000,982.0000000000,0.9897094692,0.9901400000,0.0001662749,0.0000000000,0.0000000000,0,0.0000000000,0.0000000000,0.0000000000,0.0000000000,0.0000000000,1.0000000000,0.0096169225,0.1522943143,0.8380887632,1.0000000000,0.9999999659,0
1,7051912.0625639167,275000.4872019471,982.0000000000,0.9900433859,0.9905200000,0.0000111792,0.0000000000,0.0000000000,0,0.0000000000,0.0000000000,0.0000000000,0.0000000000,1.0000000000,0.0000000000,0.0009584094,0.9464281263,0.0526134643,1.0000000000,0.9999999870,0
0,7054453.1101457765,275000.0000000000,984.0000000000,0.9900180070,0.9896700000,0.0001680009,0.0000000000,0.0000000000,0,0.0000000000,0.0000000000,0.0000000000,0.0000000000,0.0000000000,1.0000000000,0.0099607519,0.1539223782,0.8361168699,1.0000000000,1.0000000000,0
1,7051922.2279042955,275000.0998382094,984.0000000000,0.9901891832,0.9899200000,0.0000102751,0.0000000000,0.0000000000,0,0.0000000000,0.0000000000,0.0000000000,0.0000000000,1.0000000000,0.0000000000,0.0009348263,0.9470894124,0.0519757613,1.0000000000,0.9999999541,0
0,7054472.4447322069,275000.0000000000,986.0000000000,0.9904758591,0.9904300000,0.0001690719,0.0000000000,0.0000000000,0,0.0000000000,0.0000000000,0.0000000000,0.0000000000,0.0000000000,1.0000000000,0.0087710512,0.1470924444,0.8441365043,1.0000000000,0.9999999481,0
1,7051932.3932446744,274999.7124744717,986.0000000000,0.9894450830,0.9898600000,0.0000104597,0.0000000000,0.0000000000,0,0.0000000000,0.0000000000,0.0000000000,0.0000000000,1.0000000000,0.0000000000,0.0013254432,0.9468930696,0.0517814872,1.0000000000,0.9999999471,0
0,7054491.7793186372,275000.0000000000,988.0000000000,0.9895140845,0.9897200000,0.0001668939,0.0000000000,0.0000000000,0,0.0000000000,0.0000000000,0.0000000000,0.0000000000,0.0000000000,1.0000000000,0.0084208139,0.1563888381,0.8351903480,1.0000000000,0.9999999445,0
1,7051942.5585850533,274999.3251107340,988.0000000000,0.9902646329,0.9899800000,0.0000110907,0.0000000000,0.0000000000,0,0.0000000000,0.0000000000,0.0000000000,0.0000000000,1.0000000000,0.0000000000,0.0015236475,0.9458157301,0.0526606225,1.0000000000,0.9999999686,0
0,7054511.1139050676,275000.0000000000,990.0000000000,0.9898997272,0.9898600000,0.0001760979,0.0000000000,0.0000000000,0,0.0000000000,0.0000000000,0.0000000000,0.0000000000,0.0000000000,1.0000000000,0.0089217834,0.1579345773,0.8331436394,1.0000000000,0.9999998027,0
1,7051949.6490599941,274999.5286707515,990.0000000000,0.9899119641,0.9897400000,0.0000101184,0.0000000000,0.0000000000,0,1.0000000000,0.0000000000,0.0000000000,0.0000000000,1.0000000000,0.0000000000,0.0013327115,0.9442414894,0.0544257991,1.0000000000,0.9999990437,0
0,7054530.4484914979,275000.0000000000,992.0000000000,0.9904456532,0.9896500000,0.0001697758,0.0000000000,0.0000000000,0,0.0000000000,0.0000000000,0.0000000000,0.0000000000,0.0000000000,1.0000000000,0.0084286161,0.1472710179,0.8443003660,1.0000000000,0.9999999063,0
1,7051960.1138030346,275000.4456728608,992.0000000000,0.9903619358,0.9900500000,0.0000107192,0.0000000000,0.0000000000,0,1.0000000000,0.0000000000,0.0000000000,0.0000000000,1.0000000000,0.0000000000,0.0010933748,0.9461052280,0.0528013972,1.0000000000,0.9999987851,0
0,7054549.7830779282,275000.0000000000,994.0000000000,0.9896839037,0.9896100000,0.0001710244,0.0000000000,0.0000000000,0,0.0000000000,0.0000000000,0.0000000000,0.0000000000,0.0000000000,1.0000000000,0.0077283508,0.1557186054,0.8365530438,1.0000000000,0.9999979573,0
1,7051970.5785460752,275001.3626749702,994.0000000000,0.9899700780,0.9901200000,0.0000102677,0.0000000000,0.0000000000,0,1.0000000000,0.0000000000,0.0000000000,0.0000000000,1.0000000000,0.0000000000,0.0009374320,0.9462841515,0.0527784166,1.0000000000,0.9999993421,0
0,7054569.1176643586,275000.0000000000,996.0000000000,0.9911484880,0.9903600000,0.0001613684,0.0000000000,0.0000000000,0,0.0000000000,0.0000000000,0.0000000000,0.0000000000,0.0000000000,1.0000000000,0.0083224701,0.1497967501,0.8418807798,1.0000000000,0.9999997080,0
1,7051981.0432891157,275002.2796770795,996.0000000000,0.9905918654,0.9899900000,0.0000110305,0.0000000000,0.0000000000,0,1.0000000000,0.0000000000,0.0000000000,0.0000000000,1.0000000000,0.0000000000,0.0011747209,0.9463694598,0.0524558194,1.0000000000,0.9999990013,0
0,7054588.4522507889,275000.0000000000,998.0000000000,0.9907496780,0.9898500000,0.0001643070,0.0000000000,0.0000000000,0,0.0000000000,0.0000000000,0.0000000000,0.0000000000,0.0000000000,1.0000000000,0.0078470264,0.1506041794,0.8415487942,1.0000000000,0.9999908868,0
1,7051991.5080321562,275003.1966791889,998.0000000000,0.9897819543,0.9901300000,0.0000103494,0.0000000000,0.0000000000,0,1.0000000000,0.0000000000,0.0000000000,0.0000000000,1.0000000000,0.0000000000,0.0012914784,0.9460899411,0.0526185805,1.0000000000,0.9999995301,0
