mmsi,time,traj_id,x,y,prob
1,5.0000000000,0,6959475.2512626816,41475.2512626586,1.0000000000
1,5.0000000000,0,6959470.3015152132,41470.3015151903,1.0000000000
1,5.0000000000,0,6959465.3517677449,41465.3517677220,1.0000000000
1,5.0000000000,0,6959460.4020202765,41460.4020202537,1.0000000000
1,5.0000000000,0,6959455.4522728082,41455.4522727854,1.0000000000
1,5.0000000000,0,6959450.5025253398,41450.5025253171,1.0000000000
1,5.0000000000,0,6959445.5527778715,41445.5527778488,1.0000000000
1,5.0000000000,0,6959440.6030304031,41440.6030303805,1.0000000000
1,5.0000000000,0,6959435.6532829348,41435.6532829121,1.0000000000
1,5.0000000000,0,6959430.7035354665,41430.7035354438,1.0000000000
1,5.0000000000,0,6959425.7537879981,41425.7537879755,1.0000000000
1,5.0000000000,0,6959420.8040405298,41420.8040405072,1.0000000000
1,5.0000000000,0,6959415.8542930614,41415.8542930389,1.0000000000
1,5.0000000000,0,6959410.9045455931,41410.9045455705,1.0000000000
1,5.0000000000,0,6959405.9547981247,41405.9547981022,1.0000000000
1,5.0000000000,0,6959401.0050506564,41401.0050506339,1.0000000000
1,5.0000000000,0,6959396.0553031880,41396.0553031656,1.0000000000
1,5.0000000000,0,6959391.1055557197,41391.1055556972,1.0000000000
1,5.0000000000,0,6959386.1558082514,41386.1558082289,1.0000000000
1,5.0000000000,0,6959381.2060607830,41381.2060607606,1.0000000000
1,5.0000000000,0,6959376.2563133147,41376.2563132922,1.0000000000
1,5.0000000000,0,6959371.3065658463,41371.3065658239,1.0000000000
1,5.0000000000,0,6959366.3568183780,41366.3568183556,1.0000000000
1,5.0000000000,0,6959361.4070709096,41361.4070708873,1.0000000000
1,5.0000000000,0,6959356.4573234413,41356.4573234189,1.0000000000
1,5.0000000000,0,6959351.5075759729,41351.5075759506,1.0000000000
1,5.0000000000,0,6959346.5578285046,41346.5578284822,1.0000000000
1,5.0000000000,0,6959341.6080810362,41341.6080810139,1.0000000000
1,5.0000000000,0,6959336.6583335679,41336.6583335456,1.0000000000
1,5.0000000000,0,6959331.7085860996,41331.7085860772,1.0000000000
1,5.0000000000,0,6959326.7588386312,41326.7588386089,1.0000000000
1,5.0000000000,0,6959321.8090911629,41321.8090911406,1.0000000000
1,5.0000000000,0,6959316.8593436945,41316.8593436722,1.0000000000
1,5.0000000000,0,6959311.9095962262,41311.9095962039,1.0000000000
1,5.0000000000,0,6959306.9598487578,41306.9598487355,1.0000000000
1,5.0000000000,0,6959302.0101012895,41302.0101012672,1.0000000000
1,5.0000000000,0,6959297.0603538211,41297.0603537989,1.0000000000
1,5.0000000000,0,6959292.1106063528,41292.1106063305,1.0000000000
1,5.0000000000,0,6959287.1608588845,41287.1608588622,1.0000000000
1,5.0000000000,0,6959282.2111114161,41282.2111113939,1.0000000000
1,5.0000000000,0,6959277.2613639478,41277.2613639255,1.0000000000
1,5.0000000000,0,6959272.3116164794,41272.3116164572,1.0000000000
1,5.0000000000,0,6959267.3618690111,41267.3618689888,1.0000000000
1,5.0000000000,0,6959262.4121215427,41262.4121215205,1.0000000000
1,5.0000000000,0,6959257.4623740744,41257.4623740522,1.0000000000
1,5.0000000000,0,6959252.5126266060,41252.5126265838,1.0000000000
1,5.0000000000,0,6959247.5628791377,41247.5628791155,1.0000000000
1,5.0000000000,0,6959242.6131316693,41242.6131316471,1.0000000000
1,5.0000000000,0,6959237.6633842010,41237.6633841788,1.0000000000
1,5.0000000000,0,6959232.7136367327,41232.7136367104,1.0000000000
1,5.0000000000,0,6959227.7638892643,41227.7638892421,1.0000000000
1,5.0000000000,0,6959222.8141417960,41222.8141417737,1.0000000000
1,5.0000000000,0,6959217.8643943276,41217.8643943054,1.0000000000
1,5.0000000000,0,6959212.9146468593,41212.9146468371,1.0000000000
1,5.0000000000,0,6959207.9648993909,41207.9648993687,1.0000000000
1,5.0000000000,0,6959203.0151519226,41203.0151519004,1.0000000000
1,5.0000000000,0,6959198.0654044542,41198.0654044320,1.0000000000
1,5.0000000000,0,6959193.1156569859,41193.1156569637,1.0000000000
1,5.0000000000,0,6959188.1659095176,41188.1659094953,1.0000000000
1,5.0000000000,0,6959183.2161620492,41183.2161620270,1.0000000000
1,5.0000000000,0,6959178.2664145809,41178.2664145586,1.0000000000
1,5.0000000000,0,6959173.3166671125,41173.3166670903,1.0000000000
1,5.0000000000,0,6959168.3669196442,41168.3669196219,1.0000000000
1,5.0000000000,0,6959163.4171721758,41163.4171721536,1.0000000000
1,5.0000000000,0,6959158.4674247075,41158.4674246853,1.0000000000
1,5.0000000000,0,6959153.5176772391,41153.5176772169,1.0000000000
1,5.0000000000,0,6959148.5679297708,41148.5679297486,1.0000000000
1,5.0000000000,0,6959143.6181823025,41143.6181822802,1.0000000000
1,5.0000000000,0,6959138.6684348341,41138.6684348119,1.0000000000
1,5.0000000000,0,6959133.7186873658,41133.7186873435,1.0000000000
1,5.0000000000,0,6959128.7689398974,41128.7689398752,1.0000000000
1,5.0000000000,0,6959123.8191924291,41123.8191924068,1.0000000000
1,5.0000000000,0,6959118.8694449607,41118.8694449385,1.0000000000
1,5.0000000000,0,6959113.9196974924,41113.9196974702,1.0000000000
1,5.0000000000,0,6959108.9699500240,41108.9699500018,1.0000000000
1,5.0000000000,0,6959104.0202025557,41104.0202025335,1.0000000000
1,5.0000000000,0,6959099.0704550873,41099.0704550651,1.0000000000
1,5.0000000000,0,6959094.1207076190,41094.1207075968,1.0000000000
1,5.0000000000,0,6959089.1709601507,41089.1709601284,1.0000000000
1,5.0000000000,0,6959084.2212126823,41084.2212126601,1.0000000000
1,5.0000000000,0,6959079.2714652140,41079.2714651917,1.0000000000
1,5.0000000000,0,6959074.3217177456,41074.3217177234,1.0000000000
1,5.0000000000,0,6959069.3719702773,41069.3719702551,1.0000000000
1,5.0000000000,0,6959064.4222228089,41064.4222227867,1.0000000000
1,5.0000000000,0,6959059.4724753406,41059.4724753184,1.0000000000
1,5.0000000000,0,6959054.5227278722,41054.5227278500,1.0000000000
1,5.0000000000,0,6959049.5729804039,41049.5729803817,1.0000000000
1,5.0000000000,0,6959044.6232329356,41044.6232329133,1.0000000000
1,5.0000000000,0,6959039.6734854672,41039.6734854450,1.0000000000
1,5.0000000000,0,6959034.7237379989,41034.7237379766,1.0000000000
1,5.0000000000,0,6959029.7739905305,41029.7739905083,1.0000000000
1,5.0000000000,0,6959024.8242430622,41024.8242430399,1.0000000000
1,5.0000000000,0,6959019.8744955938,41019.8744955716,1.0000000000
1,5.0000000000,0,6959014.9247481255,41014.9247481033,1.0000000000
1,5.0000000000,0,6959009.9750006571,41009.9750006349,1.0000000000
1,5.0000000000,0,6959005.0252531888,41005.0252531666,1.0000000000
1,5.0000000000,0,6959000.0755057205,41000.0755056982,1.0000000000
1,5.0000000000,0,6958995.1257582521,40995.1257582299,1.0000000000
1,5.0000000000,0,6958990.1760107838,40990.1760107615,1.0000000000
1,5.0000000000,0,6958985.2262633154,40985.2262632932,1.0000000000
1,5.0000000000,0,6958980.2765158471,40980.2765158249,1.0000000000
1,5.0000000000,0,6958975.3267683787,40975.3267683565,1.0000000000
1,5.0000000000,0,6958970.3770209104,40970.3770208882,1.0000000000
1,5.0000000000,0,6958965.4272734420,40965.4272734198,1.0000000000
1,5.0000000000,0,6958960.4775259737,40960.4775259515,1.0000000000
1,5.0000000000,0,6958955.5277785053,40955.5277784831,1.0000000000
1,5.0000000000,0,6958950.5780310370,40950.5780310148,1.0000000000
1,5.0000000000,0,6958945.6282835687,40945.6282835464,1.0000000000
1,5.0000000000,0,6958940.6785361003,40940.6785360781,1.0000000000
1,5.0000000000,0,6958935.7287886320,40935.7287886098,1.0000000000
1,5.0000000000,0,6958930.7790411636,40930.7790411414,1.0000000000
1,5.0000000000,0,6958925.8292936953,40925.8292936731,1.0000000000
1,5.0000000000,0,6958920.8795462269,40920.8795462047,1.0000000000
1,5.0000000000,0,6958915.9297987586,40915.9297987364,1.0000000000
1,5.0000000000,0,6958910.9800512902,40910.9800512680,1.0000000000
1,5.0000000000,0,6958906.0303038219,40906.0303037997,1.0000000000
1,5.0000000000,0,6958901.0805563536,40901.0805563313,1.0000000000
1,5.0000000000,0,6958896.1308088852,40896.1308088630,1.0000000000
1,5.0000000000,0,6958891.1810614169,40891.1810613947,1.0000000000
1,5.0000000000,0,6958886.2313139485,40886.2313139263,1.0000000000
1,10.0000000000,0,6959453.0074141622,41452.0186055965,1.0000000000
1,10.0000000000,0,6959448.0030166563,41446.8270146117,1.0000000000
1,10.0000000000,0,6959442.8377528246,41441.7954481659,1.0000000000
1,10.0000000000,0,6959437.6752910521,41436.7610068076,1.0000000000
1,10.0000000000,0,6959432.5204287143,41431.7187845173,1.0000000000
1,10.0000000000,0,6959427.3724261522,41426.6695587384,1.0000000000
1,10.0000000000,0,6959422.2304530237,41421.6141929067,1.0000000000
1,10.0000000000,0,6959417.0937728612,41416.5534490627,1.0000000000
1,10.0000000000,0,6959411.9617382362,41411.4879942994,1.0000000000
1,10.0000000000,0,6959406.8337803660,41406.4184125188,1.0000000000
1,10.0000000000,0,6959401.7093996955,41401.3452148988,1.0000000000
1,10.0000000000,0,6959396.5881575709,41396.2688490286,1.0000000000
1,10.0000000000,0,6959391.4696688894,41391.1897068806,1.0000000000
1,10.0000000000,0,6959386.3535956172,41386.1081317683,1.0000000000
1,10.0000000000,0,6959381.2396410825,41381.0244244242,1.0000000000
1,10.0000000000,0,6959376.1275449442,41375.9388483096,1.0000000000
1,10.0000000000,0,6959371.0170787694,41370.8516342562,1.0000000000
1,10.0000000000,0,6959365.9080421422,41365.7629845246,1.0000000000
1,10.0000000000,0,6959360.8002592409,41360.6730763541,1.0000000000
1,10.0000000000,0,6959355.6935758330,41355.5820650681,1.0000000000
1,10.0000000000,0,6959350.5878566299,41350.4900867923,1.0000000000
1,10.0000000000,0,6959345.4829829680,41345.3972608336,1.0000000000
1,10.0000000000,0,6959340.3788507730,41340.3036917628,1.0000000000
1,10.0000000000,0,6959335.2753687659,41335.2094712385,1.0000000000
1,10.0000000000,0,6959330.1724568959,41330.1146796043,1.0000000000
1,10.0000000000,0,6959325.0700449608,41325.0193872876,1.0000000000
1,10.0000000000,0,6959319.9680713965,41319.9236560253,1.0000000000
1,10.0000000000,0,6959314.8664822159,41314.8275399376,1.0000000000
1,10.0000000000,0,6959309.7652300773,41309.7310864685,1.0000000000
1,10.0000000000,0,6959304.6642734669,41304.6343372102,1.0000000000
1,10.0000000000,0,6959299.5635759821,41299.5373286256,1.0000000000
1,10.0000000000,0,6959294.4631057028,41294.4400926810,1.0000000000
1,10.0000000000,0,6959289.3628346398,41289.3426574012,1.0000000000
1,10.0000000000,0,6959284.2627382511,41284.2450473558,1.0000000000
1,10.0000000000,0,6959279.1627950175,41279.1472840851,1.0000000000
1,10.0000000000,0,6959274.0629860703,41274.0493864743,1.0000000000
1,10.0000000000,0,6959268.9632948646,41268.9513710802,1.0000000000
1,10.0000000000,0,6959263.8637068942,41263.8532524191,1.0000000000
1,10.0000000000,0,6959258.7642094400,41258.7550432177,1.0000000000
1,10.0000000000,0,6959253.6647913493,41253.6567546343,1.0000000000
1,10.0000000000,0,6959248.5654428434,41248.5583964516,1.0000000000
1,10.0000000000,0,6959243.4661553483,41243.4599772470,1.0000000000
1,10.0000000000,0,6959238.3669213466,41238.3615045404,1.0000000000
1,10.0000000000,0,6959233.2677342463,41233.2629849251,1.0000000000
1,10.0000000000,0,6959228.1685882695,41228.1644241819,1.0000000000
1,10.0000000000,0,6959223.0694783488,41223.0658273788,1.0000000000
1,10.0000000000,0,6959217.9704000410,41217.9671989598,1.0000000000
1,10.0000000000,0,6959212.8713494502,41212.8685428207,1.0000000000
1,10.0000000000,0,6959207.7723231623,41207.7698623776,1.0000000000
1,10.0000000000,0,6959202.6733181821,41202.6711606254,1.0000000000
1,10.0000000000,0,6959197.5743318843,41197.5724401900,1.0000000000
1,10.0000000000,0,6959192.4753619665,41192.4737033737,1.0000000000
1,10.0000000000,0,6959187.3764064098,41187.3749521951,1.0000000000
1,10.0000000000,0,6959182.2774634454,41182.2761884240,1.0000000000
1,10.0000000000,0,6959177.1785315219,41177.1774136121,1.0000000000
1,10.0000000000,0,6959172.0796092777,41172.0786291200,1.0000000000
1,10.0000000000,0,6959166.9806955205,41166.9798361406,1.0000000000
1,10.0000000000,0,6959161.8817892047,41161.8810357197,1.0000000000
1,10.0000000000,0,6959156.7828894136,41156.7822287742,1.0000000000
1,10.0000000000,0,6959151.6839953428,41151.6834161082,1.0000000000
1,10.0000000000,0,6959146.5851062881,41146.5845984266,1.0000000000
1,10.0000000000,0,6959141.4862216301,41141.4857763474,1.0000000000
1,10.0000000000,0,6959136.3873408278,41136.3869504127,1.0000000000
1,10.0000000000,0,6959131.2884634063,41131.2881210973,1.0000000000
1,10.0000000000,0,6959126.1895889491,41126.1892888180,1.0000000000
1,10.0000000000,0,6959121.0907170903,41121.0904539400,1.0000000000
1,10.0000000000,0,6959115.9918475095,41115.9916167835,1.0000000000
1,10.0000000000,0,6959110.8929799264,41110.8927776293,1.0000000000
1,10.0000000000,0,6959105.7941140952,41105.7939367235,1.0000000000
1,10.0000000000,0,6959100.6952497996,41100.6950942819,1.0000000000
1,10.0000000000,0,6959095.5963868508,41095.5962504939,1.0000000000
1,10.0000000000,0,6959090.4975250820,41090.4974055253,1.0000000000
1,10.0000000000,0,6959085.3986643488,41085.3985595216,1.0000000000
1,10.0000000000,0,6959080.2998045227,41080.2997126104,1.0000000000
1,10.0000000000,0,6959075.2009454928,41075.2008649035,1.0000000000
1,10.0000000000,0,6959070.1020871606,41070.1020164989,1.0000000000
1,10.0000000000,0,6959065.0032294402,41065.0031674826,1.0000000000
1,10.0000000000,0,6959059.9043722553,41059.9043179300,1.0000000000
1,10.0000000000,0,6959054.8055155408,41054.8054679073,1.0000000000
1,10.0000000000,0,6959049.7066592388,41049.7066174722,1.0000000000
1,10.0000000000,0,6959044.6078032982,41044.6077666757,1.0000000000
1,10.0000000000,0,6959039.5089476751,41039.5089155622,1.0000000000
1,10.0000000000,0,6959034.4100923296,41034.4100641708,1.0000000000
1,10.0000000000,0,6959029.3112372272,41029.3112125358,1.0000000000
1,10.0000000000,0,6959024.2123823389,41024.2123606873,1.0000000000
1,10.0000000000,0,6959019.1135276379,41019.1135086514,1.0000000000
1,10.0000000000,0,6959014.0146731008,41014.0146564513,1.0000000000
1,10.0000000000,0,6959008.9158187080,41008.9158041072,1.0000000000
1,10.0000000000,0,6959003.8169644410,41003.8169516369,1.0000000000
1,10.0000000000,0,6958998.7181102848,40998.7180990559,1.0000000000
1,10.0000000000,0,6958993.6192562254,40993.6192463778,1.0000000000
1,10.0000000000,0,6958988.5204022517,40988.5203936147,1.0000000000
1,10.0000000000,0,6958983.4215483526,40983.4215407769,1.0000000000
1,10.0000000000,0,6958978.3226945186,40978.3226878738,1.0000000000
1,10.0000000000,0,6958973.2238407424,40973.2238349133,1.0000000000
1,10.0000000000,0,6958968.1249870164,40968.1249819025,1.0000000000
1,10.0000000000,0,6958963.0261333343,40963.0261288476,1.0000000000
1,10.0000000000,0,6958957.9272796903,40957.9272757542,1.0000000000
1,10.0000000000,0,6958952.8284260808,40952.8284226268,1.0000000000
1,10.0000000000,0,6958947.7295725010,40947.7295694697,1.0000000000
1,10.0000000000,0,6958942.6307189474,40942.6307162866,1.0000000000
1,10.0000000000,0,6958937.5318654161,40937.5318630806,1.0000000000
1,10.0000000000,0,6958932.4330119053,40932.4330098546,1.0000000000
1,10.0000000000,0,6958927.3341584122,40927.3341566110,1.0000000000
1,10.0000000000,0,6958922.2353049340,40922.2353033521,1.0000000000
1,10.0000000000,0,6958917.1364514697,40917.1364500796,1.0000000000
1,10.0000000000,0,6958912.0375980167,40912.0375967954,1.0000000000
1,10.0000000000,0,6958906.9387445739,40906.9387435007,1.0000000000
1,10.0000000000,0,6958901.8398911403,40901.8398901970,1.0000000000
1,10.0000000000,0,6958896.7410377152,40896.7410368852,1.0000000000
1,10.0000000000,0,6958891.6421842966,40891.6421835664,1.0000000000
1,10.0000000000,0,6958886.5433308845,40886.5433302415,1.0000000000
1,10.0000000000,0,6958881.4444774780,40881.4444769112,1.0000000000
1,10.0000000000,0,6958876.3456240762,40876.3456235762,1.0000000000
1,10.0000000000,0,6958874.7876410931,40874.7876406115,1.0000000000
1,10.0000000000,0,6958874.3115907377,40874.3115902608,1.0000000000
1,10.0000000000,0,6958874.1661309069,40874.1661304314,1.0000000000
1,10.0000000000,0,6958874.1216848474,40874.1216843725,1.0000000000
1,10.0000000000,0,6958874.1081041070,40874.1081036322,1.0000000000
1,10.0000000000,0,6958874.1039544363,40874.1039539616,1.0000000000
1,15.0000000000,0,6959427.9854266141,41426.0606506724,1.0000000000
1,15.0000000000,0,6959422.9810291082,41420.8690596876,1.0000000000
1,15.0000000000,0,6959417.7612443548,41415.8940764241,1.0000000000
1,15.0000000000,0,6959412.5489529716,41410.9112429044,1.0000000000
1,15.0000000000,0,6959407.3502273429,41405.9142574946,1.0000000000
1,15.0000000000,0,6959402.1636836482,41400.9046291797,1.0000000000
1,15.0000000000,0,6959396.9878572738,41395.8839287617,1.0000000000
1,15.0000000000,0,6959391.8214487266,41390.8535377166,1.0000000000
1,15.0000000000,0,6959386.6633133581,41385.8146637484,1.0000000000
1,15.0000000000,0,6959381.5124437893,41380.7683627235,1.0000000000
1,15.0000000000,0,6959376.3679539114,41375.7155580329,1.0000000000
1,15.0000000000,0,6959371.2290646257,41370.6570574390,1.0000000000
1,15.0000000000,0,6959366.0950911790,41365.5935677335,1.0000000000
1,15.0000000000,0,6959360.9654319305,41360.5257075004,1.0000000000
1,15.0000000000,0,6959355.8395584105,41355.4540182348,1.0000000000
1,15.0000000000,0,6959350.7170065325,41350.3789740375,1.0000000000
1,15.0000000000,0,6959345.5973688327,41345.3009900707,1.0000000000
1,15.0000000000,0,6959340.4802876255,41340.2204299381,1.0000000000
1,15.0000000000,0,6959335.3654489703,41335.1376121291,1.0000000000
1,15.0000000000,0,6959330.2525773607,41330.0528156488,1.0000000000
1,15.0000000000,0,6959325.1414310439,41324.9662849374,1.0000000000
1,15.0000000000,0,6959320.0317979101,41319.8782341721,1.0000000000
1,15.0000000000,0,6959314.9234918728,41314.7888510287,1.0000000000
1,15.0000000000,0,6959309.8163496889,41309.6982999719,1.0000000000
1,15.0000000000,0,6959304.7102281637,41304.6067251357,1.0000000000
1,15.0000000000,0,6959299.6050016955,41299.5142528426,1.0000000000
1,15.0000000000,0,6959294.5005601216,41294.4209938108,1.0000000000
1,15.0000000000,0,6959289.3968068231,41289.3270450854,1.0000000000
1,15.0000000000,0,6959284.2936570644,41284.2324917302,1.0000000000
1,15.0000000000,0,6959279.1910365336,41279.1374083095,1.0000000000
1,15.0000000000,0,6959274.0888800612,41274.0418601859,1.0000000000
1,15.0000000000,0,6959268.9871304985,41268.9459046571,1.0000000000
1,15.0000000000,0,6959263.8857377311,41263.8495919525,1.0000000000
1,15.0000000000,0,6959258.7846578136,41258.7529661056,1.0000000000
1,15.0000000000,0,6959253.6838522106,41253.6560657192,1.0000000000
1,15.0000000000,0,6959248.5832871320,41248.5589246358,1.0000000000
1,15.0000000000,0,6959243.4829329485,41243.4615725244,1.0000000000
1,15.0000000000,0,6959238.3827636791,41238.3640353965,1.0000000000
1,15.0000000000,0,6959233.2827565437,41233.2663360560,1.0000000000
1,15.0000000000,0,6959228.1828915672,41228.1684944961,1.0000000000
1,15.0000000000,0,6959223.0831512362,41223.0705282449,1.0000000000
1,15.0000000000,0,6959217.9835201930,41217.9724526701,1.0000000000
1,15.0000000000,0,6959212.8839849718,41212.8742812451,1.0000000000
1,15.0000000000,0,6959207.7845337680,41207.7760257825,1.0000000000
1,15.0000000000,0,6959202.6851562280,41202.6776966389,1.0000000000
1,15.0000000000,0,6959197.5858432762,41197.5793028947,1.0000000000
1,15.0000000000,0,6959192.4865869544,41192.4808525110,1.0000000000
1,15.0000000000,0,6959187.3873802852,41187.3823524675,1.0000000000
1,15.0000000000,0,6959182.2882171506,41182.2838088842,1.0000000000
1,15.0000000000,0,6959177.1890921863,41177.1852271264,1.0000000000
1,15.0000000000,0,6959172.0900006881,41172.0866118986,1.0000000000
1,15.0000000000,0,6959166.9909385331,41166.9879673252,1.0000000000
1,15.0000000000,0,6959161.8919021050,41161.8892970226,1.0000000000
1,15.0000000000,0,6959156.7928882344,41156.7906041612,1.0000000000
1,15.0000000000,0,6959151.6938941414,41151.6918915210,1.0000000000
1,15.0000000000,0,6959146.5949173886,41146.5931615393,1.0000000000
1,15.0000000000,0,6959141.4959558398,41141.4944163531,1.0000000000
1,15.0000000000,0,6959136.3970076218,41136.3956578360,1.0000000000
1,15.0000000000,0,6959131.2980710920,41131.2968876306,1.0000000000
1,15.0000000000,0,6959126.1991448095,41126.1981071774,1.0000000000
1,15.0000000000,0,6959121.1002275115,41121.0993177391,1.0000000000
1,15.0000000000,0,6959116.0013180915,41116.0005204230,1.0000000000
1,15.0000000000,0,6959110.9024155783,41110.9017161998,1.0000000000
1,15.0000000000,0,6959105.8035191204,41105.8029059206,1.0000000000
1,15.0000000000,0,6959100.7046279730,41100.7040903317,1.0000000000
1,15.0000000000,0,6959095.6057414804,41095.6052700874,1.0000000000
1,15.0000000000,0,6959090.5068590697,41090.5064457613,1.0000000000
1,15.0000000000,0,6959085.4079802381,41085.4076178565,1.0000000000
1,15.0000000000,0,6959080.3091045441,41080.3087868139,1.0000000000
1,15.0000000000,0,6959075.2102316013,41075.2099530202,1.0000000000
1,15.0000000000,0,6959070.1113610705,41070.1111168144,1.0000000000
1,15.0000000000,0,6959065.0124926539,41065.0122784938,1.0000000000
1,15.0000000000,0,6959059.9136260916,41059.9134383189,1.0000000000
1,15.0000000000,0,6959054.8147611553,41054.8145965182,1.0000000000
1,15.0000000000,0,6959049.7158976449,41049.7157532920,1.0000000000
1,15.0000000000,0,6959044.6170353843,41044.6169088160,1.0000000000
1,15.0000000000,0,6959039.5181742189,41039.5180632443,1.0000000000
1,15.0000000000,0,6959034.4193140147,41034.4192167119,1.0000000000
1,15.0000000000,0,6959029.3204546524,41029.3203693370,1.0000000000
1,15.0000000000,0,6959024.2215960287,41024.2215212236,1.0000000000
1,15.0000000000,0,6959019.1227380531,41019.1226724627,1.0000000000
1,15.0000000000,0,6959014.0238806447,41014.0238231339,1.0000000000
1,15.0000000000,0,6959008.9250237346,41008.9249733074,1.0000000000
1,15.0000000000,0,6959003.8261672603,41003.8261230444,1.0000000000
1,15.0000000000,0,6958998.7273111688,40998.7272723988,1.0000000000
1,15.0000000000,0,6958993.6284554126,40993.6284214176,1.0000000000
1,15.0000000000,0,6958988.5295999506,40988.5295701423,1.0000000000
1,15.0000000000,0,6958983.4307447467,40983.4307186090,1.0000000000
1,15.0000000000,0,6958978.3318897691,40978.3318668495,1.0000000000
1,15.0000000000,0,6958973.2330349898,40973.2330148917,1.0000000000
1,15.0000000000,0,6958968.1341803847,40968.1341627601,1.0000000000
1,15.0000000000,0,6958963.0353259314,40963.0353104761,1.0000000000
1,15.0000000000,0,6958957.9364716122,40957.9364580584,1.0000000000
1,15.0000000000,0,6958952.8376174103,40952.8376055236,1.0000000000
1,15.0000000000,0,6958947.7387633109,40947.7387528860,1.0000000000
1,15.0000000000,0,6958942.6399093019,40942.6399001584,1.0000000000
1,15.0000000000,0,6958937.5410553711,40937.5410473519,1.0000000000
1,15.0000000000,0,6958932.4422015101,40932.4421944761,1.0000000000
1,15.0000000000,0,6958927.3433477096,40927.3433415395,1.0000000000
1,15.0000000000,0,6958922.2444939623,40922.2444885498,1.0000000000
1,15.0000000000,0,6958917.1456402615,40917.1456355134,1.0000000000
1,15.0000000000,0,6958912.0467866017,40912.0467824360,1.0000000000
1,15.0000000000,0,6958906.9479329782,40906.9479293228,1.0000000000
1,15.0000000000,0,6958901.8490793863,40901.8490761781,1.0000000000
1,15.0000000000,0,6958896.7502258215,40896.7502230058,1.0000000000
1,15.0000000000,0,6958891.6513722809,40891.6513698094,1.0000000000
1,15.0000000000,0,6958886.5525187617,40886.5525165917,1.0000000000
1,15.0000000000,0,6958881.4536652612,40881.4536633555,1.0000000000
1,15.0000000000,0,6958876.3548117764,40876.3548101030,1.0000000000
1,15.0000000000,0,6958874.7968287719,40874.7968271604,1.0000000000
1,15.0000000000,0,6958874.3207784109,40874.3207768156,1.0000000000
1,15.0000000000,0,6958874.1753185783,40874.1753169880,1.0000000000
1,15.0000000000,0,6958874.1308725188,40874.1308709296,1.0000000000
1,15.0000000000,0,6958874.1172917783,40874.1172901895,1.0000000000
1,15.0000000000,0,6958874.1131421076,40874.1131405189,1.0000000000
1,15.0000000000,0,6958874.1118741529,40874.1118725640,1.0000000000
1,15.0000000000,0,6958874.1114867218,40874.1114851333,1.0000000000
1,15.0000000000,0,6958874.1113683404,40874.1113667517,1.0000000000
1,15.0000000000,0,6958874.1113321679,40874.1113305796,1.0000000000
1,15.0000000000,0,6958874.1113211149,40874.1113195270,1.0000000000
1,20.0000000000,0,6959402.5987138655,41402.6259991369,1.0000000000
1,20.0000000000,0,6959397.1891203970,41397.5883373448,1.0000000000
1,20.0000000000,0,6959391.9800491342,41392.3435957489,1.0000000000
1,20.0000000000,0,6959386.7759108543,41387.0939593237,1.0000000000
1,20.0000000000,0,6959381.5691634305,41381.8469107154,1.0000000000
1,20.0000000000,0,6959376.3598633762,41376.6023963644,1.0000000000
1,20.0000000000,0,6959371.1483243695,41371.3601068822,1.0000000000
1,20.0000000000,0,6959365.9348306162,41366.1197614055,1.0000000000
1,20.0000000000,0,6959360.7196305264,41360.8811140752,1.0000000000
1,20.0000000000,0,6959355.5029408922,41355.6439500441,1.0000000000
1,20.0000000000,0,6959350.2849509139,41350.4080815949,1.0000000000
1,20.0000000000,0,6959345.0658257231,41345.1733447274,1.0000000000
1,20.0000000000,0,6959339.8457094524,41339.9395961715,1.0000000000
1,20.0000000000,0,6959334.6247279122,41334.7067107740,1.0000000000
1,20.0000000000,0,6959329.4029909251,41329.4745792130,1.0000000000
1,20.0000000000,0,6959324.1805943632,41324.2431059995,1.0000000000
1,20.0000000000,0,6959318.9576219218,41319.0122077301,1.0000000000
1,20.0000000000,0,6959313.7341466676,41313.7818115598,1.0000000000
1,20.0000000000,0,6959308.5102323918,41308.5518538674,1.0000000000
1,20.0000000000,0,6959303.2859347872,41303.3222790886,1.0000000000
1,20.0000000000,0,6959298.0613024794,41298.0930386970,1.0000000000
1,20.0000000000,0,6959292.8363779215,41292.8640903134,1.0000000000
1,20.0000000000,0,6959287.6111981822,41287.6353969275,1.0000000000
1,20.0000000000,0,6959282.3857956259,41282.4069262184,1.0000000000
1,20.0000000000,0,6959277.1601985116,41277.1786499608,1.0000000000
1,20.0000000000,0,6959271.9344315128,41271.9505435062,1.0000000000
1,20.0000000000,0,6959266.7085161731,41266.7225853299,1.0000000000
1,20.0000000000,0,6959261.4824713049,41261.4947566351,1.0000000000
1,20.0000000000,0,6959256.2563133333,41256.2670410077,1.0000000000
1,20.0000000000,0,6959251.0300566005,41251.0394241137,1.0000000000
1,20.0000000000,0,6959245.8037136300,41245.8118934364,1.0000000000
1,20.0000000000,0,6959240.5772953564,41240.5844380456,1.0000000000
1,20.0000000000,0,6959235.3508113297,41235.3570483965,1.0000000000
1,20.0000000000,0,6959230.1242698859,41230.1297161545,1.0000000000
1,20.0000000000,0,6959224.8976783063,41224.9024340415,1.0000000000
1,20.0000000000,0,6959219.6710429480,41219.6751957020,1.0000000000
1,20.0000000000,0,6959214.4443693617,41214.4479955863,1.0000000000
1,20.0000000000,0,6959209.2176623940,41209.2208288483,1.0000000000
1,20.0000000000,0,6959203.9909262788,41203.9936912562,1.0000000000
1,20.0000000000,0,6959198.7641647104,41198.7665791146,1.0000000000
1,20.0000000000,0,6959193.5373809170,41193.5394891970,1.0000000000
1,20.0000000000,0,6959188.3105777167,41188.3124186854,1.0000000000
1,20.0000000000,0,6959183.0837575700,41183.0853651196,1.0000000000
1,20.0000000000,0,6959177.8569226246,41177.8583263511,1.0000000000
1,20.0000000000,0,6959172.6300747581,41172.6313005037,1.0000000000
1,20.0000000000,0,6959167.4032156086,41167.4042859391,1.0000000000
1,20.0000000000,0,6959162.1763466066,41162.1772812269,1.0000000000
1,20.0000000000,0,6959156.9494690010,41156.9502851179,1.0000000000
1,20.0000000000,0,6959151.7225838825,41151.7232965214,1.0000000000
1,20.0000000000,0,6959146.4956922038,41146.4963144848,1.0000000000
1,20.0000000000,0,6959141.2687947974,41141.2693381763,1.0000000000
1,20.0000000000,0,6959136.0418923888,41136.0423668698,1.0000000000
1,20.0000000000,0,6959130.8149856124,41130.8153999311,1.0000000000
1,20.0000000000,0,6959125.5880750222,41125.5884368062,1.0000000000
1,20.0000000000,0,6959120.3611611016,41120.3614770118,1.0000000000
1,20.0000000000,0,6959115.1342442725,41115.1345201256,1.0000000000
1,20.0000000000,0,6959109.9073249036,41109.9075657787,1.0000000000
1,20.0000000000,0,6959104.6804033173,41104.6806136493,1.0000000000
1,20.0000000000,0,6959099.4534797948,41099.4536634562,1.0000000000
1,20.0000000000,0,6959094.2265545819,41094.2267149538,1.0000000000
1,20.0000000000,0,6959088.9996278919,41088.9997679279,1.0000000000
1,20.0000000000,0,6959083.7726999130,41083.7728221912,1.0000000000
1,20.0000000000,0,6959078.5457708081,41078.5458775802,1.0000000000
1,20.0000000000,0,6959073.3188407207,41073.3189339522,1.0000000000
1,20.0000000000,0,6959068.0919097746,41068.0919911826,1.0000000000
1,20.0000000000,0,6959062.8649780788,41062.8650491626,1.0000000000
1,20.0000000000,0,6959057.6380457291,41057.6381077971,1.0000000000
1,20.0000000000,0,6959052.4111128077,41052.4111670030,1.0000000000
1,20.0000000000,0,6959047.1841793871,41047.1842267081,1.0000000000
1,20.0000000000,0,6959041.9572455306,41041.9572868490,1.0000000000
1,20.0000000000,0,6959036.7303112941,41036.7303473704,1.0000000000
1,20.0000000000,0,6959031.5033767251,41031.5034082242,1.0000000000
1,20.0000000000,0,6959026.2764418656,41026.2764693681,1.0000000000
1,20.0000000000,0,6959021.0495067528,41021.0495307654,1.0000000000
1,20.0000000000,0,6959015.8225714192,41015.8225923839,1.0000000000
1,20.0000000000,0,6959010.5956358919,41010.5956541956,1.0000000000
1,20.0000000000,0,6959005.3687001960,41005.3687161760,1.0000000000
1,20.0000000000,0,6959000.1417643530,41000.1417783038,1.0000000000
1,20.0000000000,0,6958994.9148283815,40994.9148405602,1.0000000000
1,20.0000000000,0,6958989.6878922973,40989.6879029289,1.0000000000
1,20.0000000000,0,6958984.4609561153,40984.4609653957,1.0000000000
1,20.0000000000,0,6958979.2340198476,40979.2340279481,1.0000000000
1,20.0000000000,0,6958974.0070835045,40974.0070905754,1.0000000000
1,20.0000000000,0,6958968.7801470961,40968.7801532679,1.0000000000
1,20.0000000000,0,6958963.5532106310,40963.5532160175,1.0000000000
1,20.0000000000,0,6958958.3262741165,40958.3262788168,1.0000000000
1,20.0000000000,0,6958953.0993375583,40953.0993416596,1.0000000000
1,20.0000000000,0,6958947.8724009618,40947.8724045404,1.0000000000
1,20.0000000000,0,6958942.6454643328,40942.6454674543,1.0000000000
1,20.0000000000,0,6958937.4185276739,40937.4185303972,1.0000000000
1,20.0000000000,0,6958932.1915909899,40932.1915933654,1.0000000000
1,20.0000000000,0,6958926.9646542845,40926.9646563556,1.0000000000
1,20.0000000000,0,6958921.7377175596,40921.7377193651,1.0000000000
1,20.0000000000,0,6958916.5107808178,40916.5107823914,1.0000000000
1,20.0000000000,0,6958911.2838440612,40911.2838454325,1.0000000000
1,20.0000000000,0,6958906.0569072915,40906.0569084863,1.0000000000
1,20.0000000000,0,6958900.8299705107,40900.8299715514,1.0000000000
1,20.0000000000,0,6958895.6030337205,40895.6030346262,1.0000000000
1,20.0000000000,0,6958890.3760969220,40890.3760977096,1.0000000000
1,20.0000000000,0,6958885.1491601160,40885.1491608005,1.0000000000
1,20.0000000000,0,6958879.9222233035,40879.9222238978,1.0000000000
1,20.0000000000,0,6958874.6952864844,40874.6952870009,1.0000000000
1,20.0000000000,0,6958873.0981668998,40873.0981673951,1.0000000000
1,20.0000000000,0,6958872.6101581370,40872.6101586270,1.0000000000
1,20.0000000000,0,6958872.4610443488,40872.4610448368,1.0000000000
1,20.0000000000,0,6958872.4154818021,40872.4154822898,1.0000000000
1,20.0000000000,0,6958872.4015599126,40872.4015604004,1.0000000000
1,20.0000000000,0,6958872.3973060017,40872.3973064898,1.0000000000
1,20.0000000000,0,6958872.3960061958,40872.3960066838,1.0000000000
1,20.0000000000,0,6958872.3956090333,40872.3956095208,1.0000000000
1,20.0000000000,0,6958872.3954876782,40872.3954881655,1.0000000000
1,20.0000000000,0,6958872.3954505976,40872.3954510847,1.0000000000
1,20.0000000000,0,6958872.3954392672,40872.3954397544,1.0000000000
1,20.0000000000,0,6958872.3954358054,40872.3954362924,1.0000000000
1,20.0000000000,0,6958872.3954347475,40872.3954352346,1.0000000000
1,20.0000000000,0,6958872.3954344243,40872.3954349113,1.0000000000
1,20.0000000000,0,6958872.3954343256,40872.3954348126,1.0000000000
1,20.0000000000,0,6958872.3954342958,40872.3954347824,1.0000000000
1,20.0000000000,0,6958872.3954342864,40872.3954347732,1.0000000000
1,20.0000000000,0,6958872.3954342837,40872.3954347704,1.0000000000
1,25.0000000000,0,6959375.5507465135,41377.4376901761,1.0000000000
1,25.0000000000,0,6959370.1411530450,41372.4000283840,1.0000000000
1,25.0000000000,0,6959365.0468606139,41367.0437309265,1.0000000000
1,25.0000000000,0,6959359.9475092972,41361.6922494514,1.0000000000
1,25.0000000000,0,6959354.8323005056,41356.3559232948,1.0000000000
1,25.0000000000,0,6959349.7028250685,41351.0333093160,1.0000000000
1,25.0000000000,0,6959344.5609011957,41345.7227202039,1.0000000000
1,25.0000000000,0,6959339.4081277112,41340.4226576336,1.0000000000
1,25.0000000000,0,6959334.2458965983,41335.1318063063,1.0000000000
1,25.0000000000,0,6959329.0754196327,41329.8490129373,1.0000000000
1,25.0000000000,0,6959323.8977520457,41324.5732669060,1.0000000000
1,25.0000000000,0,6959318.7138130264,41319.3036830442,1.0000000000
1,25.0000000000,0,6959313.5244034855,41314.0394863874,1.0000000000
1,25.0000000000,0,6959308.3302214453,41308.7799986969,1.0000000000
1,25.0000000000,0,6959303.1318753986,41303.5246265687,1.0000000000
1,25.0000000000,0,6959297.9298958937,41298.2728509587,1.0000000000
1,25.0000000000,0,6959292.7247456033,41293.0242179670,1.0000000000
1,25.0000000000,0,6959287.5168280713,41287.7783307391,1.0000000000
1,25.0000000000,0,6959282.3064953191,41282.5348423547,1.0000000000
1,25.0000000000,0,6959277.0940544605,41277.2934495884,1.0000000000
1,25.0000000000,0,6959271.8797734631,41272.0538874401,1.0000000000
1,25.0000000000,0,6959266.6638861559,41266.8159243408,1.0000000000
1,25.0000000000,0,6959261.4465966001,41261.5793579545,1.0000000000
1,25.0000000000,0,6959256.2280828888,41256.3440115022,1.0000000000
1,25.0000000000,0,6959251.0085004643,41251.1097305448,1.0000000000
1,25.0000000000,0,6959245.7879850045,41245.8763801683,1.0000000000
1,25.0000000000,0,6959240.5666549439,41240.6438425214,1.0000000000
1,25.0000000000,0,6959235.3446136676,41235.4120146627,1.0000000000
1,25.0000000000,0,6959230.1219514301,41230.1808066778,1.0000000000
1,25.0000000000,0,6959224.8987470223,41224.9501400336,1.0000000000
1,25.0000000000,0,6959219.6750692315,41219.7199461398,1.0000000000
1,25.0000000000,0,6959214.4509781124,41214.4901650918,1.0000000000
1,25.0000000000,0,6959209.2265260974,41209.2607445718,1.0000000000
1,25.0000000000,0,6959204.0017589647,41204.0316388890,1.0000000000
1,25.0000000000,0,6959198.7767166840,41198.8028081408,1.0000000000
1,25.0000000000,0,6959193.5514341528,41193.5742174802,1.0000000000
1,25.0000000000,0,6959188.3259418411,41188.3458364757,1.0000000000
1,25.0000000000,0,6959183.1002663542,41183.1176385519,1.0000000000
1,25.0000000000,0,6959177.8744309209,41177.8896005014,1.0000000000
1,25.0000000000,0,6959172.6484558256,41172.6617020578,1.0000000000
1,25.0000000000,0,6959167.4223587792,41167.4339255236,1.0000000000
1,25.0000000000,0,6959162.1961552463,41162.2062554442,1.0000000000
1,25.0000000000,0,6959156.9698587293,41156.9786783240,1.0000000000
1,25.0000000000,0,6959151.7434810195,41151.7511823781,1.0000000000
1,25.0000000000,0,6959146.5170324119,41146.5237573154,1.0000000000
1,25.0000000000,0,6959141.2905218974,41141.2963941496,1.0000000000
1,25.0000000000,0,6959136.0639573252,41136.0690850333,1.0000000000
1,25.0000000000,0,6959130.8373455489,41130.8418231140,1.0000000000
1,25.0000000000,0,6959125.6106925551,41125.6146024081,1.0000000000
1,25.0000000000,0,6959120.3840035694,41120.3874176903,1.0000000000
1,25.0000000000,0,6959115.1572831552,41115.1602643980,1.0000000000
1,25.0000000000,0,6959109.9305352978,41109.9331385469,1.0000000000
1,25.0000000000,0,6959104.7037634766,41104.7060366577,1.0000000000
1,25.0000000000,0,6959099.4769707303,41099.4789556926,1.0000000000
1,25.0000000000,0,6959094.2501597116,41094.2518929986,1.0000000000
1,25.0000000000,0,6959089.0233327374,41089.0248462591,1.0000000000
1,25.0000000000,0,6959083.7964918315,41083.7978134514,1.0000000000
1,25.0000000000,0,6959078.5696387598,41078.5707928090,1.0000000000
1,25.0000000000,0,6959073.3427750645,41073.3437827896,1.0000000000
1,25.0000000000,0,6959068.1159020932,41068.1167820462,1.0000000000
1,25.0000000000,0,6959062.8890210213,41062.8897894029,1.0000000000
1,25.0000000000,0,6959057.6621328769,41057.6628038325,1.0000000000
1,25.0000000000,0,6959052.4352385560,41052.4358244383,1.0000000000
1,25.0000000000,0,6959047.2083388418,41047.2088504374,1.0000000000
1,25.0000000000,0,6959041.9814344179,41041.9818811457,1.0000000000
1,25.0000000000,0,6959036.7545258822,41036.7549159664,1.0000000000
1,25.0000000000,0,6959031.5276137553,41031.5279543779,1.0000000000
1,25.0000000000,0,6959026.3006984927,41026.3009959250,1.0000000000
1,25.0000000000,0,6959021.0737804919,41021.0740402102,1.0000000000
1,25.0000000000,0,6959015.8468601005,41015.8470868862,1.0000000000
1,25.0000000000,0,6959010.6199376211,41010.6201356500,1.0000000000
1,25.0000000000,0,6959005.3930133190,41005.3931862368,1.0000000000
1,25.0000000000,0,6959000.1660874244,41000.1662384155,1.0000000000
1,25.0000000000,0,6958994.9391601402,40994.9392919843,1.0000000000
1,25.0000000000,0,6958989.7122316426,40989.7123467669,1.0000000000
1,25.0000000000,0,6958984.4853020841,40984.4854026094,1.0000000000
1,25.0000000000,0,6958979.2583716009,40979.2584593774,1.0000000000
1,25.0000000000,0,6958974.0314403092,40974.0315169536,1.0000000000
1,25.0000000000,0,6958968.8045083117,40968.8045752356,1.0000000000
1,25.0000000000,0,6958963.5775756976,40963.5776341337,1.0000000000
1,25.0000000000,0,6958958.3506425461,40958.3506935700,1.0000000000
1,25.0000000000,0,6958953.1237089243,40953.1237534761,1.0000000000
1,25.0000000000,0,6958947.8967748927,40947.8968137926,1.0000000000
1,25.0000000000,0,6958942.6698405026,40942.6698744673,1.0000000000
1,25.0000000000,0,6958937.4429057995,40937.4429354549,1.0000000000
1,25.0000000000,0,6958932.2159708235,40932.2159967157,1.0000000000
1,25.0000000000,0,6958926.9890356082,40926.9890582150,1.0000000000
1,25.0000000000,0,6958921.7621001853,40921.7621199227,1.0000000000
1,25.0000000000,0,6958916.5351645807,40916.5351818122,1.0000000000
1,25.0000000000,0,6958911.3082288168,40911.3082438606,1.0000000000
1,25.0000000000,0,6958906.0812929142,40906.0813060477,1.0000000000
1,25.0000000000,0,6958900.8543568905,40900.8543683559,1.0000000000
1,25.0000000000,0,6958895.6274207607,40895.6274307699,1.0000000000
1,25.0000000000,0,6958890.4004845386,40890.4004932762,1.0000000000
1,25.0000000000,0,6958885.1735482365,40885.1735558631,1.0000000000
1,25.0000000000,0,6958879.9466118636,40879.9466185204,1.0000000000
1,25.0000000000,0,6958874.7196754292,40874.7196812392,1.0000000000
1,25.0000000000,0,6958873.1225559469,40873.1225615307,1.0000000000
1,25.0000000000,0,6958872.6345472122,40872.6345527353,1.0000000000
1,25.0000000000,0,6958872.4854334313,40872.4854389370,1.0000000000
1,25.0000000000,0,6958872.4398708874,40872.4398763875,1.0000000000
1,25.0000000000,0,6958872.4259489989,40872.4259544974,1.0000000000
1,25.0000000000,0,6958872.4216950890,40872.4217005866,1.0000000000
1,25.0000000000,0,6958872.4203952830,40872.4204007805,1.0000000000
1,25.0000000000,0,6958872.4199981205,40872.4200036175,1.0000000000
1,25.0000000000,0,6958872.4198767655,40872.4198822621,1.0000000000
1,25.0000000000,0,6958872.4198396849,40872.4198451813,1.0000000000
1,25.0000000000,0,6958872.4198283544,40872.4198338511,1.0000000000
1,25.0000000000,0,6958872.4198248927,40872.4198303891,1.0000000000
1,25.0000000000,0,6958872.4198238347,40872.4198293312,1.0000000000
1,25.0000000000,0,6958872.4198235115,40872.4198290080,1.0000000000
1,25.0000000000,0,6958872.4198234128,40872.4198289092,1.0000000000
1,25.0000000000,0,6958872.4198233830,40872.4198288791,1.0000000000
1,25.0000000000,0,6958872.4198233737,40872.4198288698,1.0000000000
1,25.0000000000,0,6958872.4198233709,40872.4198288670,1.0000000000
1,25.0000000000,0,6958872.4198233699,40872.4198288662,1.0000000000
1,25.0000000000,0,6958872.4198233699,40872.4198288659,1.0000000000
1,25.0000000000,0,6958872.4198233699,40872.4198288658,1.0000000000
1,25.0000000000,0,6958872.4198233699,40872.4198288658,1.0000000000
1,25.0000000000,0,6958872.4198233699,40872.4198288658,1.0000000000
1,30.0000000000,0,6959356.8977357559,41348.5905862365,1.0000000000
1,30.0000000000,0,6959352.1610922767,41343.5142760853,1.0000000000
1,30.0000000000,0,6959346.7883029981,41339.1167936730,1.0000000000
1,30.0000000000,0,6959341.4496984947,41334.6778728410,1.0000000000
1,30.0000000000,0,6959336.1584400889,41330.1826197141,1.0000000000
1,30.0000000000,0,6959330.9100933084,41325.6373394954,1.0000000000
1,30.0000000000,0,6959325.7001171373,41321.0481277446,1.0000000000
1,30.0000000000,0,6959320.5243696738,41316.4203470244,1.0000000000
1,30.0000000000,0,6959315.3791045537,41311.7586989212,1.0000000000
1,30.0000000000,0,6959310.2609473011,41307.0673044023,1.0000000000
1,30.0000000000,0,6959305.1668685218,41302.3497756433,1.0000000000
1,30.0000000000,0,6959300.0941560538,41297.6092794228,1.0000000000
1,30.0000000000,0,6959295.0403872393,41292.8485928158,1.0000000000
1,30.0000000000,0,6959290.0034020953,41288.0701519765,1.0000000000
1,30.0000000000,0,6959284.9812778588,41283.2760947856,1.0000000000
1,30.0000000000,0,6959279.9723051926,41278.4682980942,1.0000000000
1,30.0000000000,0,6959274.9749661833,41273.6484102302,1.0000000000
1,30.0000000000,0,6959269.9879141711,41268.8178793669,1.0000000000
1,30.0000000000,0,6959265.0099553820,41263.9779782844,1.0000000000
1,30.0000000000,0,6959260.0400322899,41259.1298259910,1.0000000000
1,30.0000000000,0,6959255.0772086130,41254.2744066116,1.0000000000
1,30.0000000000,0,6959250.1206558235,41249.4125858989,1.0000000000
1,30.0000000000,0,6959245.1696410617,41244.5451256752,1.0000000000
1,30.0000000000,0,6959240.2235163301,41239.6726964729,1.0000000000
1,30.0000000000,0,6959235.2817088459,41234.7958886041,1.0000000000
1,30.0000000000,0,6959230.3437124547,41229.9152218628,1.0000000000
1,30.0000000000,0,6959225.4090799848,41225.0311540312,1.0000000000
1,30.0000000000,0,6959220.4774164557,41220.1440883434,1.0000000000
1,30.0000000000,0,6959215.5483730519,41215.2543800369,1.0000000000
1,30.0000000000,0,6959210.6216417737,41210.3623421064,1.0000000000
1,30.0000000000,0,6959205.6969507011,41205.4682503590,1.0000000000
1,30.0000000000,0,6959200.7740597930,41200.5723478579,1.0000000000
1,30.0000000000,0,6959195.8527571745,41195.6748488293,1.0000000000
1,30.0000000000,0,6959190.9328558492,41190.7759420996,1.0000000000
1,30.0000000000,0,6959186.0141907902,41185.8757941184,1.0000000000
1,30.0000000000,0,6959181.0966163706,41180.9745516203,1.0000000000
1,30.0000000000,0,6959176.1800040891,41176.0723439673,1.0000000000
1,30.0000000000,0,6959171.2642405648,41171.1692852112,1.0000000000
1,30.0000000000,0,6959166.3492257595,41166.2654759106,1.0000000000
1,30.0000000000,0,6959161.4348714137,41161.3610047301,1.0000000000
1,30.0000000000,0,6959156.5210996624,41156.4559498508,1.0000000000
1,30.0000000000,0,6959151.6078418121,41151.5503802109,1.0000000000
1,30.0000000000,0,6959146.6950372634,41146.6443566010,1.0000000000
1,30.0000000000,0,6959141.7826325577,41141.7379326280,1.0000000000
1,30.0000000000,0,6959136.8705805372,41136.8311555650,1.0000000000
1,30.0000000000,0,6959131.9588396037,41131.9240671006,1.0000000000
1,30.0000000000,0,6959127.0473730629,41127.0167039989,1.0000000000
1,30.0000000000,0,6959122.1361485459,41122.1090986822,1.0000000000
1,30.0000000000,0,6959117.2251375029,41117.2012797438,1.0000000000
1,30.0000000000,0,6959112.3143147500,41112.2932724004,1.0000000000
1,30.0000000000,0,6959107.4036580725,41107.3850988914,1.0000000000
1,30.0000000000,0,6959102.4931478770,41102.4767788304,1.0000000000
1,30.0000000000,0,6959097.5827668821,41097.5683295152,1.0000000000
1,30.0000000000,0,6959092.6724998429,41092.6597662019,1.0000000000
1,30.0000000000,0,6959087.7623333139,41087.7511023453,1.0000000000
1,30.0000000000,0,6959082.8522554366,41082.8423498121,1.0000000000
1,30.0000000000,0,6959077.9422557503,41077.9335190682,1.0000000000
1,30.0000000000,0,6959073.0323250284,41073.0246193440,1.0000000000
1,30.0000000000,0,6959068.1224551331,41068.1156587808,1.0000000000
1,30.0000000000,0,6959063.2126388876,41063.2066445585,1.0000000000
1,30.0000000000,0,6959058.3028699616,41058.2975830100,1.0000000000
1,30.0000000000,0,6959053.3931427710,41053.3884797204,1.0000000000
1,30.0000000000,0,6959048.4834523909,41048.4793396158,1.0000000000
1,30.0000000000,0,6959043.5737944776,41043.5701670410,1.0000000000
1,30.0000000000,0,6959038.6641651997,41038.6609658279,1.0000000000
1,30.0000000000,0,6959033.7545611784,41033.7517393562,1.0000000000
1,30.0000000000,0,6959028.8449794333,41028.8424906067,1.0000000000
1,30.0000000000,0,6959023.9354173355,41023.9332222084,1.0000000000
1,30.0000000000,0,6959019.0258725667,41019.0239364802,1.0000000000
1,30.0000000000,0,6959014.1163430819,41014.1146354672,1.0000000000
1,30.0000000000,0,6959009.2068270780,41009.2053209730,1.0000000000
1,30.0000000000,0,6959004.2973229634,41004.2959945888,1.0000000000
1,30.0000000000,0,6958999.3878293354,40999.3866577175,1.0000000000
1,30.0000000000,0,6958994.4783449564,40994.4773115968,1.0000000000
1,30.0000000000,0,6958989.5688687358,40989.5679573182,1.0000000000
1,30.0000000000,0,6958984.6593997097,40984.6585958444,1.0000000000
1,30.0000000000,0,6958979.7499370296,40979.7492280245,1.0000000000
1,30.0000000000,0,6958974.8404799467,40974.8398546074,1.0000000000
1,30.0000000000,0,6958969.9310278008,40969.9304762536,1.0000000000
1,30.0000000000,0,6958965.0215800088,40965.0210935458,1.0000000000
1,30.0000000000,0,6958960.1121360566,40960.1117069977,1.0000000000
1,30.0000000000,0,6958955.2026954917,40955.2023170625,1.0000000000
1,30.0000000000,0,6958950.2932579145,40950.2929241400,1.0000000000
1,30.0000000000,0,6958945.3838229720,40945.3835285825,1.0000000000
1,30.0000000000,0,6958940.4743903531,40940.4741307013,1.0000000000
1,30.0000000000,0,6958935.5649597840,40935.5647307703,1.0000000000
1,30.0000000000,0,6958930.6555310227,40930.6553290316,1.0000000000
1,30.0000000000,0,6958925.7461038558,40925.7459256984,1.0000000000
1,30.0000000000,0,6958920.8366780952,40920.8365209589,1.0000000000
1,30.0000000000,0,6958915.9272535751,40915.9271149791,1.0000000000
1,30.0000000000,0,6958911.0178301483,40911.0177079053,1.0000000000
1,30.0000000000,0,6958906.1084076865,40906.1082998667,1.0000000000
1,30.0000000000,0,6958901.1989860758,40901.1988909770,1.0000000000
1,30.0000000000,0,6958896.2895652158,40896.2894813367,1.0000000000
1,30.0000000000,0,6958891.3801450180,40891.3800710345,1.0000000000
1,30.0000000000,0,6958886.4707254041,40886.4706601483,1.0000000000
1,30.0000000000,0,6958881.5613063052,40881.5612487471,1.0000000000
1,30.0000000000,0,6958876.6518876599,40876.6518368918,1.0000000000
1,30.0000000000,0,6958875.1517876405,40875.1517387025,1.0000000000
1,30.0000000000,0,6958874.6934237788,40874.6933753339,1.0000000000
1,30.0000000000,0,6958874.5533681568,40874.5533198580,1.0000000000
1,30.0000000000,0,6958874.5105733834,40874.5105251291,1.0000000000
1,30.0000000000,0,6958874.4974972028,40874.4974489619,1.0000000000
1,30.0000000000,0,6958874.4935017033,40874.4934534664,1.0000000000
1,30.0000000000,0,6958874.4922808558,40874.4922326205,1.0000000000
1,30.0000000000,0,6958874.4919078192,40874.4918595843,1.0000000000
1,30.0000000000,0,6958874.4917938355,40874.4917456010,1.0000000000
1,30.0000000000,0,6958874.4917590069,40874.4917107728,1.0000000000
1,30.0000000000,0,6958874.4917483646,40874.4917001308,1.0000000000
1,30.0000000000,0,6958874.4917451125,40874.4916968791,1.0000000000
1,30.0000000000,0,6958874.4917441187,40874.4916958855,1.0000000000
1,30.0000000000,0,6958874.4917438151,40874.4916955819,1.0000000000
1,30.0000000000,0,6958874.4917437220,40874.4916954891,1.0000000000
1,30.0000000000,0,6958874.4917436941,40874.4916954608,1.0000000000
1,30.0000000000,0,6958874.4917436857,40874.4916954521,1.0000000000
1,30.0000000000,0,6958874.4917436829,40874.4916954495,1.0000000000
1,30.0000000000,0,6958874.4917436820,40874.4916954487,1.0000000000
1,30.0000000000,0,6958874.4917436820,40874.4916954484,1.0000000000
1,30.0000000000,0,6958874.4917436820,40874.4916954484,1.0000000000
1,30.0000000000,0,6958874.4917436820,40874.4916954483,1.0000000000
1,35.0000000000,0,6959333.2145183552,41323.2090354808,1.0000000000
1,35.0000000000,0,6959328.4778748760,41318.1327253297,1.0000000000
1,35.0000000000,0,6959323.0199809670,41313.8413257594,1.0000000000
1,35.0000000000,0,6959317.6029042192,41309.4985161040,1.0000000000
1,35.0000000000,0,6959312.2410414265,41305.0877175837,1.0000000000
1,35.0000000000,0,6959306.9293924598,41300.6165766279,1.0000000000
1,35.0000000000,0,6959301.6628043456,41296.0924451270,1.0000000000
1,35.0000000000,0,6959296.4365341058,41291.5217979547,1.0000000000
1,35.0000000000,0,6959291.2462592665,41286.9103162746,1.0000000000
1,35.0000000000,0,6959286.0880625006,41282.2629813046,1.0000000000
1,35.0000000000,0,6959280.9584094174,41277.5841592902,1.0000000000
1,35.0000000000,0,6959275.8541226825,41272.8776772575,1.0000000000
1,35.0000000000,0,6959270.7723544491,41268.1468900267,1.0000000000
1,35.0000000000,0,6959265.7105584638,41263.3947391874,1.0000000000
1,35.0000000000,0,6959260.6664627669,41258.6238048138,1.0000000000
1,35.0000000000,0,6959255.6380435918,41253.8363507105,1.0000000000
1,35.0000000000,0,6959250.6235008165,41249.0343639396,1.0000000000
1,35.0000000000,0,6959245.6212351667,41244.2195893272,1.0000000000
1,35.0000000000,0,6959240.6298272442,41239.3935595771,1.0000000000
1,35.0000000000,0,6959235.6480183732,41234.5576215532,1.0000000000
1,35.0000000000,0,6959230.6746932156,41229.7129592246,1.0000000000
1,35.0000000000,0,6959225.7088640640,41224.8606137055,1.0000000000
1,35.0000000000,0,6959220.7496567015,41220.0015007690,1.0000000000
1,35.0000000000,0,6959215.7962977150,41215.1364261606,1.0000000000
1,35.0000000000,0,6959210.8481031423,41210.2660989984,1.0000000000
1,35.0000000000,0,6959205.9044683315,41205.3911435054,1.0000000000
1,35.0000000000,0,6959200.9648589035,41200.5121092883,1.0000000000
1,35.0000000000,0,6959196.0288027013,41195.6294803480,1.0000000000
1,35.0000000000,0,6959191.0958826421,41190.7436829840,1.0000000000
1,35.0000000000,0,6959186.1657303600,41185.8550927303,1.0000000000
1,35.0000000000,0,6959181.2380205728,41180.9640404461,1.0000000000
1,35.0000000000,0,6959176.3124660840,41176.0708176666,1.0000000000
1,35.0000000000,0,6959171.3888133559,41171.1756813039,1.0000000000
1,35.0000000000,0,6959166.4668385908,41166.2788577818,1.0000000000
1,35.0000000000,0,6959161.5463442607,41161.3805466707,1.0000000000
1,35.0000000000,0,6959156.6271560388,41156.4809238858,1.0000000000
1,35.0000000000,0,6959151.7091200864,41151.5801445019,1.0000000000
1,35.0000000000,0,6959146.7921006540,41146.6783452301,1.0000000000
1,35.0000000000,0,6959141.8759779604,41141.7756465995,1.0000000000
1,35.0000000000,0,6959136.9606463211,41136.8721548770,1.0000000000
1,35.0000000000,0,6959132.0460124919,41131.9679637593,1.0000000000
1,35.0000000000,0,6959127.1319942074,41127.0631558630,1.0000000000
1,35.0000000000,0,6959122.2185188942,41122.1578040368,1.0000000000
1,35.0000000000,0,6959117.3055225266,41117.2519725186,1.0000000000
1,35.0000000000,0,6959112.3929486237,41112.3457179548,1.0000000000
1,35.0000000000,0,6959107.4807473617,41107.4390902983,1.0000000000
1,35.0000000000,0,6959102.5688747894,41102.5321336006,1.0000000000
1,35.0000000000,0,6959097.6572921379,41097.6248867094,1.0000000000
1,35.0000000000,0,6959092.7459652070,41092.7173838842,1.0000000000
1,35.0000000000,0,6959087.8348638322,41087.8096553384,1.0000000000
1,35.0000000000,0,6959082.9239614038,41082.9017277174,1.0000000000
1,35.0000000000,0,6959078.0132344514,41077.9936245204,1.0000000000
1,35.0000000000,0,6959073.1026622718,41073.0853664722,1.0000000000
1,35.0000000000,0,6959068.1922266055,41068.1769718504,1.0000000000
1,35.0000000000,0,6959063.2819113452,41063.2684567749,1.0000000000
1,35.0000000000,0,6959058.3717022855,41058.3598354629,1.0000000000
1,35.0000000000,0,6959053.4615868954,41053.4511204528,1.0000000000
1,35.0000000000,0,6959048.5515541220,41048.5423228035,1.0000000000
1,35.0000000000,0,6959043.6415942172,41043.6334522681,1.0000000000
1,35.0000000000,0,6959038.7316985829,41038.7245174488,1.0000000000
1,35.0000000000,0,6959033.8218596354,41033.8155259322,1.0000000000
1,35.0000000000,0,6959028.9120706860,41028.9064844096,1.0000000000
1,35.0000000000,0,6959024.0023258347,41023.9973987826,1.0000000000
1,35.0000000000,0,6959019.0926198782,41019.0882742561,1.0000000000
1,35.0000000000,0,6959014.1829482261,41014.1791154210,1.0000000000
1,35.0000000000,0,6959009.2733068308,41009.2699263260,1.0000000000
1,35.0000000000,0,6959004.3636921225,41004.3607105424,1.0000000000
1,35.0000000000,0,6958999.4541009516,40999.4514712195,1.0000000000
1,35.0000000000,0,6958994.5445305398,40994.5422111355,1.0000000000
1,35.0000000000,0,6958989.6349784387,40989.6329327404,1.0000000000
1,35.0000000000,0,6958984.7254424868,40984.7236381950,1.0000000000
1,35.0000000000,0,6958979.8159207786,40979.8143294053,1.0000000000
1,35.0000000000,0,6958974.9064116329,40974.9050080523,1.0000000000
1,35.0000000000,0,6958969.9969135681,40969.9956756186,1.0000000000
1,35.0000000000,0,6958965.0874252757,40965.0863334118,1.0000000000
1,35.0000000000,0,6958960.1779456027,40960.1769825852,1.0000000000
1,35.0000000000,0,6958955.2684735321,40955.2676241560,1.0000000000
1,35.0000000000,0,6958950.3590081669,40950.3582590215,1.0000000000
1,35.0000000000,0,6958945.4495487157,40945.4488879729,1.0000000000
1,35.0000000000,0,6958940.5400944808,40940.5395117081,1.0000000000
1,35.0000000000,0,6958935.6306448458,40935.6301308427,1.0000000000
1,35.0000000000,0,6958930.7211992685,40930.7207459196,1.0000000000
1,35.0000000000,0,6958925.8117572702,40925.8113574176,1.0000000000
1,35.0000000000,0,6958920.9023184283,40920.9019657592,1.0000000000
1,35.0000000000,0,6958915.9928823709,40915.9925713167,1.0000000000
1,35.0000000000,0,6958911.0834487686,40911.0831744187,1.0000000000
1,35.0000000000,0,6958906.1740173325,40906.1737753550,1.0000000000
1,35.0000000000,0,6958901.2645878065,40901.2643743811,1.0000000000
1,35.0000000000,0,6958896.3551599644,40896.3549717226,1.0000000000
1,35.0000000000,0,6958891.4457336087,40891.4455675782,1.0000000000
1,35.0000000000,0,6958886.5363085633,40886.5361621232,1.0000000000
1,35.0000000000,0,6958881.6268846737,40881.6267555123,1.0000000000
1,35.0000000000,0,6958876.7174618039,40876.7173478819,1.0000000000
1,35.0000000000,0,6958875.2173606465,40875.2172508311,1.0000000000
1,35.0000000000,0,6958874.7589964783,40874.7588877694,1.0000000000
1,35.0000000000,0,6958874.6189407650,40874.6188323847,1.0000000000
1,35.0000000000,0,6958874.5761459637,40874.5760376834,1.0000000000
1,35.0000000000,0,6958874.5630697748,40874.5629615246,1.0000000000
1,35.0000000000,0,6958874.5590742724,40874.5589660316,1.0000000000
1,35.0000000000,0,6958874.5578534249,40874.5577451866,1.0000000000
1,35.0000000000,0,6958874.5574803883,40874.5573721506,1.0000000000
1,35.0000000000,0,6958874.5573664047,40874.5572581673,1.0000000000
1,35.0000000000,0,6958874.5573315760,40874.5572233391,1.0000000000
1,35.0000000000,0,6958874.5573209338,40874.5572126972,1.0000000000
1,35.0000000000,0,6958874.5573176816,40874.5572094455,1.0000000000
1,35.0000000000,0,6958874.5573166879,40874.5572084519,1.0000000000
1,35.0000000000,0,6958874.5573163843,40874.5572081483,1.0000000000
1,35.0000000000,0,6958874.5573162911,40874.5572080555,1.0000000000
1,35.0000000000,0,6958874.5573162632,40874.5572080272,1.0000000000
1,35.0000000000,0,6958874.5573162548,40874.5572080185,1.0000000000
1,35.0000000000,0,6958874.5573162520,40874.5572080159,1.0000000000
1,35.0000000000,0,6958874.5573162511,40874.5572080151,1.0000000000
1,35.0000000000,0,6958874.5573162511,40874.5572080148,1.0000000000
1,35.0000000000,0,6958874.5573162511,40874.5572080148,1.0000000000
1,35.0000000000,0,6958874.5573162511,40874.5572080147,1.0000000000
1,35.0000000000,0,6958874.5573162511,40874.5572080147,1.0000000000
1,35.0000000000,0,6958874.5573162511,40874.5572080147,1.0000000000
1,35.0000000000,0,6958874.5573162511,40874.5572080147,1.0000000000
1,35.0000000000,0,6958874.5573162511,40874.5572080147,1.0000000000
1,35.0000000000,0,6958874.5573162511,40874.5572080147,1.0000000000
1,40.0000000000,0,6959304.4268093100,41298.7650255898,1.0000000000
1,40.0000000000,0,6959299.6314128758,41293.4538783679,1.0000000000
1,40.0000000000,0,6959294.2287122505,41288.7618705113,1.0000000000
1,40.0000000000,0,6959288.8474798109,41284.0452563429,1.0000000000
1,40.0000000000,0,6959283.5034255367,41279.2865594948,1.0000000000
1,40.0000000000,0,6959278.1929756962,41274.4903907874,1.0000000000
1,40.0000000000,0,6959272.9123116173,41269.6614469420,1.0000000000
1,40.0000000000,0,6959267.6579951532,41264.8038477131,1.0000000000
1,40.0000000000,0,6959262.4269584566,41259.9211878991,1.0000000000
1,40.0000000000,0,6959257.2164716469,41255.0166044326,1.0000000000
1,40.0000000000,0,6959252.0241106628,41250.0928356331,1.0000000000
1,40.0000000000,0,6959246.8477267297,41245.1522727957,1.0000000000
1,40.0000000000,0,6959241.6854178375,41240.1970050254,1.0000000000
1,40.0000000000,0,6959236.5355024328,41235.2288581770,1.0000000000
1,40.0000000000,0,6959231.3964953749,41230.2494286678,1.0000000000
1,40.0000000000,0,6959226.2670861119,41225.2601128441,1.0000000000
1,40.0000000000,0,6959221.1461189948,41220.2621324959,1.0000000000
1,40.0000000000,0,6959216.0325755961,41215.2565570362,1.0000000000
1,40.0000000000,0,6959210.9255588856,41210.2443227944,1.0000000000
1,40.0000000000,0,6959205.8242791155,41205.2262498092,1.0000000000
1,40.0000000000,0,6959200.7280412568,41200.2030564561,1.0000000000
1,40.0000000000,0,6959195.6362338401,41195.1753721967,1.0000000000
1,40.0000000000,0,6959190.5483190650,41190.1437486990,1.0000000000
1,40.0000000000,0,6959185.4638240393,41185.1086695422,1.0000000000
1,40.0000000000,0,6959180.3823330346,41180.0705586913,1.0000000000
1,40.0000000000,0,6959175.3034806419,41175.0297879020,1.0000000000
1,40.0000000000,0,6959170.2269457337,41169.9866831930,1.0000000000
1,40.0000000000,0,6959165.1524461368,41164.9415305073,1.0000000000
1,40.0000000000,0,6959160.0797339370,41159.8945806641,1.0000000000
1,40.0000000000,0,6959155.0085913427,41154.8460536943,1.0000000000
1,40.0000000000,0,6959149.9388270406,41149.7961426354,1.0000000000
1,40.0000000000,0,6959144.8702729931,41144.7450168553,1.0000000000
1,40.0000000000,0,6959139.8027816145,41139.6928249642,1.0000000000
1,40.0000000000,0,6959134.7362232897,41134.6396973660,1.0000000000
1,40.0000000000,0,6959129.6704841945,41129.5857484945,1.0000000000
1,40.0000000000,0,6959124.6054643728,41124.5310787737,1.0000000000
1,40.0000000000,0,6959119.5410760539,41119.4757763362,1.0000000000
1,40.0000000000,0,6959114.4772421680,41114.4199185306,1.0000000000
1,40.0000000000,0,6959109.4138950435,41109.3635732425,1.0000000000
1,40.0000000000,0,6959104.3509752629,41104.3068000546,1.0000000000
1,40.0000000000,0,6959099.2884306582,41099.2496512625,1.0000000000
1,40.0000000000,0,6959094.2262154268,41094.1921727677,1.0000000000
1,40.0000000000,0,6959089.1642893543,41089.1344048596,1.0000000000
1,40.0000000000,0,6959084.1026171353,41084.0763829025,1.0000000000
1,40.0000000000,0,6959079.0411677724,41079.0181379378,1.0000000000
1,40.0000000000,0,6959073.9799140533,41073.9596972130,1.0000000000
1,40.0000000000,0,6959068.9188320870,41068.9010846458,1.0000000000
1,40.0000000000,0,6959063.8579008989,41063.8423212306,1.0000000000
1,40.0000000000,0,6959058.7971020769,41058.7834253967,1.0000000000
1,40.0000000000,0,6959053.7364194551,41053.7244133212,1.0000000000
1,40.0000000000,0,6959048.6758388430,41048.6652992048,1.0000000000
1,40.0000000000,0,6959043.6153477812,41043.6060955131,1.0000000000
1,40.0000000000,0,6959038.5549353343,41038.5468131886,1.0000000000
1,40.0000000000,0,6959033.4945918992,41033.4874618369,1.0000000000
1,40.0000000000,0,6959028.4343090486,41028.4280498903,1.0000000000
1,40.0000000000,0,6959023.3740793820,41023.3685847508,1.0000000000
1,40.0000000000,0,6959018.3138964036,41018.3090729160,1.0000000000
1,40.0000000000,0,6959013.2537544118,41013.2495200901,1.0000000000
1,40.0000000000,0,6959008.1936483998,41008.1899312801,1.0000000000
1,40.0000000000,0,6959003.1335739736,41003.1303108815,1.0000000000
1,40.0000000000,0,6958998.0735272747,40998.0706627530,1.0000000000
1,40.0000000000,0,6958993.0135049168,40993.0109902818,1.0000000000
1,40.0000000000,0,6958987.9535039272,40987.9512964413,1.0000000000
1,40.0000000000,0,6958982.8935216954,40982.8915838417,1.0000000000
1,40.0000000000,0,6958977.8335559303,40977.8318547745,1.0000000000
1,40.0000000000,0,6958972.7736046212,40972.7721112512,1.0000000000
1,40.0000000000,0,6958967.7136660013,40967.7123550375,1.0000000000
1,40.0000000000,0,6958962.6537385210,40962.6525876836,1.0000000000
1,40.0000000000,0,6958957.5938208206,40957.5928105501,1.0000000000
1,40.0000000000,0,6958952.5339117050,40952.5330248317,1.0000000000
1,40.0000000000,0,6958947.4740101257,40947.4732315770,1.0000000000
1,40.0000000000,0,6958942.4141151616,40942.4134317065,1.0000000000
1,40.0000000000,0,6958937.3542260053,40937.3536260284,1.0000000000
1,40.0000000000,0,6958932.2943419470,40932.2938152519,1.0000000000
1,40.0000000000,0,6958927.2344623646,40927.2339999999,1.0000000000
1,40.0000000000,0,6958922.1745867105,40922.1741808190,1.0000000000
1,40.0000000000,0,6958917.1147145052,40917.1143581891,1.0000000000
1,40.0000000000,0,6958912.0548453275,40912.0545325315,1.0000000000
1,40.0000000000,0,6958906.9949788079,40906.9947042160,1.0000000000
1,40.0000000000,0,6958901.9351146212,40901.9348735672,1.0000000000
1,40.0000000000,0,6958896.8752524834,40896.8750408702,1.0000000000
1,40.0000000000,0,6958891.8153921431,40891.8152063751,1.0000000000
1,40.0000000000,0,6958886.7555333814,40886.7553703017,1.0000000000
1,40.0000000000,0,6958881.6956760054,40881.6955328425,1.0000000000
1,40.0000000000,0,6958876.6358198458,40876.6356941670,1.0000000000
1,40.0000000000,0,6958875.0897530122,40875.0896320232,1.0000000000
1,40.0000000000,0,6958874.6173437890,40874.6172240584,1.0000000000
1,40.0000000000,0,6958874.4729965320,40874.4728771747,1.0000000000
1,40.0000000000,0,6958874.4288904266,40874.4287711820,1.0000000000
1,40.0000000000,0,6958874.4154135613,40874.4152943508,1.0000000000
1,40.0000000000,0,6958874.4112956300,40874.4111764302,1.0000000000
1,40.0000000000,0,6958874.4100373732,40874.4099181766,1.0000000000
1,40.0000000000,0,6958874.4096529055,40874.4095337103,1.0000000000
1,40.0000000000,0,6958874.4095354294,40874.4094162345,1.0000000000
1,40.0000000000,0,6958874.4094995344,40874.4093803391,1.0000000000
1,40.0000000000,0,6958874.4094885662,40874.4093693710,1.0000000000
1,40.0000000000,0,6958874.4094852153,40874.4093660197,1.0000000000
1,40.0000000000,0,6958874.4094841909,40874.4093649957,1.0000000000
1,40.0000000000,0,6958874.4094838779,40874.4093646828,1.0000000000
1,40.0000000000,0,6958874.4094837820,40874.4093645872,1.0000000000
1,40.0000000000,0,6958874.4094837531,40874.4093645579,1.0000000000
1,40.0000000000,0,6958874.4094837438,40874.4093645490,1.0000000000
1,40.0000000000,0,6958874.4094837410,40874.4093645463,1.0000000000
1,40.0000000000,0,6958874.4094837401,40874.4093645455,1.0000000000
1,40.0000000000,0,6958874.4094837401,40874.4093645452,1.0000000000
1,40.0000000000,0,6958874.4094837401,40874.4093645451,1.0000000000
1,40.0000000000,0,6958874.4094837401,40874.4093645451,1.0000000000
1,40.0000000000,0,6958874.4094837401,40874.4093645451,1.0000000000
1,40.0000000000,0,6958874.4094837401,40874.4093645451,1.0000000000
1,40.0000000000,0,6958874.4094837401,40874.4093645451,1.0000000000
1,40.0000000000,0,6958874.4094837401,40874.4093645451,1.0000000000
1,40.0000000000,0,6958874.4094837401,40874.4093645451,1.0000000000
1,40.0000000000,0,6958874.4094837401,40874.4093645451,1.0000000000
1,40.0000000000,0,6958874.4094837401,40874.4093645451,1.0000000000
1,40.0000000000,0,6958874.4094837401,40874.4093645451,1.0000000000
1,40.0000000000,0,6958874.4094837401,40874.4093645451,1.0000000000
1,40.0000000000,0,6958874.4094837401,40874.4093645451,1.0000000000
1,40.0000000000,0,6958874.4094837401,40874.4093645451,1.0000000000
1,40.0000000000,0,6958874.4094837401,40874.4093645451,1.0000000000
1,40.0000000000,0,6958874.4094837401,40874.4093645451,1.0000000000
1,45.0000000000,0,6959280.4498271579,41272.2092894801,1.0000000000
1,45.0000000000,0,6959275.6544307237,41266.8981422582,1.0000000000
1,45.0000000000,0,6959270.1140421219,41262.3695435881,1.0000000000
1,45.0000000000,0,6959264.6063370286,41257.8012510865,1.0000000000
1,45.0000000000,0,6959259.1495225811,41253.1722892310,1.0000000000
1,45.0000000000,0,6959253.7388547547,41248.4894711214,1.0000000000
1,45.0000000000,0,6959248.3692912757,41243.7595768496,1.0000000000
1,45.0000000000,0,6959243.0362401754,41238.9885520393,1.0000000000
1,45.0000000000,0,6959237.7355632139,41234.1815846453,1.0000000000
1,45.0000000000,0,6959232.4635480009,41229.3431998559,1.0000000000
1,45.0000000000,0,6959227.2168759871,41224.4773448894,1.0000000000
1,45.0000000000,0,6959221.9925892660,41219.5874634968,1.0000000000
1,45.0000000000,0,6959216.7880576532,41214.6765610876,1.0000000000
1,45.0000000000,0,6959211.6009469731,41209.7472614853,1.0000000000
1,45.0000000000,0,6959206.4291891232,41204.8018562925,1.0000000000
1,45.0000000000,0,6959201.2709542410,41199.8423477804,1.0000000000
1,45.0000000000,0,6959196.1246251063,41194.8704861360,1.0000000000
1,45.0000000000,0,6959190.9887738004,41189.8878018051,1.0000000000
1,45.0000000000,0,6959185.8621405726,41184.8956335863,1.0000000000
1,45.0000000000,0,6959180.7436147975,41179.8951530424,1.0000000000
1,45.0000000000,0,6959175.6322178962,41174.8873857265,1.0000000000
1,45.0000000000,0,6959170.5270880647,41169.8732296483,1.0000000000
1,45.0000000000,0,6959165.4274666645,41164.8534713518,1.0000000000
1,45.0000000000,0,6959160.3326861188,41159.8287999225,1.0000000000
1,45.0000000000,0,6959155.2421591664,41154.7998191982,1.0000000000
1,45.0000000000,0,6959150.1553693386,41149.7670584224,1.0000000000
1,45.0000000000,0,6959145.0718625328,41144.7309815429,1.0000000000
1,45.0000000000,0,6959139.9912395636,41139.6919953333,1.0000000000
1,45.0000000000,0,6959134.9131495813,41134.6504564903,1.0000000000
1,45.0000000000,0,6959129.8372842669,41129.6066778389,1.0000000000
1,45.0000000000,0,6959124.7633727128,41124.5609337589,1.0000000000
1,45.0000000000,0,6959119.6911769118,41119.5134649349,1.0000000000
1,45.0000000000,0,6959114.6204877803,41114.4644825122,1.0000000000
1,45.0000000000,0,6959109.5511216605,41109.4141717376,1.0000000000
1,45.0000000000,0,6959104.4829172418,41104.3626951467,1.0000000000
1,45.0000000000,0,6959099.4157328503,41099.3101953577,1.0000000000
1,45.0000000000,0,6959094.3494440652,41094.2567975185,1.0000000000
1,45.0000000000,0,6959089.2839416238,41089.2026114523,1.0000000000
1,45.0000000000,0,6959084.2191295791,41084.1477335379,1.0000000000
1,45.0000000000,0,6959079.1549236802,41079.0922483591,1.0000000000
1,45.0000000000,0,6959074.0912499493,41074.0362301503,1.0000000000
1,45.0000000000,0,6959069.0280434312,41068.9797440649,1.0000000000
1,45.0000000000,0,6959063.9652470928,41063.9228472876,1.0000000000
1,45.0000000000,0,6959058.9028108604,41058.8655900099,1.0000000000
1,45.0000000000,0,6959053.8406907702,41053.8080162866,1.0000000000
1,45.0000000000,0,6959048.7788482225,41048.7501647865,1.0000000000
1,45.0000000000,0,6959043.7172493292,41043.6920694513,1.0000000000
1,45.0000000000,0,6959038.6558643384,41038.6337600741,1.0000000000
1,45.0000000000,0,6959033.5946671311,41033.5752628067,1.0000000000
1,45.0000000000,0,6959028.5336347753,41028.5166006049,1.0000000000
1,45.0000000000,0,6959023.4727471396,41023.4577936191,1.0000000000
1,45.0000000000,0,6959018.4119865512,41018.3988595374,1.0000000000
1,45.0000000000,0,6959013.3513374943,41013.3398138868,1.0000000000
1,45.0000000000,0,6959008.2907863474,41008.2806702969,1.0000000000
1,45.0000000000,0,6959003.2303211521,41003.2214407322,1.0000000000
1,45.0000000000,0,6958998.1699314117,40998.1621356954,1.0000000000
1,45.0000000000,0,6958993.1096079107,40993.1027644059,1.0000000000
1,45.0000000000,0,6958988.0493425587,40988.0433349569,1.0000000000
1,45.0000000000,0,6958982.9891282544,40982.9838544530,1.0000000000
1,45.0000000000,0,6958977.9289587624,40977.9243291307,1.0000000000
1,45.0000000000,0,6958972.8688286096,40972.8647644647,1.0000000000
1,45.0000000000,0,6958967.8087329902,40967.8051652609,1.0000000000
1,45.0000000000,0,6958962.7486676872,40962.7455357383,1.0000000000
1,45.0000000000,0,6958957.6886289977,40957.6858796002,1.0000000000
1,45.0000000000,0,6958952.6286136704,40952.6262000977,1.0000000000
1,45.0000000000,0,6958947.5686188526,40947.5665000848,1.0000000000
1,45.0000000000,0,6958942.5086420393,40942.5067820669,1.0000000000
1,45.0000000000,0,6958937.4486810304,40937.4470482431,1.0000000000
1,45.0000000000,0,6958932.3887338964,40932.3873005442,1.0000000000
1,45.0000000000,0,6958927.3287989423,40927.3275406650,1.0000000000
1,45.0000000000,0,6958922.2688746797,40922.2677700933,1.0000000000
1,45.0000000000,0,6958917.2089598039,40917.2079901352,1.0000000000
1,45.0000000000,0,6958912.1490531676,40912.1482019371,1.0000000000
1,45.0000000000,0,6958907.0891537648,40907.0884065055,1.0000000000
1,45.0000000000,0,6958902.0292607117,40902.0286047241,1.0000000000
1,45.0000000000,0,6958896.9693732327,40896.9687973684,1.0000000000
1,45.0000000000,0,6958891.9094906468,40891.9089851193,1.0000000000
1,45.0000000000,0,6958886.8496123571,40886.8491685745,1.0000000000
1,45.0000000000,0,6958881.7897378383,40881.7893482588,1.0000000000
1,45.0000000000,0,6958876.7298666295,40876.7295246326,1.0000000000
1,45.0000000000,0,6958875.1837957595,40875.1834665256,1.0000000000
1,45.0000000000,0,6958874.7113854541,40874.7110596436,1.0000000000
1,45.0000000000,0,6958874.5670378758,40874.5667130812,1.0000000000
1,45.0000000000,0,6958874.5229316726,40874.5226071858,1.0000000000
1,45.0000000000,0,6958874.5094547775,40874.5091303842,1.0000000000
1,45.0000000000,0,6958874.5053368369,40874.5050124727,1.0000000000
1,45.0000000000,0,6958874.5040785773,40874.5037542219,1.0000000000
1,45.0000000000,0,6958874.5036941087,40874.5033697564,1.0000000000
1,45.0000000000,0,6958874.5035766326,40874.5032522808,1.0000000000
1,45.0000000000,0,6958874.5035407366,40874.5032163855,1.0000000000
1,45.0000000000,0,6958874.5035297684,40874.5032054175,1.0000000000
1,45.0000000000,0,6958874.5035264175,40874.5032020662,1.0000000000
1,45.0000000000,0,6958874.5035253931,40874.5032010421,1.0000000000
1,45.0000000000,0,6958874.5035250802,40874.5032007293,1.0000000000
1,45.0000000000,0,6958874.5035249842,40874.5032006336,1.0000000000
1,45.0000000000,0,6958874.5035249554,40874.5032006044,1.0000000000
1,45.0000000000,0,6958874.5035249460,40874.5032005955,1.0000000000
1,45.0000000000,0,6958874.5035249433,40874.5032005928,1.0000000000
1,45.0000000000,0,6958874.5035249423,40874.5032005919,1.0000000000
1,45.0000000000,0,6958874.5035249423,40874.5032005917,1.0000000000
1,45.0000000000,0,6958874.5035249423,40874.5032005916,1.0000000000
1,45.0000000000,0,6958874.5035249423,40874.5032005916,1.0000000000
1,45.0000000000,0,6958874.5035249423,40874.5032005916,1.0000000000
1,45.0000000000,0,6958874.5035249423,40874.5032005916,1.0000000000
1,45.0000000000,0,6958874.5035249423,40874.5032005916,1.0000000000
1,45.0000000000,0,6958874.5035249423,40874.5032005916,1.0000000000
1,45.0000000000,0,6958874.5035249423,40874.5032005916,1.0000000000
1,45.0000000000,0,6958874.5035249423,40874.5032005916,1.0000000000
1,45.0000000000,0,6958874.5035249423,40874.5032005916,1.0000000000
1,45.0000000000,0,6958874.5035249423,40874.5032005916,1.0000000000
1,45.0000000000,0,6958874.5035249423,40874.5032005916,1.0000000000
1,45.0000000000,0,6958874.5035249423,40874.5032005916,1.0000000000
1,45.0000000000,0,6958874.5035249423,40874.5032005916,1.0000000000
1,45.0000000000,0,6958874.5035249423,40874.5032005916,1.0000000000
1,45.0000000000,0,6958874.5035249423,40874.5032005916,1.0000000000
1,45.0000000000,0,6958874.5035249423,40874.5032005916,1.0000000000
1,45.0000000000,0,6958874.5035249423,40874.5032005916,1.0000000000
1,45.0000000000,0,6958874.5035249423,40874.5032005916,1.0000000000
1,45.0000000000,0,6958874.5035249423,40874.5032005916,1.0000000000
1,45.0000000000,0,6958874.5035249423,40874.5032005916,1.0000000000
1,50.0000000000,0,6959254.1638066452,41248.8642163386,1.0000000000
1,50.0000000000,0,6959248.6353153028,41244.2799288041,1.0000000000
1,50.0000000000,0,6959243.2923770547,41239.4806664021,1.0000000000
1,50.0000000000,0,6959237.9857168403,41234.6413207754,1.0000000000
1,50.0000000000,0,6959232.7065546596,41229.7719927519,1.0000000000
1,50.0000000000,0,6959227.4515185142,41224.8766374183,1.0000000000
1,50.0000000000,0,6959222.2177657085,41219.9585340949,1.0000000000
1,50.0000000000,0,6959217.0027778791,41215.0205374698,1.0000000000
1,50.0000000000,0,6959211.8043232951,41210.0651385289,1.0000000000
1,50.0000000000,0,6959206.6204270506,41205.0945119636,1.0000000000
1,50.0000000000,0,6959201.4493437093,41200.1105571276,1.0000000000
1,50.0000000000,0,6959196.2895322749,41195.1149335735,1.0000000000
1,50.0000000000,0,6959191.1396334581,41190.1090918952,1.0000000000
1,50.0000000000,0,6959185.9984491542,41185.0943005057,1.0000000000
1,50.0000000000,0,6959180.8649240052,41180.0716688977,1.0000000000
1,50.0000000000,0,6959175.7381288996,41175.0421678620,1.0000000000
1,50.0000000000,0,6959170.6172462497,41170.0066470730,1.0000000000
1,50.0000000000,0,6959165.5015568947,41164.9658503950,1.0000000000
1,50.0000000000,0,6959160.3904284649,41159.9204292137,1.0000000000
1,50.0000000000,0,6959155.2833050713,41154.8709540557,1.0000000000
1,50.0000000000,0,6959150.1796981823,41149.8179247218,1.0000000000
1,50.0000000000,0,6959145.0791785540,41144.7617791299,1.0000000000
1,50.0000000000,0,6959139.9813691070,41139.7029010360,1.0000000000
1,50.0000000000,0,6959134.8859386425,41134.6416267786,1.0000000000
1,50.0000000000,0,6959129.7925963011,41129.5782511737,1.0000000000
1,50.0000000000,0,6959124.7010866795,41124.5130326687,1.0000000000
1,50.0000000000,0,6959119.6111855358,41119.4461978502,1.0000000000
1,50.0000000000,0,6959114.5226960042,41114.3779453886,1.0000000000
1,50.0000000000,0,6959109.4354452668,41109.3084494905,1.0000000000
1,50.0000000000,0,6959104.3492816268,41104.2378629210,1.0000000000
1,50.0000000000,0,6959099.2640719377,41099.1663196508,1.0000000000
1,50.0000000000,0,6959094.1796993371,41094.0939371740,1.0000000000
1,50.0000000000,0,6959089.0960612651,41089.0208185396,1.0000000000
1,50.0000000000,0,6959084.0130677130,41083.9470541304,1.0000000000
1,50.0000000000,0,6959078.9306396935,41078.8727232234,1.0000000000
1,50.0000000000,0,6959073.8487078911,41073.7978953560,1.0000000000
1,50.0000000000,0,6959068.7672114810,41068.7226315243,1.0000000000
1,50.0000000000,0,6959063.6860970892,41063.6469852337,1.0000000000
1,50.0000000000,0,6959058.6053178823,41058.5710034196,1.0000000000
1,50.0000000000,0,6959053.5248327646,41053.4947272550,1.0000000000
1,50.0000000000,0,6959048.4446056783,41048.4181928584,1.0000000000
1,50.0000000000,0,6959043.3646049844,41043.3414319149,1.0000000000
1,50.0000000000,0,6959038.2848029220,41038.2644722207,1.0000000000
1,50.0000000000,0,6959033.2051751344,41033.1873381606,1.0000000000
1,50.0000000000,0,6959028.1257002493,41028.1100511270,1.0000000000
1,50.0000000000,0,6959023.0463595167,41023.0326298871,1.0000000000
1,50.0000000000,0,6959017.9671364836,41017.9550909054,1.0000000000
1,50.0000000000,0,6959012.8880167166,41012.8774486262,1.0000000000
1,50.0000000000,0,6959007.8089875495,41007.7997157214,1.0000000000
1,50.0000000000,0,6959002.7300378717,41002.7219033084,1.0000000000
1,50.0000000000,0,6958997.6511579342,40997.6440211406,1.0000000000
1,50.0000000000,0,6958992.5723391837,40992.5660777748,1.0000000000
1,50.0000000000,0,6958987.4935741154,40987.4880807179,1.0000000000
1,50.0000000000,0,6958982.4148561452,40982.4100365562,1.0000000000
1,50.0000000000,0,6958977.3361794967,40977.3319510678,1.0000000000
1,50.0000000000,0,6958972.2575391019,40972.2538293221,1.0000000000
1,50.0000000000,0,6958967.1789305136,40967.1756757664,1.0000000000
1,50.0000000000,0,6958962.1003498305,40962.0974943029,1.0000000000
1,50.0000000000,0,6958957.0217936309,40957.0192883546,1.0000000000
1,50.0000000000,0,6958951.9432589114,40951.9410609250,1.0000000000
1,50.0000000000,0,6958946.8647430371,40946.8628146491,1.0000000000
1,50.0000000000,0,6958941.7862436967,40941.7845518384,1.0000000000
1,50.0000000000,0,6958936.7077588616,40936.7062745213,1.0000000000
1,50.0000000000,0,6958931.6292867530,40931.6279844770,1.0000000000
1,50.0000000000,0,6958926.5508258101,40926.5496832667,1.0000000000
1,50.0000000000,0,6958921.4723746637,40921.4713722600,1.0000000000
1,50.0000000000,0,6958916.3939321116,40916.3930526585,1.0000000000
1,50.0000000000,0,6958911.3154971004,40911.3147255165,1.0000000000
1,50.0000000000,0,6958906.2370687043,40906.2363917588,1.0000000000
1,50.0000000000,0,6958901.1586461123,40901.1580521970,1.0000000000
1,50.0000000000,0,6958896.0802286128,40896.0797075430,1.0000000000
1,50.0000000000,0,6958891.0018155808,40891.0013584214,1.0000000000
1,50.0000000000,0,6958885.9234064678,40885.9230053802,1.0000000000
1,50.0000000000,0,6958880.8450007942,40880.8446489002,1.0000000000
1,50.0000000000,0,6958875.7665981371,40875.7662894031,1.0000000000
1,50.0000000000,0,6958874.2148648007,40874.2145676369,1.0000000000
1,50.0000000000,0,6958873.7407242758,40873.7404302137,1.0000000000
1,50.0000000000,0,6958873.5958480183,40873.5955548762,1.0000000000
1,50.0000000000,0,6958873.5515802745,40873.5512874108,1.0000000000
1,50.0000000000,0,6958873.5380540192,40873.5377612407,1.0000000000
1,50.0000000000,0,6958873.5339209968,40873.5336282442,1.0000000000
1,50.0000000000,0,6958873.5326581290,40873.5323653842,1.0000000000
1,50.0000000000,0,6958873.5322722523,40873.5319795103,1.0000000000
1,50.0000000000,0,6958873.5321543459,40873.5318616044,1.0000000000
1,50.0000000000,0,6958873.5321183186,40873.5318255776,1.0000000000
1,50.0000000000,0,6958873.5321073104,40873.5318145694,1.0000000000
1,50.0000000000,0,6958873.5321039464,40873.5318112058,1.0000000000
1,50.0000000000,0,6958873.5321029183,40873.5318101780,1.0000000000
1,50.0000000000,0,6958873.5321026044,40873.5318098640,1.0000000000
1,50.0000000000,0,6958873.5321025085,40873.5318097680,1.0000000000
1,50.0000000000,0,6958873.5321024796,40873.5318097387,1.0000000000
1,50.0000000000,0,6958873.5321024703,40873.5318097297,1.0000000000
1,50.0000000000,0,6958873.5321024675,40873.5318097270,1.0000000000
1,50.0000000000,0,6958873.5321024666,40873.5318097262,1.0000000000
1,50.0000000000,0,6958873.5321024666,40873.5318097259,1.0000000000
1,50.0000000000,0,6958873.5321024666,40873.5318097258,1.0000000000
1,50.0000000000,0,6958873.5321024666,40873.5318097258,1.0000000000
1,50.0000000000,0,6958873.5321024666,40873.5318097258,1.0000000000
1,50.0000000000,0,6958873.5321024666,40873.5318097258,1.0000000000
1,50.0000000000,0,6958873.5321024666,40873.5318097258,1.0000000000
1,50.0000000000,0,6958873.5321024666,40873.5318097258,1.0000000000
1,50.0000000000,0,6958873.5321024666,40873.5318097258,1.0000000000
1,50.0000000000,0,6958873.5321024666,40873.5318097258,1.0000000000
1,50.0000000000,0,6958873.5321024666,40873.5318097258,1.0000000000
1,50.0000000000,0,6958873.5321024666,40873.5318097258,1.0000000000
1,50.0000000000,0,6958873.5321024666,40873.5318097258,1.0000000000
1,50.0000000000,0,6958873.5321024666,40873.5318097258,1.0000000000
1,50.0000000000,0,6958873.5321024666,40873.5318097258,1.0000000000
1,50.0000000000,0,6958873.5321024666,40873.5318097258,1.0000000000
1,50.0000000000,0,6958873.5321024666,40873.5318097258,1.0000000000
1,50.0000000000,0,6958873.5321024666,40873.5318097258,1.0000000000
1,50.0000000000,0,6958873.5321024666,40873.5318097258,1.0000000000
1,50.0000000000,0,6958873.5321024666,40873.5318097258,1.0000000000
1,50.0000000000,0,6958873.5321024666,40873.5318097258,1.0000000000
1,50.0000000000,0,6958873.5321024666,40873.5318097258,1.0000000000
1,50.0000000000,0,6958873.5321024666,40873.5318097258,1.0000000000
1,50.0000000000,0,6958873.5321024666,40873.5318097258,1.0000000000
1,50.0000000000,0,6958873.5321024666,40873.5318097258,1.0000000000
1,50.0000000000,0,6958873.5321024666,40873.5318097258,1.0000000000
1,50.0000000000,0,6958873.5321024666,40873.5318097258,1.0000000000
1,55.0000000000,0,6959226.5213499237,41225.9427786656,1.0000000000
1,55.0000000000,0,6959220.9928585812,41221.3584911311,1.0000000000
1,55.0000000000,0,6959215.9213778395,41216.2732190816,1.0000000000
1,55.0000000000,0,6959210.8640638581,41211.1738579433,1.0000000000
1,55.0000000000,0,6959205.8046977203,41206.0765328591,1.0000000000
1,55.0000000000,0,6959200.7430146206,41200.9815085285,1.0000000000
1,55.0000000000,0,6959195.6792811481,41195.8885219739,1.0000000000
1,55.0000000000,0,6959190.6137488056,41190.7973245889,1.0000000000
1,55.0000000000,0,6959185.5466387300,41185.7076974700,1.0000000000
1,55.0000000000,0,6959180.4781448394,41180.6194484186,1.0000000000
1,55.0000000000,0,6959175.4084371766,41175.5324087159,1.0000000000
1,55.0000000000,0,6959170.3376648556,41170.4464302656,1.0000000000
1,55.0000000000,0,6959165.2659586482,41165.3613830809,1.0000000000
1,55.0000000000,0,6959160.1934332429,41160.2771530764,1.0000000000
1,55.0000000000,0,6959155.1201892290,41155.1936401275,1.0000000000
1,55.0000000000,0,6959150.0463148328,41150.1107563653,1.0000000000
1,55.0000000000,0,6959144.9718874404,41145.0284246795,1.0000000000
1,55.0000000000,0,6959139.8969749305,41139.9465774029,1.0000000000
1,55.0000000000,0,6959134.8216368444,41134.8651551570,1.0000000000
1,55.0000000000,0,6959129.7459254125,41129.7841058377,1.0000000000
1,55.0000000000,0,6959124.6698864512,41124.7033837250,1.0000000000
1,55.0000000000,0,6959119.5935601518,41119.6229487017,1.0000000000
1,55.0000000000,0,6959114.5169817712,41114.5427655674,1.0000000000
1,55.0000000000,0,6959109.4401822407,41109.4628034360,1.0000000000
1,55.0000000000,0,6959104.3631886942,41104.3830352077,1.0000000000
1,55.0000000000,0,6959099.2860249346,41099.3034371046,1.0000000000
1,55.0000000000,0,6959094.2087118458,41094.2239882643,1.0000000000
1,55.0000000000,0,6959089.1312677469,41089.1446703819,1.0000000000
1,55.0000000000,0,6959084.0537087107,41084.0654673973,1.0000000000
1,55.0000000000,0,6959078.9760488365,41078.9863652194,1.0000000000
1,55.0000000000,0,6959073.8983004959,41073.9073514850,1.0000000000
1,55.0000000000,0,6959068.8204745408,41068.8284153471,1.0000000000
1,55.0000000000,0,6959063.7425804920,41063.7495472887,1.0000000000
1,55.0000000000,0,6959058.6646267027,41058.6707389603,1.0000000000
1,55.0000000000,0,6959053.5866205003,41053.5919830358,1.0000000000
1,55.0000000000,0,6959048.5085683148,41048.5132730881,1.0000000000
1,55.0000000000,0,6959043.4304757873,41043.4346034780,1.0000000000
1,55.0000000000,0,6959038.3523478657,41038.3559692579,1.0000000000
1,55.0000000000,0,6959033.2741888920,41033.2773660872,1.0000000000
1,55.0000000000,0,6959028.1960026752,41028.1987901577,1.0000000000
1,55.0000000000,0,6959023.1177925561,41023.1202381281,1.0000000000
1,55.0000000000,0,6959018.0395614672,41018.0417070669,1.0000000000
1,55.0000000000,0,6959012.9613119811,41012.9631944023,1.0000000000
1,55.0000000000,0,6959007.8830463542,41007.8846978778,1.0000000000
1,55.0000000000,0,6959002.8047665665,41002.8062155137,1.0000000000
1,55.0000000000,0,6958997.7264743540,40997.7277455732,1.0000000000
1,55.0000000000,0,6958992.6481712414,40992.6492865326,1.0000000000
1,55.0000000000,0,6958987.5698585659,40987.5708370547,1.0000000000
1,55.0000000000,0,6958982.4915375002,40982.4923959667,1.0000000000
1,55.0000000000,0,6958977.4132090742,40977.4139622394,1.0000000000
1,55.0000000000,0,6958972.3348741895,40972.3355349702,1.0000000000
1,55.0000000000,0,6958967.2565336395,40967.2571133667,1.0000000000
1,55.0000000000,0,6958962.1781881182,40962.1786967342,1.0000000000
1,55.0000000000,0,6958957.0998382354,40957.1002844628,1.0000000000
1,55.0000000000,0,6958952.0214845268,40952.0218760176,1.0000000000
1,55.0000000000,0,6958946.9431274608,40946.9434709294,1.0000000000
1,55.0000000000,0,6958941.8647674499,40941.8650687863,1.0000000000
1,55.0000000000,0,6958936.7864048546,40936.7866692272,1.0000000000
1,55.0000000000,0,6958931.7080399925,40931.7082719350,1.0000000000
1,55.0000000000,0,6958926.6296731420,40926.6298766317,1.0000000000
1,55.0000000000,0,6958921.5513045462,40921.5514830734,1.0000000000
1,55.0000000000,0,6958916.4729344193,40916.4730910460,1.0000000000
1,55.0000000000,0,6958911.3945629494,40911.3947003618,1.0000000000
1,55.0000000000,0,6958906.3161903014,40906.3163108559,1.0000000000
1,55.0000000000,0,6958901.2378166197,40901.2379223839,1.0000000000
1,55.0000000000,0,6958896.1594420308,40896.1595348190,1.0000000000
1,55.0000000000,0,6958891.0810666457,40891.0811480499,1.0000000000
1,55.0000000000,0,6958886.0026905620,40886.0027619790,1.0000000000
1,55.0000000000,0,6958880.9243138665,40880.9243765206,1.0000000000
1,55.0000000000,0,6958875.8459366336,40875.8459915996,1.0000000000
1,55.0000000000,0,6958874.2942101127,40874.2942630178,1.0000000000
1,55.0000000000,0,6958873.8200714150,40873.8201237676,1.0000000000
1,55.0000000000,0,6958873.6751956996,40873.6752478880,1.0000000000
1,55.0000000000,0,6958873.6309281196,40873.6309802583,1.0000000000
1,55.0000000000,0,6958873.6174019147,40873.6174540382,1.0000000000
1,55.0000000000,0,6958873.6132689072,40873.6133210265,1.0000000000
1,55.0000000000,0,6958873.6120060440,40873.6120581618,1.0000000000
1,55.0000000000,0,6958873.6116201691,40873.6116722865,1.0000000000
1,55.0000000000,0,6958873.6115022628,40873.6115543801,1.0000000000
1,55.0000000000,0,6958873.6114662355,40873.6115183532,1.0000000000
1,55.0000000000,0,6958873.6114552272,40873.6115073449,1.0000000000
1,55.0000000000,0,6958873.6114518633,40873.6115039813,1.0000000000
1,55.0000000000,0,6958873.6114508351,40873.6115029535,1.0000000000
1,55.0000000000,0,6958873.6114505213,40873.6115026395,1.0000000000
1,55.0000000000,0,6958873.6114504253,40873.6115025435,1.0000000000
1,55.0000000000,0,6958873.6114503965,40873.6115025142,1.0000000000
1,55.0000000000,0,6958873.6114503872,40873.6115025053,1.0000000000
1,55.0000000000,0,6958873.6114503844,40873.6115025025,1.0000000000
1,55.0000000000,0,6958873.6114503834,40873.6115025017,1.0000000000
1,55.0000000000,0,6958873.6114503834,40873.6115025014,1.0000000000
1,55.0000000000,0,6958873.6114503834,40873.6115025014,1.0000000000
1,55.0000000000,0,6958873.6114503834,40873.6115025013,1.0000000000
1,55.0000000000,0,6958873.6114503834,40873.6115025013,1.0000000000
1,55.0000000000,0,6958873.6114503834,40873.6115025013,1.0000000000
1,55.0000000000,0,6958873.6114503834,40873.6115025013,1.0000000000
1,55.0000000000,0,6958873.6114503834,40873.6115025013,1.0000000000
1,55.0000000000,0,6958873.6114503834,40873.6115025013,1.0000000000
1,55.0000000000,0,6958873.6114503834,40873.6115025013,1.0000000000
1,55.0000000000,0,6958873.6114503834,40873.6115025013,1.0000000000
1,55.0000000000,0,6958873.6114503834,40873.6115025013,1.0000000000
1,55.0000000000,0,6958873.6114503834,40873.6115025013,1.0000000000
1,55.0000000000,0,6958873.6114503834,40873.6115025013,1.0000000000
1,55.0000000000,0,6958873.6114503834,40873.6115025013,1.0000000000
1,55.0000000000,0,6958873.6114503834,40873.6115025013,1.0000000000
1,55.0000000000,0,6958873.6114503834,40873.6115025013,1.0000000000
1,55.0000000000,0,6958873.6114503834,40873.6115025013,1.0000000000
1,55.0000000000,0,6958873.6114503834,40873.6115025013,1.0000000000
1,55.0000000000,0,6958873.6114503834,40873.6115025013,1.0000000000
1,55.0000000000,0,6958873.6114503834,40873.6115025013,1.0000000000
1,55.0000000000,0,6958873.6114503834,40873.6115025013,1.0000000000
1,55.0000000000,0,6958873.6114503834,40873.6115025013,1.0000000000
1,55.0000000000,0,6958873.6114503834,40873.6115025013,1.0000000000
1,55.0000000000,0,6958873.6114503834,40873.6115025013,1.0000000000
1,55.0000000000,0,6958873.6114503834,40873.6115025013,1.0000000000
1,55.0000000000,0,6958873.6114503834,40873.6115025013,1.0000000000
1,55.0000000000,0,6958873.6114503834,40873.6115025013,1.0000000000
1,55.0000000000,0,6958873.6114503834,40873.6115025013,1.0000000000
1,55.0000000000,0,6958873.6114503834,40873.6115025013,1.0000000000
1,55.0000000000,0,6958873.6114503834,40873.6115025013,1.0000000000
1,55.0000000000,0,6958873.6114503834,40873.6115025013,1.0000000000
1,60.0000000000,0,6959203.0960249174,41204.3667894691,1.0000000000
1,60.0000000000,0,6959198.2529471628,41199.3005485675,1.0000000000
1,60.0000000000,0,6959193.3610704374,41194.2814110807,1.0000000000
1,60.0000000000,0,6959188.4603830017,41189.2708760134,1.0000000000
1,60.0000000000,0,6959183.5530406088,41184.2668586632,1.0000000000
1,60.0000000000,0,6959178.6398791848,41179.2685545679,1.0000000000
1,60.0000000000,0,6959173.7215992613,41174.2752869401,1.0000000000
1,60.0000000000,0,6959168.7988155466,41169.2864594725,1.0000000000
1,60.0000000000,0,6959163.8720684806,41164.3015459973,1.0000000000
1,60.0000000000,0,6959158.9418333294,41159.3200823209,1.0000000000
1,60.0000000000,0,6959154.0085281134,41154.3416590114,1.0000000000
1,60.0000000000,0,6959149.0725205578,41149.3659150052,1.0000000000
1,60.0000000000,0,6959144.1341341874,41144.3925319450,1.0000000000
1,60.0000000000,0,6959139.1936536739,41139.4212291674,1.0000000000
1,60.0000000000,0,6959134.2513295282,41134.4517592714,1.0000000000
1,60.0000000000,0,6959129.3073822204,41129.4839041989,1.0000000000
1,60.0000000000,0,6959124.3620057972,41124.5174717731,1.0000000000
1,60.0000000000,0,6959119.4153710641,41119.5522926404,1.0000000000
1,60.0000000000,0,6959114.4676283756,41114.5882175709,1.0000000000
1,60.0000000000,0,6959109.5189100951,41109.6251150748,1.0000000000
1,60.0000000000,0,6959104.5693327514,41104.6628693008,1.0000000000
1,60.0000000000,0,6959099.6189989373,41099.7013781804,1.0000000000
1,60.0000000000,0,6959094.6679989826,41094.7405517923,1.0000000000
1,60.0000000000,0,6959089.7164124195,41089.7803109197,1.0000000000
1,60.0000000000,0,6959084.7643092778,41084.8205857784,1.0000000000
1,60.0000000000,0,6959079.8117512204,41079.8613148951,1.0000000000
1,60.0000000000,0,6959074.8587925453,41074.9024441192,1.0000000000
1,60.0000000000,0,6959069.9054810666,41069.9439257517,1.0000000000
1,60.0000000000,0,6959064.9518588884,41064.9857177771,1.0000000000
1,60.0000000000,0,6959059.9979630876,41060.0277831869,1.0000000000
1,60.0000000000,0,6959055.0438263156,41055.0700893837,1.0000000000
1,60.0000000000,0,6959050.0894773249,41050.1126076554,1.0000000000
1,60.0000000000,0,6959045.1349414382,41045.1553127125,1.0000000000
1,60.0000000000,0,6959040.1802409543,41040.1981822807,1.0000000000
1,60.0000000000,0,6959035.2253955109,41035.2411967411,1.0000000000
1,60.0000000000,0,6959030.2704224037,41030.2843388140,1.0000000000
1,60.0000000000,0,6959025.3153368626,41025.3275932802,1.0000000000
1,60.0000000000,0,6959020.3601523014,41020.3709467352,1.0000000000
1,60.0000000000,0,6959015.4048805330,41015.4143873730,1.0000000000
1,60.0000000000,0,6959010.4495319612,41010.4579047954,1.0000000000
1,60.0000000000,0,6959005.4941157484,41005.5014898442,1.0000000000
1,60.0000000000,0,6959000.5386399645,41000.5451344537,1.0000000000
1,60.0000000000,0,6958995.5831117146,40995.5888315197,1.0000000000
1,60.0000000000,0,6958990.6275372580,40990.6325747856,1.0000000000
1,60.0000000000,0,6958985.6719221072,40985.6763587410,1.0000000000
1,60.0000000000,0,6958980.7162711164,40980.7201785324,1.0000000000
1,60.0000000000,0,6958975.7605885603,40975.7640298856,1.0000000000
1,60.0000000000,0,6958970.8048782041,40970.8079090359,1.0000000000
1,60.0000000000,0,6958965.8491433654,40965.8518126677,1.0000000000
1,60.0000000000,0,6958960.8933869638,40960.8957378609,1.0000000000
1,60.0000000000,0,6958955.9376115715,40955.9396820436,1.0000000000
1,60.0000000000,0,6958950.9818194536,40950.9836429508,1.0000000000
1,60.0000000000,0,6958946.0260126051,40946.0276185877,1.0000000000
1,60.0000000000,0,6958941.0701927831,40941.0716071972,1.0000000000
1,60.0000000000,0,6958936.1143615358,40936.1156072319,1.0000000000
1,60.0000000000,0,6958931.1585202254,40931.1596173291,1.0000000000
1,60.0000000000,0,6958926.2026700536,40926.2036362884,1.0000000000
1,60.0000000000,0,6958921.2468120763,40921.2476630527,1.0000000000
1,60.0000000000,0,6958916.2909472249,40916.2916966912,1.0000000000
1,60.0000000000,0,6958911.3350763191,40911.3357363838,1.0000000000
1,60.0000000000,0,6958906.3792000813,40906.3797814084,1.0000000000
1,60.0000000000,0,6958901.4233191470,40901.4238311290,1.0000000000
1,60.0000000000,0,6958896.4674340766,40896.4678849855,1.0000000000
1,60.0000000000,0,6958891.5115453638,40891.5119424844,1.0000000000
1,60.0000000000,0,6958886.5556534436,40886.5560031913,1.0000000000
1,60.0000000000,0,6958881.5997586977,40881.6000667236,1.0000000000
1,60.0000000000,0,6958876.6438614633,40876.6441327442,1.0000000000
1,60.0000000000,0,6958875.1295588613,40875.1298202535,1.0000000000
1,60.0000000000,0,6958874.6668551080,40874.6671138393,1.0000000000
1,60.0000000000,0,6958874.5254733944,40874.5257313353,1.0000000000
1,60.0000000000,0,6958874.4822734250,40874.4825311268,1.0000000000
1,60.0000000000,0,6958874.4690734344,40874.4693310632,1.0000000000
1,60.0000000000,0,6958874.4650401035,40874.4652977104,1.0000000000
1,60.0000000000,0,6958874.4638076974,40874.4640652971,1.0000000000
1,60.0000000000,0,6958874.4634311283,40874.4636887263,1.0000000000
1,60.0000000000,0,6958874.4633160653,40874.4635736631,1.0000000000
1,60.0000000000,0,6958874.4632809069,40874.4635385048,1.0000000000
1,60.0000000000,0,6958874.4632701641,40874.4635277620,1.0000000000
1,60.0000000000,0,6958874.4632668812,40874.4635244795,1.0000000000
1,60.0000000000,0,6958874.4632658781,40874.4635234765,1.0000000000
1,60.0000000000,0,6958874.4632655717,40874.4635231701,1.0000000000
1,60.0000000000,0,6958874.4632654777,40874.4635230764,1.0000000000
1,60.0000000000,0,6958874.4632654488,40874.4635230478,1.0000000000
1,60.0000000000,0,6958874.4632654404,40874.4635230391,1.0000000000
1,60.0000000000,0,6958874.4632654376,40874.4635230364,1.0000000000
1,60.0000000000,0,6958874.4632654367,40874.4635230356,1.0000000000
1,60.0000000000,0,6958874.4632654367,40874.4635230353,1.0000000000
1,60.0000000000,0,6958874.4632654367,40874.4635230353,1.0000000000
1,60.0000000000,0,6958874.4632654367,40874.4635230352,1.0000000000
1,60.0000000000,0,6958874.4632654367,40874.4635230352,1.0000000000
1,60.0000000000,0,6958874.4632654367,40874.4635230352,1.0000000000
1,60.0000000000,0,6958874.4632654367,40874.4635230352,1.0000000000
1,60.0000000000,0,6958874.4632654367,40874.4635230352,1.0000000000
1,60.0000000000,0,6958874.4632654367,40874.4635230352,1.0000000000
1,60.0000000000,0,6958874.4632654367,40874.4635230352,1.0000000000
1,60.0000000000,0,6958874.4632654367,40874.4635230352,1.0000000000
1,60.0000000000,0,6958874.4632654367,40874.4635230352,1.0000000000
1,60.0000000000,0,6958874.4632654367,40874.4635230352,1.0000000000
1,60.0000000000,0,6958874.4632654367,40874.4635230352,1.0000000000
1,60.0000000000,0,6958874.4632654367,40874.4635230352,1.0000000000
1,60.0000000000,0,6958874.4632654367,40874.4635230352,1.0000000000
1,60.0000000000,0,6958874.4632654367,40874.4635230352,1.0000000000
1,60.0000000000,0,6958874.4632654367,40874.4635230352,1.0000000000
1,60.0000000000,0,6958874.4632654367,40874.4635230352,1.0000000000
1,60.0000000000,0,6958874.4632654367,40874.4635230352,1.0000000000
1,60.0000000000,0,6958874.4632654367,40874.4635230352,1.0000000000
1,60.0000000000,0,6958874.4632654367,40874.4635230352,1.0000000000
1,60.0000000000,0,6958874.4632654367,40874.4635230352,1.0000000000
1,60.0000000000,0,6958874.4632654367,40874.4635230352,1.0000000000
1,60.0000000000,0,6958874.4632654367,40874.4635230352,1.0000000000
1,60.0000000000,0,6958874.4632654367,40874.4635230352,1.0000000000
1,60.0000000000,0,6958874.4632654367,40874.4635230352,1.0000000000
1,60.0000000000,0,6958874.4632654367,40874.4635230352,1.0000000000
1,60.0000000000,0,6958874.4632654367,40874.4635230352,1.0000000000
1,60.0000000000,0,6958874.4632654367,40874.4635230352,1.0000000000
1,60.0000000000,0,6958874.4632654367,40874.4635230352,1.0000000000
1,60.0000000000,0,6958874.4632654367,40874.4635230352,1.0000000000
1,60.0000000000,0,6958874.4632654367,40874.4635230352,1.0000000000
1,60.0000000000,0,6958874.4632654367,40874.4635230352,1.0000000000
1,60.0000000000,0,6958874.4632654367,40874.4635230352,1.0000000000
1,65.0000000000,0,6959176.9187655766,41179.9949289505,1.0000000000
1,65.0000000000,0,6959171.8760647243,41174.9494515236,1.0000000000
1,65.0000000000,0,6959167.0156749757,41169.7281216312,1.0000000000
1,65.0000000000,0,6959162.1390172867,41164.5219825492,1.0000000000
1,65.0000000000,0,6959157.2419479741,41159.3350386990,1.0000000000
1,65.0000000000,0,6959152.3267930932,41154.1652295291,1.0000000000
1,65.0000000000,0,6959147.3957897937,41149.0105345027,1.0000000000
1,65.0000000000,0,6959142.4509008694,41143.8691584335,1.0000000000
1,65.0000000000,0,6959137.4938431662,41138.7395138769,1.0000000000
1,65.0000000000,0,6959132.5261187823,41133.6201986102,1.0000000000
1,65.0000000000,0,6959127.5490424158,41128.5099750148,1.0000000000
1,65.0000000000,0,6959122.5637651440,41123.4077514921,1.0000000000
1,65.0000000000,0,6959117.5712951133,41118.3125657895,1.0000000000
1,65.0000000000,0,6959112.5725155491,41113.2235700909,1.0000000000
1,65.0000000000,0,6959107.5682004448,41108.1400177217,1.0000000000
1,65.0000000000,0,6959102.5590282381,41103.0612513208,1.0000000000
1,65.0000000000,0,6959097.5455937386,41097.9866923372,1.0000000000
1,65.0000000000,0,6959092.5284185428,41092.9158317185,1.0000000000
1,65.0000000000,0,6959087.5079601258,41087.8482216664,1.0000000000
1,65.0000000000,0,6959082.4846197888,41082.7834683447,1.0000000000
1,65.0000000000,0,6959077.4587496053,41077.7212254375,1.0000000000
1,65.0000000000,0,6959072.4306585016,41072.6611884610,1.0000000000
1,65.0000000000,0,6959067.4006175725,41067.6030897461,1.0000000000
1,65.0000000000,0,6959062.3688647412,41062.5466940140,1.0000000000
1,65.0000000000,0,6959057.3356088344,41057.4917944771,1.0000000000
1,65.0000000000,0,6959052.3010331551,41052.4382094051,1.0000000000
1,65.0000000000,0,6959047.2652986133,41047.3857791006,1.0000000000
1,65.0000000000,0,6959042.2285464723,41042.3343632373,1.0000000000
1,65.0000000000,0,6959037.1909007514,41037.2838385171,1.0000000000
1,65.0000000000,0,6959032.1524703382,41032.2340966099,1.0000000000
1,65.0000000000,0,6959027.1133508384,41027.1850423402,1.0000000000
1,65.0000000000,0,6959022.0736261969,41022.1365920931,1.0000000000
1,65.0000000000,0,6959017.0333701260,41017.0886724130,1.0000000000
1,65.0000000000,0,6959011.9926473526,41012.0412187704,1.0000000000
1,65.0000000000,0,6959006.9515147144,41006.9941744796,1.0000000000
1,65.0000000000,0,6959001.9100221228,41001.9474897456,1.0000000000
1,65.0000000000,0,6958996.8682134096,40996.9011208278,1.0000000000
1,65.0000000000,0,6958991.8261270663,40991.8550293045,1.0000000000
1,65.0000000000,0,6958986.7837968962,40986.8091814264,1.0000000000
1,65.0000000000,0,6958981.7412525853,40981.7635475492,1.0000000000
1,65.0000000000,0,6958976.6985202041,40976.7181016341,1.0000000000
1,65.0000000000,0,6958971.6556226481,40971.6728208101,1.0000000000
1,65.0000000000,0,6958966.6125800256,40966.6276849882,1.0000000000
1,65.0000000000,0,6958961.5694099963,40961.5826765236,1.0000000000
1,65.0000000000,0,6958956.5261280695,40956.5377799183,1.0000000000
1,65.0000000000,0,6958951.4827478658,40951.4929815599,1.0000000000
1,65.0000000000,0,6958946.4392813491,40946.4482694922,1.0000000000
1,65.0000000000,0,6958941.3957390245,40941.4036332141,1.0000000000
1,65.0000000000,0,6958936.3521301206,40936.3590635020,1.0000000000
1,65.0000000000,0,6958931.3084627418,40931.3145522548,1.0000000000
1,65.0000000000,0,6958926.2647440052,40926.2700923575,1.0000000000
1,65.0000000000,0,6958921.2209801618,40921.2256775605,1.0000000000
1,65.0000000000,0,6958916.1771767018,40916.1813023750,1.0000000000
1,65.0000000000,0,6958911.1333384477,40911.1369619802,1.0000000000
1,65.0000000000,0,6958906.0894696340,40906.0926521419,1.0000000000
1,65.0000000000,0,6958901.0455739805,40901.0483691411,1.0000000000
1,65.0000000000,0,6958896.0016547544,40896.0041097116,1.0000000000
1,65.0000000000,0,6958890.9577148240,40890.9598709846,1.0000000000
1,65.0000000000,0,6958885.9137567095,40885.9156504405,1.0000000000
1,65.0000000000,0,6958880.8697826248,40880.8714458661,1.0000000000
1,65.0000000000,0,6958875.8257945133,40875.8272553180,1.0000000000
1,65.0000000000,0,6958874.2845721599,40874.2859786369,1.0000000000
1,65.0000000000,0,6958873.8136420967,40873.8150339945,1.0000000000
1,65.0000000000,0,6958873.6697467351,40873.6711343069,1.0000000000
1,65.0000000000,0,6958873.6257787021,40873.6271649636,1.0000000000
1,65.0000000000,0,6958873.6123440247,40873.6137298871,1.0000000000
1,65.0000000000,0,6958873.6082389848,40873.6096247248,1.0000000000
1,65.0000000000,0,6958873.6069846665,40873.6083703697,1.0000000000
1,65.0000000000,0,6958873.6066014031,40873.6079870945,1.0000000000
1,65.0000000000,0,6958873.6064842949,40873.6078699827,1.0000000000
1,65.0000000000,0,6958873.6064485116,40873.6078341985,1.0000000000
1,65.0000000000,0,6958873.6064375779,40873.6078232644,1.0000000000
1,65.0000000000,0,6958873.6064342372,40873.6078199235,1.0000000000
1,65.0000000000,0,6958873.6064332165,40873.6078189026,1.0000000000
1,65.0000000000,0,6958873.6064329045,40873.6078185907,1.0000000000
1,65.0000000000,0,6958873.6064328095,40873.6078184954,1.0000000000
1,65.0000000000,0,6958873.6064327806,40873.6078184663,1.0000000000
1,65.0000000000,0,6958873.6064327713,40873.6078184574,1.0000000000
1,65.0000000000,0,6958873.6064327685,40873.6078184546,1.0000000000
1,65.0000000000,0,6958873.6064327676,40873.6078184538,1.0000000000
1,65.0000000000,0,6958873.6064327676,40873.6078184536,1.0000000000
1,65.0000000000,0,6958873.6064327676,40873.6078184535,1.0000000000
1,65.0000000000,0,6958873.6064327676,40873.6078184535,1.0000000000
1,65.0000000000,0,6958873.6064327676,40873.6078184535,1.0000000000
1,65.0000000000,0,6958873.6064327676,40873.6078184535,1.0000000000
1,65.0000000000,0,6958873.6064327676,40873.6078184535,1.0000000000
1,65.0000000000,0,6958873.6064327676,40873.6078184535,1.0000000000
1,65.0000000000,0,6958873.6064327676,40873.6078184535,1.0000000000
1,65.0000000000,0,6958873.6064327676,40873.6078184535,1.0000000000
1,65.0000000000,0,6958873.6064327676,40873.6078184535,1.0000000000
1,65.0000000000,0,6958873.6064327676,40873.6078184535,1.0000000000
1,65.0000000000,0,6958873.6064327676,40873.6078184535,1.0000000000
1,65.0000000000,0,6958873.6064327676,40873.6078184535,1.0000000000
1,65.0000000000,0,6958873.6064327676,40873.6078184535,1.0000000000
1,65.0000000000,0,6958873.6064327676,40873.6078184535,1.0000000000
1,65.0000000000,0,6958873.6064327676,40873.6078184535,1.0000000000
1,65.0000000000,0,6958873.6064327676,40873.6078184535,1.0000000000
1,65.0000000000,0,6958873.6064327676,40873.6078184535,1.0000000000
1,65.0000000000,0,6958873.6064327676,40873.6078184535,1.0000000000
1,65.0000000000,0,6958873.6064327676,40873.6078184535,1.0000000000
1,65.0000000000,0,6958873.6064327676,40873.6078184535,1.0000000000
1,65.0000000000,0,6958873.6064327676,40873.6078184535,1.0000000000
1,65.0000000000,0,6958873.6064327676,40873.6078184535,1.0000000000
1,65.0000000000,0,6958873.6064327676,40873.6078184535,1.0000000000
1,65.0000000000,0,6958873.6064327676,40873.6078184535,1.0000000000
1,65.0000000000,0,6958873.6064327676,40873.6078184535,1.0000000000
1,65.0000000000,0,6958873.6064327676,40873.6078184535,1.0000000000
1,65.0000000000,0,6958873.6064327676,40873.6078184535,1.0000000000
1,65.0000000000,0,6958873.6064327676,40873.6078184535,1.0000000000
1,65.0000000000,0,6958873.6064327676,40873.6078184535,1.0000000000
1,65.0000000000,0,6958873.6064327676,40873.6078184535,1.0000000000
1,65.0000000000,0,6958873.6064327676,40873.6078184535,1.0000000000
1,65.0000000000,0,6958873.6064327676,40873.6078184535,1.0000000000
1,65.0000000000,0,6958873.6064327676,40873.6078184535,1.0000000000
1,65.0000000000,0,6958873.6064327676,40873.6078184535,1.0000000000
1,65.0000000000,0,6958873.6064327676,40873.6078184535,1.0000000000
1,65.0000000000,0,6958873.6064327676,40873.6078184535,1.0000000000
1,65.0000000000,0,6958873.6064327676,40873.6078184535,1.0000000000
1,65.0000000000,0,6958873.6064327676,40873.6078184535,1.0000000000
1,65.0000000000,0,6958873.6064327676,40873.6078184535,1.0000000000
1,70.0000000000,0,6959153.5419973349,41153.4283981335,1.0000000000
1,70.0000000000,0,6959149.0258337371,41148.7101317355,1.0000000000
1,70.0000000000,0,6959144.3926397571,41144.1067324493,1.0000000000
1,70.0000000000,0,6959139.7586621474,41139.5041219989,1.0000000000
1,70.0000000000,0,6959135.1263499288,41134.8998354142,1.0000000000
1,70.0000000000,0,6959130.4955749745,41130.2940027240,1.0000000000
1,70.0000000000,0,6959125.8661697172,41125.6867933285,1.0000000000
1,70.0000000000,0,6959121.2379837120,41121.0783591315,1.0000000000
1,70.0000000000,0,6959116.6108829780,41116.4688352688,1.0000000000
1,70.0000000000,0,6959111.9847482285,41111.8583419411,1.0000000000
1,70.0000000000,0,6959107.3594732676,41107.2469860689,1.0000000000
1,70.0000000000,0,6959102.7349635558,41102.6348627644,1.0000000000
1,70.0000000000,0,6959098.1111349370,41098.0220566390,1.0000000000
1,70.0000000000,0,6959093.4879124984,41093.4086429647,1.0000000000
1,70.0000000000,0,6959088.8652295582,41088.7946887080,1.0000000000
1,70.0000000000,0,6959084.2430267632,41084.1802534475,1.0000000000
1,70.0000000000,0,6959079.6212512860,41079.5653901902,1.0000000000
1,70.0000000000,0,6959074.9998561051,41074.9501460978,1.0000000000
1,70.0000000000,0,6959070.3787993714,41070.3345631318,1.0000000000
1,70.0000000000,0,6959065.7580438387,41065.7186786279,1.0000000000
1,70.0000000000,0,6959061.1375563564,41061.1025258060,1.0000000000
1,70.0000000000,0,6959056.5173074221,41056.4861342248,1.0000000000
1,70.0000000000,0,6959051.8972707782,41051.8695301855,1.0000000000
1,70.0000000000,0,6959047.2774230568,41047.2527370908,1.0000000000
1,70.0000000000,0,6959042.6577434614,41042.6357757649,1.0000000000
1,70.0000000000,0,6959038.0382134840,41038.0186647376,1.0000000000
1,70.0000000000,0,6959033.4188166540,41033.4014204971,1.0000000000
1,70.0000000000,0,6959028.7995383134,41028.7840577154,1.0000000000
1,70.0000000000,0,6959024.1803654172,41024.1665894479,1.0000000000
1,70.0000000000,0,6959019.5612863563,41019.5490273124,1.0000000000
1,70.0000000000,0,6959014.9422907997,41014.9313816464,1.0000000000
1,70.0000000000,0,6959010.3233695542,41010.3136616492,1.0000000000
1,70.0000000000,0,6959005.7045144374,41005.6958755068,1.0000000000
1,70.0000000000,0,6959001.0857181689,41001.0780305033,1.0000000000
1,70.0000000000,0,6958996.4669742687,40996.4601331209,1.0000000000
1,70.0000000000,0,6958991.8482769718,40991.8421891277,1.0000000000
1,70.0000000000,0,6958987.2296211459,40987.2242036567,1.0000000000
1,70.0000000000,0,6958982.6110022254,40982.6061812754,1.0000000000
1,70.0000000000,0,6958977.9924161462,40977.9881260484,1.0000000000
1,70.0000000000,0,6958973.3738592928,40973.3700415927,1.0000000000
1,70.0000000000,0,6958968.7553284466,40968.7519311269,1.0000000000
1,70.0000000000,0,6958964.1368207447,40964.1337975152,1.0000000000
1,70.0000000000,0,6958959.5183336381,40959.5156433064,1.0000000000
1,70.0000000000,0,6958954.8998648599,40954.8974707687,1.0000000000
1,70.0000000000,0,6958950.2814123910,40950.2792819203,1.0000000000
1,70.0000000000,0,6958945.6629744358,40945.6610785573,1.0000000000
1,70.0000000000,0,6958941.0445493963,40941.0428622781,1.0000000000
1,70.0000000000,0,6958936.4261358501,40936.4246345049,1.0000000000
1,70.0000000000,0,6958931.8077325318,40931.8063965035,1.0000000000
1,70.0000000000,0,6958927.1893383153,40927.1881494000,1.0000000000
1,70.0000000000,0,6958922.5709521985,40922.5698941968,1.0000000000
1,70.0000000000,0,6958917.9525732892,40917.9516317857,1.0000000000
1,70.0000000000,0,6958913.3342007939,40913.3333629606,1.0000000000
1,70.0000000000,0,6958908.7158340057,40908.7150884276,1.0000000000
1,70.0000000000,0,6958904.0974722970,40904.0968088153,1.0000000000
1,70.0000000000,0,6958899.4791151090,40899.4785246830,1.0000000000
1,70.0000000000,0,6958894.8607619423,40894.8602365283,1.0000000000
1,70.0000000000,0,6958890.2424123557,40890.2419447944,1.0000000000
1,70.0000000000,0,6958885.6240659542,40885.6236498751,1.0000000000
1,70.0000000000,0,6958881.0057223868,40881.0053521214,1.0000000000
1,70.0000000000,0,6958876.3873813422,40876.3870518454,1.0000000000
1,70.0000000000,0,6958874.9762222646,40874.9759038529,1.0000000000
1,70.0000000000,0,6958874.5450349553,40874.5447195576,1.0000000000
1,70.0000000000,0,6958874.4132832894,40874.4129687887,1.0000000000
1,70.0000000000,0,6958874.3730258374,40874.3727116082,1.0000000000
1,70.0000000000,0,6958874.3607249493,40874.3604108030,1.0000000000
1,70.0000000000,0,6958874.3569663446,40874.3566522236,1.0000000000
1,70.0000000000,0,6958874.3558178823,40874.3555037688,1.0000000000
1,70.0000000000,0,6958874.3554669628,40874.3551528520,1.0000000000
1,70.0000000000,0,6958874.3553597378,40874.3550456274,1.0000000000
1,70.0000000000,0,6958874.3553269748,40874.3550128644,1.0000000000
1,70.0000000000,0,6958874.3553169640,40874.3550028534,1.0000000000
1,70.0000000000,0,6958874.3553139055,40874.3549997945,1.0000000000
1,70.0000000000,0,6958874.3553129705,40874.3549988599,1.0000000000
1,70.0000000000,0,6958874.3553126846,40874.3549985743,1.0000000000
1,70.0000000000,0,6958874.3553125970,40874.3549984870,1.0000000000
1,70.0000000000,0,6958874.3553125700,40874.3549984604,1.0000000000
1,70.0000000000,0,6958874.3553125616,40874.3549984522,1.0000000000
1,70.0000000000,0,6958874.3553125588,40874.3549984497,1.0000000000
1,70.0000000000,0,6958874.3553125579,40874.3549984490,1.0000000000
1,70.0000000000,0,6958874.3553125579,40874.3549984487,1.0000000000
1,70.0000000000,0,6958874.3553125579,40874.3549984487,1.0000000000
1,70.0000000000,0,6958874.3553125579,40874.3549984486,1.0000000000
1,70.0000000000,0,6958874.3553125579,40874.3549984486,1.0000000000
1,70.0000000000,0,6958874.3553125579,40874.3549984486,1.0000000000
1,70.0000000000,0,6958874.3553125579,40874.3549984486,1.0000000000
1,70.0000000000,0,6958874.3553125579,40874.3549984486,1.0000000000
1,70.0000000000,0,6958874.3553125579,40874.3549984486,1.0000000000
1,70.0000000000,0,6958874.3553125579,40874.3549984486,1.0000000000
1,70.0000000000,0,6958874.3553125579,40874.3549984486,1.0000000000
1,70.0000000000,0,6958874.3553125579,40874.3549984486,1.0000000000
1,70.0000000000,0,6958874.3553125579,40874.3549984486,1.0000000000
1,70.0000000000,0,6958874.3553125579,40874.3549984486,1.0000000000
1,70.0000000000,0,6958874.3553125579,40874.3549984486,1.0000000000
1,70.0000000000,0,6958874.3553125579,40874.3549984486,1.0000000000
1,70.0000000000,0,6958874.3553125579,40874.3549984486,1.0000000000
1,70.0000000000,0,6958874.3553125579,40874.3549984486,1.0000000000
1,70.0000000000,0,6958874.3553125579,40874.3549984486,1.0000000000
1,70.0000000000,0,6958874.3553125579,40874.3549984486,1.0000000000
1,70.0000000000,0,6958874.3553125579,40874.3549984486,1.0000000000
1,70.0000000000,0,6958874.3553125579,40874.3549984486,1.0000000000
1,70.0000000000,0,6958874.3553125579,40874.3549984486,1.0000000000
1,70.0000000000,0,6958874.3553125579,40874.3549984486,1.0000000000
1,70.0000000000,0,6958874.3553125579,40874.3549984486,1.0000000000
1,70.0000000000,0,6958874.3553125579,40874.3549984486,1.0000000000
1,70.0000000000,0,6958874.3553125579,40874.3549984486,1.0000000000
1,70.0000000000,0,6958874.3553125579,40874.3549984486,1.0000000000
1,70.0000000000,0,6958874.3553125579,40874.3549984486,1.0000000000
1,70.0000000000,0,6958874.3553125579,40874.3549984486,1.0000000000
1,70.0000000000,0,6958874.3553125579,40874.3549984486,1.0000000000
1,70.0000000000,0,6958874.3553125579,40874.3549984486,1.0000000000
1,70.0000000000,0,6958874.3553125579,40874.3549984486,1.0000000000
1,70.0000000000,0,6958874.3553125579,40874.3549984486,1.0000000000
1,70.0000000000,0,6958874.3553125579,40874.3549984486,1.0000000000
1,70.0000000000,0,6958874.3553125579,40874.3549984486,1.0000000000
1,70.0000000000,0,6958874.3553125579,40874.3549984486,1.0000000000
1,70.0000000000,0,6958874.3553125579,40874.3549984486,1.0000000000
1,70.0000000000,0,6958874.3553125579,40874.3549984486,1.0000000000
1,70.0000000000,0,6958874.3553125579,40874.3549984486,1.0000000000
1,70.0000000000,0,6958874.3553125579,40874.3549984486,1.0000000000
1,75.0000000000,0,6959130.3871664070,41131.8895983182,1.0000000000
1,75.0000000000,0,6959125.7297631698,41127.3910217262,1.0000000000
1,75.0000000000,0,6959121.2389151938,41122.7261658093,1.0000000000
1,75.0000000000,0,6959116.7419524444,41118.0672043047,1.0000000000
1,75.0000000000,0,6959112.2360911323,41113.4168483933,1.0000000000
1,75.0000000000,0,6959107.7222384932,41108.7742488389,1.0000000000
1,75.0000000000,0,6959103.2012748178,41104.1385737302,1.0000000000
1,75.0000000000,0,6959098.6739839539,41099.5090776779,1.0000000000
1,75.0000000000,0,6959094.1410626257,41094.8850944927,1.0000000000
1,75.0000000000,0,6959089.6031302297,41090.2660290207,1.0000000000
1,75.0000000000,0,6959085.0607375326,41085.6513497408,1.0000000000
1,75.0000000000,0,6959080.5143743725,41081.0405820949,1.0000000000
1,75.0000000000,0,6959075.9644764746,41076.4333024873,1.0000000000
1,75.0000000000,0,6959071.4114314904,41071.8291328944,1.0000000000
1,75.0000000000,0,6959066.8555843551,41067.2277360249,1.0000000000
1,75.0000000000,0,6959062.2972420342,41062.6288109819,1.0000000000
1,75.0000000000,0,6959057.7366777342,41058.0320893751,1.0000000000
1,75.0000000000,0,6959053.1741346428,41053.4373318400,1.0000000000
1,75.0000000000,0,6959048.6098292489,41048.8443249233,1.0000000000
1,75.0000000000,0,6959044.0439542886,41044.2528782973,1.0000000000
1,75.0000000000,0,6959039.4766813675,41039.6628222698,1.0000000000
1,75.0000000000,0,6959034.9081632867,41035.0740055583,1.0000000000
1,75.0000000000,0,6959030.3385361107,41030.4862933027,1.0000000000
1,75.0000000000,0,6959025.7679210091,41025.8995652898,1.0000000000
1,75.0000000000,0,6959021.1964258933,41021.3137143686,1.0000000000
1,75.0000000000,0,6959016.6241468694,41016.7286450351,1.0000000000
1,75.0000000000,0,6959012.0511695342,41012.1442721710,1.0000000000
1,75.0000000000,0,6959007.4775701277,41007.5605199161,1.0000000000
1,75.0000000000,0,6959002.9034165572,41002.9773206645,1.0000000000
1,75.0000000000,0,6958998.3287693104,40998.3946141678,1.0000000000
1,75.0000000000,0,6958993.7536822669,40993.8123467360,1.0000000000
1,75.0000000000,0,6958989.1782034226,40989.2304705246,1.0000000000
1,75.0000000000,0,6958984.6023755316,40984.6489428993,1.0000000000
1,75.0000000000,0,6958980.0262366794,40980.0677258693,1.0000000000
1,75.0000000000,0,6958975.4498207942,40975.4867855819,1.0000000000
1,75.0000000000,0,6958970.8731581010,40970.9060918724,1.0000000000
1,75.0000000000,0,6958966.2962755254,40966.3256178628,1.0000000000
1,75.0000000000,0,6958961.7191970535,40961.7453396036,1.0000000000
1,75.0000000000,0,6958957.1419440554,40957.1652357554,1.0000000000
1,75.0000000000,0,6958952.5645355694,40952.5852873041,1.0000000000
1,75.0000000000,0,6958947.9869885547,40948.0054773082,1.0000000000
1,75.0000000000,0,6958943.4093181221,40943.4257906727,1.0000000000
1,75.0000000000,0,6958938.8315377329,40938.8462139479,1.0000000000
1,75.0000000000,0,6958934.2536593806,40934.2667351502,1.0000000000
1,75.0000000000,0,6958929.6756937495,40929.6873436024,1.0000000000
1,75.0000000000,0,6958925.0976503585,40925.1080297914,1.0000000000
1,75.0000000000,0,6958920.5195376892,40920.5287852410,1.0000000000
1,75.0000000000,0,6958915.9413632965,40915.9496023992,1.0000000000
1,75.0000000000,0,6958911.3631339120,40911.3704745375,1.0000000000
1,75.0000000000,0,6958906.7848555334,40906.7913956608,1.0000000000
1,75.0000000000,0,6958902.2065335046,40902.2123604276,1.0000000000
1,75.0000000000,0,6958897.6281725848,40897.6333640791,1.0000000000
1,75.0000000000,0,6958893.0497770160,40893.0544023751,1.0000000000
1,75.0000000000,0,6958888.4713505767,40888.4754715379,1.0000000000
1,75.0000000000,0,6958883.8928966345,40883.8965682016,1.0000000000
1,75.0000000000,0,6958879.3144181874,40879.3176893673,1.0000000000
1,75.0000000000,0,6958877.9154319912,40877.9185941716,1.0000000000
1,75.0000000000,0,6958877.4879621705,40877.4910946777,1.0000000000
1,75.0000000000,0,6958877.3573462749,40877.3604699499,1.0000000000
1,75.0000000000,0,6958877.3174358513,40877.3205568493,1.0000000000
1,75.0000000000,0,6958877.3052409990,40877.3083611807,1.0000000000
1,75.0000000000,0,6958877.3015147941,40877.3046347264,1.0000000000
1,75.0000000000,0,6958877.3003762318,40877.3034960877,1.0000000000
1,75.0000000000,0,6958877.3000283381,40877.3031481703,1.0000000000
1,75.0000000000,0,6958877.2999220369,40877.3030418622,1.0000000000
1,75.0000000000,0,6958877.2998895561,40877.3030093791,1.0000000000
1,75.0000000000,0,6958877.2998796310,40877.3029994538,1.0000000000
1,75.0000000000,0,6958877.2998765986,40877.3029964210,1.0000000000
1,75.0000000000,0,6958877.2998756720,40877.3029954943,1.0000000000
1,75.0000000000,0,6958877.2998753889,40877.3029952112,1.0000000000
1,75.0000000000,0,6958877.2998753022,40877.3029951247,1.0000000000
1,75.0000000000,0,6958877.2998752762,40877.3029950982,1.0000000000
1,75.0000000000,0,6958877.2998752678,40877.3029950902,1.0000000000
1,75.0000000000,0,6958877.2998752650,40877.3029950877,1.0000000000
1,75.0000000000,0,6958877.2998752641,40877.3029950869,1.0000000000
1,75.0000000000,0,6958877.2998752641,40877.3029950867,1.0000000000
1,75.0000000000,0,6958877.2998752641,40877.3029950866,1.0000000000
1,75.0000000000,0,6958877.2998752641,40877.3029950866,1.0000000000
1,75.0000000000,0,6958877.2998752641,40877.3029950866,1.0000000000
1,75.0000000000,0,6958877.2998752641,40877.3029950866,1.0000000000
1,75.0000000000,0,6958877.2998752641,40877.3029950866,1.0000000000
1,75.0000000000,0,6958877.2998752641,40877.3029950866,1.0000000000
1,75.0000000000,0,6958877.2998752641,40877.3029950866,1.0000000000
1,75.0000000000,0,6958877.2998752641,40877.3029950866,1.0000000000
1,75.0000000000,0,6958877.2998752641,40877.3029950866,1.0000000000
1,75.0000000000,0,6958877.2998752641,40877.3029950866,1.0000000000
1,75.0000000000,0,6958877.2998752641,40877.3029950866,1.0000000000
1,75.0000000000,0,6958877.2998752641,40877.3029950866,1.0000000000
1,75.0000000000,0,6958877.2998752641,40877.3029950866,1.0000000000
1,75.0000000000,0,6958877.2998752641,40877.3029950866,1.0000000000
1,75.0000000000,0,6958877.2998752641,40877.3029950866,1.0000000000
1,75.0000000000,0,6958877.2998752641,40877.3029950866,1.0000000000
1,75.0000000000,0,6958877.2998752641,40877.3029950866,1.0000000000
1,75.0000000000,0,6958877.2998752641,40877.3029950866,1.0000000000
1,75.0000000000,0,6958877.2998752641,40877.3029950866,1.0000000000
1,75.0000000000,0,6958877.2998752641,40877.3029950866,1.0000000000
1,75.0000000000,0,6958877.2998752641,40877.3029950866,1.0000000000
1,75.0000000000,0,6958877.2998752641,40877.3029950866,1.0000000000
1,75.0000000000,0,6958877.2998752641,40877.3029950866,1.0000000000
1,75.0000000000,0,6958877.2998752641,40877.3029950866,1.0000000000
1,75.0000000000,0,6958877.2998752641,40877.3029950866,1.0000000000
1,75.0000000000,0,6958877.2998752641,40877.3029950866,1.0000000000
1,75.0000000000,0,6958877.2998752641,40877.3029950866,1.0000000000
1,75.0000000000,0,6958877.2998752641,40877.3029950866,1.0000000000
1,75.0000000000,0,6958877.2998752641,40877.3029950866,1.0000000000
1,75.0000000000,0,6958877.2998752641,40877.3029950866,1.0000000000
1,75.0000000000,0,6958877.2998752641,40877.3029950866,1.0000000000
1,75.0000000000,0,6958877.2998752641,40877.3029950866,1.0000000000
1,75.0000000000,0,6958877.2998752641,40877.3029950866,1.0000000000
1,75.0000000000,0,6958877.2998752641,40877.3029950866,1.0000000000
1,75.0000000000,0,6958877.2998752641,40877.3029950866,1.0000000000
1,75.0000000000,0,6958877.2998752641,40877.3029950866,1.0000000000
1,75.0000000000,0,6958877.2998752641,40877.3029950866,1.0000000000
1,75.0000000000,0,6958877.2998752641,40877.3029950866,1.0000000000
1,75.0000000000,0,6958877.2998752641,40877.3029950866,1.0000000000
1,75.0000000000,0,6958877.2998752641,40877.3029950866,1.0000000000
1,75.0000000000,0,6958877.2998752641,40877.3029950866,1.0000000000
1,75.0000000000,0,6958877.2998752641,40877.3029950866,1.0000000000
1,75.0000000000,0,6958877.2998752641,40877.3029950866,1.0000000000
1,75.0000000000,0,6958877.2998752641,40877.3029950866,1.0000000000
1,80.0000000000,0,6959105.0404815264,41105.6934909059,1.0000000000
1,80.0000000000,0,6959099.5117663536,41100.8616068769,1.0000000000
1,80.0000000000,0,6959094.3900321620,41095.6002730537,1.0000000000
1,80.0000000000,0,6959089.2741155028,41090.3332823129,1.0000000000
1,80.0000000000,0,6959084.1491394062,41085.0751063231,1.0000000000
1,80.0000000000,0,6959079.0157076577,41079.8251850659,1.0000000000
1,80.0000000000,0,6959073.8748731622,41074.5825125201,1.0000000000
1,80.0000000000,0,6959068.7275744518,41069.3461864496,1.0000000000
1,80.0000000000,0,6959063.5746309357,41064.1154152018,1.0000000000
1,80.0000000000,0,6959058.4167575417,41058.8895050632,1.0000000000
1,80.0000000000,0,6959053.2545781564,41053.6678483606,1.0000000000
1,80.0000000000,0,6959048.0886373287,41048.4499129360,1.0000000000
1,80.0000000000,0,6959042.9194104476,41043.2352328716,1.0000000000
1,80.0000000000,0,6959037.7473125895,41038.0234003265,1.0000000000
1,80.0000000000,0,6959032.5727062272,41032.8140583601,1.0000000000
1,80.0000000000,0,6959027.3959079329,41027.6068946264,1.0000000000
1,80.0000000000,0,6959022.2171942238,41022.4016358384,1.0000000000
1,80.0000000000,0,6959017.0368066542,41017.1980429106,1.0000000000
1,80.0000000000,0,6959011.8549562544,41011.9959066992,1.0000000000
1,80.0000000000,0,6959006.6718274020,41006.7950442684,1.0000000000
1,80.0000000000,0,6959001.4875811990,41001.5952956176,1.0000000000
1,80.0000000000,0,6958996.3023584187,40996.3965208151,1.0000000000
1,80.0000000000,0,6958991.1162820775,40991.1985974881,1.0000000000
1,80.0000000000,0,6958985.9294596799,40986.0014186239,1.0000000000
1,80.0000000000,0,6958980.7419851776,40980.8048906466,1.0000000000
1,80.0000000000,0,6958975.5539406817,40975.6089317323,1.0000000000
1,80.0000000000,0,6958970.3653979572,40970.4134703362,1.0000000000
1,80.0000000000,0,6958965.1764197266,40965.2184439025,1.0000000000
1,80.0000000000,0,6958959.9870608123,40960.0237977366,1.0000000000
1,80.0000000000,0,6958954.7973691337,40954.8294840184,1.0000000000
1,80.0000000000,0,6958949.6073865741,40949.6354609385,1.0000000000
1,80.0000000000,0,6958944.4171497440,40944.4416919438,1.0000000000
1,80.0000000000,0,6958939.2266906444,40939.2481450770,1.0000000000
1,80.0000000000,0,6958934.0360372476,40934.0547923990,1.0000000000
1,80.0000000000,0,6958928.8452140046,40928.8616094838,1.0000000000
1,80.0000000000,0,6958923.6542422902,40923.6685749776,1.0000000000
1,80.0000000000,0,6958918.4631407866,40918.4756702117,1.0000000000
1,80.0000000000,0,6958913.2719258266,40913.2828788656,1.0000000000
1,80.0000000000,0,6958908.0806116862,40908.0901866715,1.0000000000
1,80.0000000000,0,6958902.8892108453,40902.8975811561,1.0000000000
1,80.0000000000,0,6958897.6977342134,40897.7050514153,1.0000000000
1,80.0000000000,0,6958892.5061913272,40892.5125879163,1.0000000000
1,80.0000000000,0,6958887.3145905230,40887.3201823257,1.0000000000
1,80.0000000000,0,6958882.1229390884,40882.1278273584,1.0000000000
1,80.0000000000,0,6958876.9312433936,40876.9355166455,1.0000000000
1,80.0000000000,0,6958875.3448801087,40875.3489890820,1.0000000000
1,80.0000000000,0,6958874.8601548364,40874.8642199285,1.0000000000
1,80.0000000000,0,6958874.7120441366,40874.7160962199,1.0000000000
1,80.0000000000,0,6958874.6667880714,40874.6708362157,1.0000000000
1,80.0000000000,0,6958874.6529598273,40874.6570067716,1.0000000000
1,80.0000000000,0,6958874.6487345304,40874.6527811083,1.0000000000
1,80.0000000000,0,6958874.6474434678,40874.6514899334,1.0000000000
1,80.0000000000,0,6958874.6470489763,40874.6510954077,1.0000000000
1,80.0000000000,0,6958874.6469284371,40874.6509748582,1.0000000000
1,80.0000000000,0,6958874.6468916060,40874.6509380236,1.0000000000
1,80.0000000000,0,6958874.6468803519,40874.6509267686,1.0000000000
1,80.0000000000,0,6958874.6468769135,40874.6509233296,1.0000000000
1,80.0000000000,0,6958874.6468758630,40874.6509222788,1.0000000000
1,80.0000000000,0,6958874.6468755417,40874.6509219577,1.0000000000
1,80.0000000000,0,6958874.6468754439,40874.6509218596,1.0000000000
1,80.0000000000,0,6958874.6468754141,40874.6509218296,1.0000000000
1,80.0000000000,0,6958874.6468754048,40874.6509218204,1.0000000000
1,80.0000000000,0,6958874.6468754020,40874.6509218176,1.0000000000
1,80.0000000000,0,6958874.6468754010,40874.6509218168,1.0000000000
1,80.0000000000,0,6958874.6468754010,40874.6509218165,1.0000000000
1,80.0000000000,0,6958874.6468754010,40874.6509218164,1.0000000000
1,80.0000000000,0,6958874.6468754010,40874.6509218164,1.0000000000
1,80.0000000000,0,6958874.6468754010,40874.6509218164,1.0000000000
1,80.0000000000,0,6958874.6468754010,40874.6509218164,1.0000000000
1,80.0000000000,0,6958874.6468754010,40874.6509218164,1.0000000000
1,80.0000000000,0,6958874.6468754010,40874.6509218164,1.0000000000
1,80.0000000000,0,6958874.6468754010,40874.6509218164,1.0000000000
1,80.0000000000,0,6958874.6468754010,40874.6509218164,1.0000000000
1,80.0000000000,0,6958874.6468754010,40874.6509218164,1.0000000000
1,80.0000000000,0,6958874.6468754010,40874.6509218164,1.0000000000
1,80.0000000000,0,6958874.6468754010,40874.6509218164,1.0000000000
1,80.0000000000,0,6958874.6468754010,40874.6509218164,1.0000000000
1,80.0000000000,0,6958874.6468754010,40874.6509218164,1.0000000000
1,80.0000000000,0,6958874.6468754010,40874.6509218164,1.0000000000
1,80.0000000000,0,6958874.6468754010,40874.6509218164,1.0000000000
1,80.0000000000,0,6958874.6468754010,40874.6509218164,1.0000000000
1,80.0000000000,0,6958874.6468754010,40874.6509218164,1.0000000000
1,80.0000000000,0,6958874.6468754010,40874.6509218164,1.0000000000
1,80.0000000000,0,6958874.6468754010,40874.6509218164,1.0000000000
1,80.0000000000,0,6958874.6468754010,40874.6509218164,1.0000000000
1,80.0000000000,0,6958874.6468754010,40874.6509218164,1.0000000000
1,80.0000000000,0,6958874.6468754010,40874.6509218164,1.0000000000
1,80.0000000000,0,6958874.6468754010,40874.6509218164,1.0000000000
1,80.0000000000,0,6958874.6468754010,40874.6509218164,1.0000000000
1,80.0000000000,0,6958874.6468754010,40874.6509218164,1.0000000000
1,80.0000000000,0,6958874.6468754010,40874.6509218164,1.0000000000
1,80.0000000000,0,6958874.6468754010,40874.6509218164,1.0000000000
1,80.0000000000,0,6958874.6468754010,40874.6509218164,1.0000000000
1,80.0000000000,0,6958874.6468754010,40874.6509218164,1.0000000000
1,80.0000000000,0,6958874.6468754010,40874.6509218164,1.0000000000
1,80.0000000000,0,6958874.6468754010,40874.6509218164,1.0000000000
1,80.0000000000,0,6958874.6468754010,40874.6509218164,1.0000000000
1,80.0000000000,0,6958874.6468754010,40874.6509218164,1.0000000000
1,80.0000000000,0,6958874.6468754010,40874.6509218164,1.0000000000
1,80.0000000000,0,6958874.6468754010,40874.6509218164,1.0000000000
1,80.0000000000,0,6958874.6468754010,40874.6509218164,1.0000000000
1,80.0000000000,0,6958874.6468754010,40874.6509218164,1.0000000000
1,80.0000000000,0,6958874.6468754010,40874.6509218164,1.0000000000
1,80.0000000000,0,6958874.6468754010,40874.6509218164,1.0000000000
1,80.0000000000,0,6958874.6468754010,40874.6509218164,1.0000000000
1,80.0000000000,0,6958874.6468754010,40874.6509218164,1.0000000000
1,80.0000000000,0,6958874.6468754010,40874.6509218164,1.0000000000
1,80.0000000000,0,6958874.6468754010,40874.6509218164,1.0000000000
1,80.0000000000,0,6958874.6468754010,40874.6509218164,1.0000000000
1,80.0000000000,0,6958874.6468754010,40874.6509218164,1.0000000000
1,80.0000000000,0,6958874.6468754010,40874.6509218164,1.0000000000
1,80.0000000000,0,6958874.6468754010,40874.6509218164,1.0000000000
1,80.0000000000,0,6958874.6468754010,40874.6509218164,1.0000000000
1,80.0000000000,0,6958874.6468754010,40874.6509218164,1.0000000000
1,80.0000000000,0,6958874.6468754010,40874.6509218164,1.0000000000
1,80.0000000000,0,6958874.6468754010,40874.6509218164,1.0000000000
1,80.0000000000,0,6958874.6468754010,40874.6509218164,1.0000000000
1,80.0000000000,0,6958874.6468754010,40874.6509218164,1.0000000000
1,80.0000000000,0,6958874.6468754010,40874.6509218164,1.0000000000
1,80.0000000000,0,6958874.6468754010,40874.6509218164,1.0000000000
1,85.0000000000,0,6959075.1263001971,41081.4181760823,1.0000000000
1,85.0000000000,0,6959069.4665508261,41076.6081609432,1.0000000000
1,85.0000000000,0,6959064.6521184864,41070.9521685613,1.0000000000
1,85.0000000000,0,6959059.8141327994,41065.3163098804,1.0000000000
1,85.0000000000,0,6959054.9234577762,41059.7261125317,1.0000000000
1,85.0000000000,0,6959049.9857860822,41054.1773823330,1.0000000000
1,85.0000000000,0,6959045.0072574187,41048.6652810160,1.0000000000
1,85.0000000000,0,6959039.9932406498,41043.1854411992,1.0000000000
1,85.0000000000,0,6959034.9483910622,41037.7339733955,1.0000000000
1,85.0000000000,0,6959029.8767443150,41032.3074268095,1.0000000000
1,85.0000000000,0,6959024.7817998901,41026.9027482913,1.0000000000
1,85.0000000000,0,6959019.6665934809,41021.5172425609,1.0000000000
1,85.0000000000,0,6959014.5337595828,41016.1485346387,1.0000000000
1,85.0000000000,0,6959009.3855855325,41010.7945349632,1.0000000000
1,85.0000000000,0,6959004.2240581363,41005.4534074122,1.0000000000
1,85.0000000000,0,6958999.0509038996,41000.1235402635,1.0000000000
1,85.0000000000,0,6958993.8676237436,40994.8035200185,1.0000000000
1,85.0000000000,0,6958988.6755229784,40989.4921079446,1.0000000000
1,85.0000000000,0,6958983.4757371945,40984.1882191471,1.0000000000
1,85.0000000000,0,6958978.2692546500,40978.8909039695,1.0000000000
1,85.0000000000,0,6958973.0569356373,40973.5993315109,1.0000000000
1,85.0000000000,0,6958967.8395292498,40968.3127750549,1.0000000000
1,85.0000000000,0,6958962.6176879099,40963.0305992158,1.0000000000
1,85.0000000000,0,6958957.3919799635,40957.7522486171,1.0000000000
1,85.0000000000,0,6958952.1629006118,40952.4772379337,1.0000000000
1,85.0000000000,0,6958946.9308813922,40947.2051431447,1.0000000000
1,85.0000000000,0,6958941.6962984223,40941.9355938560,1.0000000000
1,85.0000000000,0,6958936.4594795583,40936.6682665678,1.0000000000
1,85.0000000000,0,6958931.2207106212,40931.4028787759,1.0000000000
1,85.0000000000,0,6958925.9802408116,40926.1391838042,1.0000000000
1,85.0000000000,0,6958920.7382874219,40920.8769662831,1.0000000000
1,85.0000000000,0,6958915.4950399362,40915.6160381922,1.0000000000
1,85.0000000000,0,6958910.2506635990,40910.3562353998,1.0000000000
1,85.0000000000,0,6958905.0053025279,40905.0974146372,1.0000000000
1,85.0000000000,0,6958899.7590824189,40899.8394508535,1.0000000000
1,85.0000000000,0,6958894.5121129081,40894.5822349049,1.0000000000
1,85.0000000000,0,6958889.2644896256,40889.3256715351,1.0000000000
1,85.0000000000,0,6958884.0162959881,40884.0696776114,1.0000000000
1,85.0000000000,0,6958878.7676047636,40878.8141805838,1.0000000000
1,85.0000000000,0,6958877.1637053555,40877.2084667538,1.0000000000
1,85.0000000000,0,6958876.6735896207,40876.7178672952,1.0000000000
1,85.0000000000,0,6958876.5238298075,40876.5679641309,1.0000000000
1,85.0000000000,0,6958876.4780696658,40876.5221605849,1.0000000000
1,85.0000000000,0,6958876.4640873820,40876.5081650750,1.0000000000
1,85.0000000000,0,6958876.4598150160,40876.5038886709,1.0000000000
1,85.0000000000,0,6958876.4585095709,40876.5025819920,1.0000000000
1,85.0000000000,0,6958876.4581106845,40876.5021827290,1.0000000000
1,85.0000000000,0,6958876.4579888023,40876.5020607320,1.0000000000
1,85.0000000000,0,6958876.4579515606,40876.5020234551,1.0000000000
1,85.0000000000,0,6958876.4579401808,40876.5020120650,1.0000000000
1,85.0000000000,0,6958876.4579367042,40876.5020085846,1.0000000000
1,85.0000000000,0,6958876.4579356415,40876.5020075212,1.0000000000
1,85.0000000000,0,6958876.4579353165,40876.5020071963,1.0000000000
1,85.0000000000,0,6958876.4579352168,40876.5020070970,1.0000000000
1,85.0000000000,0,6958876.4579351861,40876.5020070666,1.0000000000
1,85.0000000000,0,6958876.4579351768,40876.5020070574,1.0000000000
1,85.0000000000,0,6958876.4579351740,40876.5020070545,1.0000000000
1,85.0000000000,0,6958876.4579351731,40876.5020070537,1.0000000000
1,85.0000000000,0,6958876.4579351731,40876.5020070534,1.0000000000
1,85.0000000000,0,6958876.4579351731,40876.5020070533,1.0000000000
1,85.0000000000,0,6958876.4579351731,40876.5020070533,1.0000000000
1,85.0000000000,0,6958876.4579351731,40876.5020070533,1.0000000000
1,85.0000000000,0,6958876.4579351731,40876.5020070533,1.0000000000
1,85.0000000000,0,6958876.4579351731,40876.5020070533,1.0000000000
1,85.0000000000,0,6958876.4579351731,40876.5020070533,1.0000000000
1,85.0000000000,0,6958876.4579351731,40876.5020070533,1.0000000000
1,85.0000000000,0,6958876.4579351731,40876.5020070533,1.0000000000
1,85.0000000000,0,6958876.4579351731,40876.5020070533,1.0000000000
1,85.0000000000,0,6958876.4579351731,40876.5020070533,1.0000000000
1,85.0000000000,0,6958876.4579351731,40876.5020070533,1.0000000000
1,85.0000000000,0,6958876.4579351731,40876.5020070533,1.0000000000
1,85.0000000000,0,6958876.4579351731,40876.5020070533,1.0000000000
1,85.0000000000,0,6958876.4579351731,40876.5020070533,1.0000000000
1,85.0000000000,0,6958876.4579351731,40876.5020070533,1.0000000000
1,85.0000000000,0,6958876.4579351731,40876.5020070533,1.0000000000
1,85.0000000000,0,6958876.4579351731,40876.5020070533,1.0000000000
1,85.0000000000,0,6958876.4579351731,40876.5020070533,1.0000000000
1,85.0000000000,0,6958876.4579351731,40876.5020070533,1.0000000000
1,85.0000000000,0,6958876.4579351731,40876.5020070533,1.0000000000
1,85.0000000000,0,6958876.4579351731,40876.5020070533,1.0000000000
1,85.0000000000,0,6958876.4579351731,40876.5020070533,1.0000000000
1,85.0000000000,0,6958876.4579351731,40876.5020070533,1.0000000000
1,85.0000000000,0,6958876.4579351731,40876.5020070533,1.0000000000
1,85.0000000000,0,6958876.4579351731,40876.5020070533,1.0000000000
1,85.0000000000,0,6958876.4579351731,40876.5020070533,1.0000000000
1,85.0000000000,0,6958876.4579351731,40876.5020070533,1.0000000000
1,85.0000000000,0,6958876.4579351731,40876.5020070533,1.0000000000
1,85.0000000000,0,6958876.4579351731,40876.5020070533,1.0000000000
1,85.0000000000,0,6958876.4579351731,40876.5020070533,1.0000000000
1,85.0000000000,0,6958876.4579351731,40876.5020070533,1.0000000000
1,85.0000000000,0,6958876.4579351731,40876.5020070533,1.0000000000
1,85.0000000000,0,6958876.4579351731,40876.5020070533,1.0000000000
1,85.0000000000,0,6958876.4579351731,40876.5020070533,1.0000000000
1,85.0000000000,0,6958876.4579351731,40876.5020070533,1.0000000000
1,85.0000000000,0,6958876.4579351731,40876.5020070533,1.0000000000
1,85.0000000000,0,6958876.4579351731,40876.5020070533,1.0000000000
1,85.0000000000,0,6958876.4579351731,40876.5020070533,1.0000000000
1,85.0000000000,0,6958876.4579351731,40876.5020070533,1.0000000000
1,85.0000000000,0,6958876.4579351731,40876.5020070533,1.0000000000
1,85.0000000000,0,6958876.4579351731,40876.5020070533,1.0000000000
1,85.0000000000,0,6958876.4579351731,40876.5020070533,1.0000000000
1,85.0000000000,0,6958876.4579351731,40876.5020070533,1.0000000000
1,85.0000000000,0,6958876.4579351731,40876.5020070533,1.0000000000
1,85.0000000000,0,6958876.4579351731,40876.5020070533,1.0000000000
1,85.0000000000,0,6958876.4579351731,40876.5020070533,1.0000000000
1,85.0000000000,0,6958876.4579351731,40876.5020070533,1.0000000000
1,85.0000000000,0,6958876.4579351731,40876.5020070533,1.0000000000
1,85.0000000000,0,6958876.4579351731,40876.5020070533,1.0000000000
1,85.0000000000,0,6958876.4579351731,40876.5020070533,1.0000000000
1,85.0000000000,0,6958876.4579351731,40876.5020070533,1.0000000000
1,85.0000000000,0,6958876.4579351731,40876.5020070533,1.0000000000
1,85.0000000000,0,6958876.4579351731,40876.5020070533,1.0000000000
1,85.0000000000,0,6958876.4579351731,40876.5020070533,1.0000000000
1,85.0000000000,0,6958876.4579351731,40876.5020070533,1.0000000000
1,85.0000000000,0,6958876.4579351731,40876.5020070533,1.0000000000
1,85.0000000000,0,6958876.4579351731,40876.5020070533,1.0000000000
1,85.0000000000,0,6958876.4579351731,40876.5020070533,1.0000000000
1,85.0000000000,0,6958876.4579351731,40876.5020070533,1.0000000000
1,85.0000000000,0,6958876.4579351731,40876.5020070533,1.0000000000
1,85.0000000000,0,6958876.4579351731,40876.5020070533,1.0000000000
1,90.0000000000,0,6959051.6045664586,41051.3080216434,1.0000000000
1,90.0000000000,0,6959046.3615146223,41046.3648971977,1.0000000000
1,90.0000000000,0,6959041.2616674947,41041.2741574565,1.0000000000
1,90.0000000000,0,6959036.1669687452,41036.1782653368,1.0000000000
1,90.0000000000,0,6959031.0723625496,41031.0822806866,1.0000000000
1,90.0000000000,0,6959025.9776774868,41025.9863748839,1.0000000000
1,90.0000000000,0,6959020.8829174796,41020.8905440085,1.0000000000
1,90.0000000000,0,6959015.7880915478,41015.7947790449,1.0000000000
1,90.0000000000,0,6959010.6932078013,41010.6990718860,1.0000000000
1,90.0000000000,0,6959005.5982733592,41005.6034154153,1.0000000000
1,90.0000000000,0,6959000.5032944633,41000.5078033921,1.0000000000
1,90.0000000000,0,6958995.4082765877,40995.4122303441,1.0000000000
1,90.0000000000,0,6958990.3132245317,40990.3166914726,1.0000000000
1,90.0000000000,0,6958985.2181425048,40985.2211825698,1.0000000000
1,90.0000000000,0,6958980.1230341969,40980.1256999458,1.0000000000
1,90.0000000000,0,6958975.0279028444,40975.0302403652,1.0000000000
1,90.0000000000,0,6958969.9327512840,40969.9348009908,1.0000000000
1,90.0000000000,0,6958964.8375820043,40964.8393793348,1.0000000000
1,90.0000000000,0,6958959.7423971873,40959.7439732155,1.0000000000
1,90.0000000000,0,6958954.6471987460,40954.6485807200,1.0000000000
1,90.0000000000,0,6958949.5519883577,40949.5532001710,1.0000000000
1,90.0000000000,0,6958944.4567674939,40944.4578300974,1.0000000000
1,90.0000000000,0,6958939.3615374435,40939.3624692096,1.0000000000
1,90.0000000000,0,6958934.2662993381,40934.2671163765,1.0000000000
1,90.0000000000,0,6958929.1710541695,40929.1717706063,1.0000000000
1,90.0000000000,0,6958924.0758028077,40924.0764310295,1.0000000000
1,90.0000000000,0,6958918.9805460153,40918.9810968834,1.0000000000
1,90.0000000000,0,6958913.8852844611,40913.8857674994,1.0000000000
1,90.0000000000,0,6958908.7900187308,40908.7904422912,1.0000000000
1,90.0000000000,0,6958903.6947493386,40903.6951207447,1.0000000000
1,90.0000000000,0,6958898.5994767360,40898.5998024089,1.0000000000
1,90.0000000000,0,6958893.5042013172,40893.5044868886,1.0000000000
1,90.0000000000,0,6958888.4089234304,40888.4091738372,1.0000000000
1,90.0000000000,0,6958883.3136433782,40883.3138629505,1.0000000000
1,90.0000000000,0,6958878.2183614280,40878.2185539621,1.0000000000
1,90.0000000000,0,6958876.6614692127,40876.6616545020,1.0000000000
1,90.0000000000,0,6958876.1857520109,40876.1859353588,1.0000000000
1,90.0000000000,0,6958876.0403939681,40876.0405767404,1.0000000000
1,90.0000000000,0,6958875.9959790101,40875.9961616078,1.0000000000
1,90.0000000000,0,6958875.9824077729,40875.9825903173,1.0000000000
1,90.0000000000,0,6958875.9782610061,40875.9784435341,1.0000000000
1,90.0000000000,0,6958875.9769939380,40875.9771764615,1.0000000000
1,90.0000000000,0,6958875.9766067788,40875.9767893004,1.0000000000
1,90.0000000000,0,6958875.9764884803,40875.9766710012,1.0000000000
1,90.0000000000,0,6958875.9764523339,40875.9766348542,1.0000000000
1,90.0000000000,0,6958875.9764412893,40875.9766238093,1.0000000000
1,90.0000000000,0,6958875.9764379142,40875.9766204344,1.0000000000
1,90.0000000000,0,6958875.9764368832,40875.9766194032,1.0000000000
1,90.0000000000,0,6958875.9764365684,40875.9766190881,1.0000000000
1,90.0000000000,0,6958875.9764364725,40875.9766189919,1.0000000000
1,90.0000000000,0,6958875.9764364427,40875.9766189625,1.0000000000
1,90.0000000000,0,6958875.9764364334,40875.9766189535,1.0000000000
1,90.0000000000,0,6958875.9764364306,40875.9766189507,1.0000000000
1,90.0000000000,0,6958875.9764364297,40875.9766189499,1.0000000000
1,90.0000000000,0,6958875.9764364297,40875.9766189496,1.0000000000
1,90.0000000000,0,6958875.9764364297,40875.9766189496,1.0000000000
1,90.0000000000,0,6958875.9764364297,40875.9766189495,1.0000000000
1,90.0000000000,0,6958875.9764364297,40875.9766189495,1.0000000000
1,90.0000000000,0,6958875.9764364297,40875.9766189495,1.0000000000
1,90.0000000000,0,6958875.9764364297,40875.9766189495,1.0000000000
1,90.0000000000,0,6958875.9764364297,40875.9766189495,1.0000000000
1,90.0000000000,0,6958875.9764364297,40875.9766189495,1.0000000000
1,90.0000000000,0,6958875.9764364297,40875.9766189495,1.0000000000
1,90.0000000000,0,6958875.9764364297,40875.9766189495,1.0000000000
1,90.0000000000,0,6958875.9764364297,40875.9766189495,1.0000000000
1,90.0000000000,0,6958875.9764364297,40875.9766189495,1.0000000000
1,90.0000000000,0,6958875.9764364297,40875.9766189495,1.0000000000
1,90.0000000000,0,6958875.9764364297,40875.9766189495,1.0000000000
1,90.0000000000,0,6958875.9764364297,40875.9766189495,1.0000000000
1,90.0000000000,0,6958875.9764364297,40875.9766189495,1.0000000000
1,90.0000000000,0,6958875.9764364297,40875.9766189495,1.0000000000
1,90.0000000000,0,6958875.9764364297,40875.9766189495,1.0000000000
1,90.0000000000,0,6958875.9764364297,40875.9766189495,1.0000000000
1,90.0000000000,0,6958875.9764364297,40875.9766189495,1.0000000000
1,90.0000000000,0,6958875.9764364297,40875.9766189495,1.0000000000
1,90.0000000000,0,6958875.9764364297,40875.9766189495,1.0000000000
1,90.0000000000,0,6958875.9764364297,40875.9766189495,1.0000000000
1,90.0000000000,0,6958875.9764364297,40875.9766189495,1.0000000000
1,90.0000000000,0,6958875.9764364297,40875.9766189495,1.0000000000
1,90.0000000000,0,6958875.9764364297,40875.9766189495,1.0000000000
1,90.0000000000,0,6958875.9764364297,40875.9766189495,1.0000000000
1,90.0000000000,0,6958875.9764364297,40875.9766189495,1.0000000000
1,90.0000000000,0,6958875.9764364297,40875.9766189495,1.0000000000
1,90.0000000000,0,6958875.9764364297,40875.9766189495,1.0000000000
1,90.0000000000,0,6958875.9764364297,40875.9766189495,1.0000000000
1,90.0000000000,0,6958875.9764364297,40875.9766189495,1.0000000000
1,90.0000000000,0,6958875.9764364297,40875.9766189495,1.0000000000
1,90.0000000000,0,6958875.9764364297,40875.9766189495,1.0000000000
1,90.0000000000,0,6958875.9764364297,40875.9766189495,1.0000000000
1,90.0000000000,0,6958875.9764364297,40875.9766189495,1.0000000000
1,90.0000000000,0,6958875.9764364297,40875.9766189495,1.0000000000
1,90.0000000000,0,6958875.9764364297,40875.9766189495,1.0000000000
1,90.0000000000,0,6958875.9764364297,40875.9766189495,1.0000000000
1,90.0000000000,0,6958875.9764364297,40875.9766189495,1.0000000000
1,90.0000000000,0,6958875.9764364297,40875.9766189495,1.0000000000
1,90.0000000000,0,6958875.9764364297,40875.9766189495,1.0000000000
1,90.0000000000,0,6958875.9764364297,40875.9766189495,1.0000000000
1,90.0000000000,0,6958875.9764364297,40875.9766189495,1.0000000000
1,90.0000000000,0,6958875.9764364297,40875.9766189495,1.0000000000
1,90.0000000000,0,6958875.9764364297,40875.9766189495,1.0000000000
1,90.0000000000,0,6958875.9764364297,40875.9766189495,1.0000000000
1,90.0000000000,0,6958875.9764364297,40875.9766189495,1.0000000000
1,90.0000000000,0,6958875.9764364297,40875.9766189495,1.0000000000
1,90.0000000000,0,6958875.9764364297,40875.9766189495,1.0000000000
1,90.0000000000,0,6958875.9764364297,40875.9766189495,1.0000000000
1,90.0000000000,0,6958875.9764364297,40875.9766189495,1.0000000000
1,90.0000000000,0,6958875.9764364297,40875.9766189495,1.0000000000
1,90.0000000000,0,6958875.9764364297,40875.9766189495,1.0000000000
1,90.0000000000,0,6958875.9764364297,40875.9766189495,1.0000000000
1,90.0000000000,0,6958875.9764364297,40875.9766189495,1.0000000000
1,90.0000000000,0,6958875.9764364297,40875.9766189495,1.0000000000
1,90.0000000000,0,6958875.9764364297,40875.9766189495,1.0000000000
1,90.0000000000,0,6958875.9764364297,40875.9766189495,1.0000000000
1,90.0000000000,0,6958875.9764364297,40875.9766189495,1.0000000000
1,90.0000000000,0,6958875.9764364297,40875.9766189495,1.0000000000
1,90.0000000000,0,6958875.9764364297,40875.9766189495,1.0000000000
1,90.0000000000,0,6958875.9764364297,40875.9766189495,1.0000000000
1,90.0000000000,0,6958875.9764364297,40875.9766189495,1.0000000000
1,90.0000000000,0,6958875.9764364297,40875.9766189495,1.0000000000
1,90.0000000000,0,6958875.9764364297,40875.9766189495,1.0000000000
1,95.0000000000,0,6959026.5948638814,41024.7691740669,1.0000000000
1,95.0000000000,0,6959021.4077234985,41019.7209211359,1.0000000000
1,95.0000000000,0,6959016.1878303858,41014.7065419219,1.0000000000
1,95.0000000000,0,6959010.9788955301,41009.6807802209,1.0000000000
1,95.0000000000,0,6959005.7810439430,41004.6435565917,1.0000000000
1,95.0000000000,0,6959000.5929798950,40999.5962529116,1.0000000000
1,95.0000000000,0,6958995.4135111459,40994.5401292494,1.0000000000
1,95.0000000000,0,6958990.2415870270,40989.4762884225,1.0000000000
1,95.0000000000,0,6958985.0762837315,40984.4056942885,1.0000000000
1,95.0000000000,0,6958979.9167894237,40979.3291894377,1.0000000000
1,95.0000000000,0,6958974.7623909516,40974.2475106407,1.0000000000
1,95.0000000000,0,6958969.6124620577,40969.1613022894,1.0000000000
1,95.0000000000,0,6958964.4664529515,40964.0711280995,1.0000000000
1,95.0000000000,0,6958959.3238810915,40958.9774813043,1.0000000000
1,95.0000000000,0,6958954.1843230519,40953.8807935403,1.0000000000
1,95.0000000000,0,6958949.0474073468,40948.7814425965,1.0000000000
1,95.0000000000,0,6958943.9128081128,40943.6797591765,1.0000000000
1,95.0000000000,0,6958938.7802395457,40938.5760328011,1.0000000000
1,95.0000000000,0,6958933.6494510062,40933.4705169635,1.0000000000
1,95.0000000000,0,6958928.5202227142,40928.3634336335,1.0000000000
1,95.0000000000,0,6958923.3923619706,40923.2549771930,1.0000000000
1,95.0000000000,0,6958918.2656998318,40918.1453178777,1.0000000000
1,95.0000000000,0,6958913.1400881903,40913.0346047856,1.0000000000
1,95.0000000000,0,6958908.0153972153,40907.9229685094,1.0000000000
1,95.0000000000,0,6958902.8915131018,40902.8105234386,1.0000000000
1,95.0000000000,0,6958897.7683360977,40897.6973697743,1.0000000000
1,95.0000000000,0,6958892.6457787715,40892.5835952928,1.0000000000
1,95.0000000000,0,6958887.5237644929,40887.4692768884,1.0000000000
1,95.0000000000,0,6958882.4022261025,40882.3544819246,1.0000000000
1,95.0000000000,0,6958877.2811047398,40877.2392694172,1.0000000000
1,95.0000000000,0,6958875.7164293202,40875.6761760331,1.0000000000
1,95.0000000000,0,6958875.2383639514,40875.1985342386,1.0000000000
1,95.0000000000,0,6958875.0922903167,40875.0525862387,1.0000000000
1,95.0000000000,0,6958875.0476568760,40875.0079908467,1.0000000000
1,95.0000000000,0,6958875.0340188956,40874.9943644615,1.0000000000
1,95.0000000000,0,6958875.0298517365,40874.9902008424,1.0000000000
1,95.0000000000,0,6958875.0285784379,40874.9889286253,1.0000000000
1,95.0000000000,0,6958875.0281893741,40874.9885398923,1.0000000000
1,95.0000000000,0,6958875.0280704936,40874.9884211127,1.0000000000
1,95.0000000000,0,6958875.0280341692,40874.9883848190,1.0000000000
1,95.0000000000,0,6958875.0280230697,40874.9883737292,1.0000000000
1,95.0000000000,0,6958875.0280196778,40874.9883703407,1.0000000000
1,95.0000000000,0,6958875.0280186413,40874.9883693053,1.0000000000
1,95.0000000000,0,6958875.0280183246,40874.9883689889,1.0000000000
1,95.0000000000,0,6958875.0280182278,40874.9883688923,1.0000000000
1,95.0000000000,0,6958875.0280181980,40874.9883688627,1.0000000000
1,95.0000000000,0,6958875.0280181887,40874.9883688537,1.0000000000
1,95.0000000000,0,6958875.0280181859,40874.9883688510,1.0000000000
1,95.0000000000,0,6958875.0280181849,40874.9883688501,1.0000000000
1,95.0000000000,0,6958875.0280181849,40874.9883688499,1.0000000000
1,95.0000000000,0,6958875.0280181849,40874.9883688498,1.0000000000
1,95.0000000000,0,6958875.0280181849,40874.9883688498,1.0000000000
1,95.0000000000,0,6958875.0280181849,40874.9883688498,1.0000000000
1,95.0000000000,0,6958875.0280181849,40874.9883688498,1.0000000000
1,95.0000000000,0,6958875.0280181849,40874.9883688498,1.0000000000
1,95.0000000000,0,6958875.0280181849,40874.9883688498,1.0000000000
1,95.0000000000,0,6958875.0280181849,40874.9883688498,1.0000000000
1,95.0000000000,0,6958875.0280181849,40874.9883688498,1.0000000000
1,95.0000000000,0,6958875.0280181849,40874.9883688498,1.0000000000
1,95.0000000000,0,6958875.0280181849,40874.9883688498,1.0000000000
1,95.0000000000,0,6958875.0280181849,40874.9883688498,1.0000000000
1,95.0000000000,0,6958875.0280181849,40874.9883688498,1.0000000000
1,95.0000000000,0,6958875.0280181849,40874.9883688498,1.0000000000
1,95.0000000000,0,6958875.0280181849,40874.9883688498,1.0000000000
1,95.0000000000,0,6958875.0280181849,40874.9883688498,1.0000000000
1,95.0000000000,0,6958875.0280181849,40874.9883688498,1.0000000000
1,95.0000000000,0,6958875.0280181849,40874.9883688498,1.0000000000
1,95.0000000000,0,6958875.0280181849,40874.9883688498,1.0000000000
1,95.0000000000,0,6958875.0280181849,40874.9883688498,1.0000000000
1,95.0000000000,0,6958875.0280181849,40874.9883688498,1.0000000000
1,95.0000000000,0,6958875.0280181849,40874.9883688498,1.0000000000
1,95.0000000000,0,6958875.0280181849,40874.9883688498,1.0000000000
1,95.0000000000,0,6958875.0280181849,40874.9883688498,1.0000000000
1,95.0000000000,0,6958875.0280181849,40874.9883688498,1.0000000000
1,95.0000000000,0,6958875.0280181849,40874.9883688498,1.0000000000
1,95.0000000000,0,6958875.0280181849,40874.9883688498,1.0000000000
1,95.0000000000,0,6958875.0280181849,40874.9883688498,1.0000000000
1,95.0000000000,0,6958875.0280181849,40874.9883688498,1.0000000000
1,95.0000000000,0,6958875.0280181849,40874.9883688498,1.0000000000
1,95.0000000000,0,6958875.0280181849,40874.9883688498,1.0000000000
1,95.0000000000,0,6958875.0280181849,40874.9883688498,1.0000000000
1,95.0000000000,0,6958875.0280181849,40874.9883688498,1.0000000000
1,95.0000000000,0,6958875.0280181849,40874.9883688498,1.0000000000
1,95.0000000000,0,6958875.0280181849,40874.9883688498,1.0000000000
1,95.0000000000,0,6958875.0280181849,40874.9883688498,1.0000000000
1,95.0000000000,0,6958875.0280181849,40874.9883688498,1.0000000000
1,95.0000000000,0,6958875.0280181849,40874.9883688498,1.0000000000
1,95.0000000000,0,6958875.0280181849,40874.9883688498,1.0000000000
1,95.0000000000,0,6958875.0280181849,40874.9883688498,1.0000000000
1,95.0000000000,0,6958875.0280181849,40874.9883688498,1.0000000000
1,95.0000000000,0,6958875.0280181849,40874.9883688498,1.0000000000
1,95.0000000000,0,6958875.0280181849,40874.9883688498,1.0000000000
1,95.0000000000,0,6958875.0280181849,40874.9883688498,1.0000000000
1,95.0000000000,0,6958875.0280181849,40874.9883688498,1.0000000000
1,95.0000000000,0,6958875.0280181849,40874.9883688498,1.0000000000
1,95.0000000000,0,6958875.0280181849,40874.9883688498,1.0000000000
1,95.0000000000,0,6958875.0280181849,40874.9883688498,1.0000000000
1,95.0000000000,0,6958875.0280181849,40874.9883688498,1.0000000000
1,95.0000000000,0,6958875.0280181849,40874.9883688498,1.0000000000
1,95.0000000000,0,6958875.0280181849,40874.9883688498,1.0000000000
1,95.0000000000,0,6958875.0280181849,40874.9883688498,1.0000000000
1,95.0000000000,0,6958875.0280181849,40874.9883688498,1.0000000000
1,95.0000000000,0,6958875.0280181849,40874.9883688498,1.0000000000
1,95.0000000000,0,6958875.0280181849,40874.9883688498,1.0000000000
1,95.0000000000,0,6958875.0280181849,40874.9883688498,1.0000000000
1,95.0000000000,0,6958875.0280181849,40874.9883688498,1.0000000000
1,95.0000000000,0,6958875.0280181849,40874.9883688498,1.0000000000
1,95.0000000000,0,6958875.0280181849,40874.9883688498,1.0000000000
1,95.0000000000,0,6958875.0280181849,40874.9883688498,1.0000000000
1,95.0000000000,0,6958875.0280181849,40874.9883688498,1.0000000000
1,95.0000000000,0,6958875.0280181849,40874.9883688498,1.0000000000
1,95.0000000000,0,6958875.0280181849,40874.9883688498,1.0000000000
1,95.0000000000,0,6958875.0280181849,40874.9883688498,1.0000000000
1,95.0000000000,0,6958875.0280181849,40874.9883688498,1.0000000000
1,95.0000000000,0,6958875.0280181849,40874.9883688498,1.0000000000
1,95.0000000000,0,6958875.0280181849,40874.9883688498,1.0000000000
1,95.0000000000,0,6958875.0280181849,40874.9883688498,1.0000000000
1,95.0000000000,0,6958875.0280181849,40874.9883688498,1.0000000000
1,95.0000000000,0,6958875.0280181849,40874.9883688498,1.0000000000
1,95.0000000000,0,6958875.0280181849,40874.9883688498,1.0000000000
1,100.0000000000,0,6959006.1190346172,41005.4714147939,1.0000000000
1,100.0000000000,0,6959001.2321421001,41000.6160583162,1.0000000000
1,100.0000000000,0,6958996.3257553959,40995.7804017415,1.0000000000
1,100.0000000000,0,6958991.4228374595,40990.9412281856,1.0000000000
1,100.0000000000,0,6958986.5236049704,40986.0983234775,1.0000000000
1,100.0000000000,0,6958981.6276479121,40981.2521074811,1.0000000000
1,100.0000000000,0,6958976.7345856475,40976.4029687256,1.0000000000
1,100.0000000000,0,6958971.8440810926,40971.5512504534,1.0000000000
1,100.0000000000,0,6958966.9558362439,40966.6972554706,1.0000000000
1,100.0000000000,0,6958962.0695876963,40961.8412509269,1.0000000000
1,100.0000000000,0,6958957.1851026556,40956.9834725376,1.0000000000
1,100.0000000000,0,6958952.3021753998,40952.1241283011,1.0000000000
1,100.0000000000,0,6958947.4206241490,40947.2634017730,1.0000000000
1,100.0000000000,0,6958942.5402882909,40942.4014549498,1.0000000000
1,100.0000000000,0,6958937.6610259265,40937.5384308105,1.0000000000
1,100.0000000000,0,6958932.7827116977,40932.6744555558,1.0000000000
1,100.0000000000,0,6958927.9052348631,40927.8096405827,1.0000000000
1,100.0000000000,0,6958923.0284976000,40922.9440842260,1.0000000000
1,100.0000000000,0,6958918.1524135005,40918.0778732923,1.0000000000
1,100.0000000000,0,6958913.2769062426,40913.2110844149,1.0000000000
1,100.0000000000,0,6958908.4019084154,40908.3437852482,1.0000000000
1,100.0000000000,0,6958903.5273604784,40903.4760355207,1.0000000000
1,100.0000000000,0,6958898.6532098474,40898.6078879655,1.0000000000
1,100.0000000000,0,6958893.7794100782,40893.7393891404,1.0000000000
1,100.0000000000,0,6958888.9059201553,40888.8705801516,1.0000000000
1,100.0000000000,0,6958884.0327038551,40884.0014972928,1.0000000000
1,100.0000000000,0,6958879.1597291864,40879.1321726093,1.0000000000
1,100.0000000000,0,6958877.6708299033,40877.6442581551,1.0000000000
1,100.0000000000,0,6958877.2159060482,40877.1896000238,1.0000000000
1,100.0000000000,0,6958877.0769026624,40877.0506755794,1.0000000000
1,100.0000000000,0,6958877.0344295073,40877.0082263421,1.0000000000
1,100.0000000000,0,6958877.0214516083,40876.9952557326,1.0000000000
1,100.0000000000,0,6958877.0174861401,40876.9912924900,1.0000000000
1,100.0000000000,0,6958877.0162744690,40876.9900814991,1.0000000000
1,100.0000000000,0,6958877.0159042366,40876.9897114741,1.0000000000
1,100.0000000000,0,6958877.0157911098,40876.9895984109,1.0000000000
1,100.0000000000,0,6958877.0157565437,40876.9895638638,1.0000000000
1,100.0000000000,0,6958877.0157459816,40876.9895533077,1.0000000000
1,100.0000000000,0,6958877.0157427546,40876.9895500823,1.0000000000
1,100.0000000000,0,6958877.0157417683,40876.9895490967,1.0000000000
1,100.0000000000,0,6958877.0157414665,40876.9895487956,1.0000000000
1,100.0000000000,0,6958877.0157413743,40876.9895487035,1.0000000000
1,100.0000000000,0,6958877.0157413464,40876.9895486754,1.0000000000
1,100.0000000000,0,6958877.0157413380,40876.9895486668,1.0000000000
1,100.0000000000,0,6958877.0157413352,40876.9895486642,1.0000000000
1,100.0000000000,0,6958877.0157413343,40876.9895486634,1.0000000000
1,100.0000000000,0,6958877.0157413343,40876.9895486632,1.0000000000
1,100.0000000000,0,6958877.0157413343,40876.9895486631,1.0000000000
1,100.0000000000,0,6958877.0157413343,40876.9895486631,1.0000000000
1,100.0000000000,0,6958877.0157413343,40876.9895486631,1.0000000000
1,100.0000000000,0,6958877.0157413343,40876.9895486631,1.0000000000
1,100.0000000000,0,6958877.0157413343,40876.9895486631,1.0000000000
1,100.0000000000,0,6958877.0157413343,40876.9895486631,1.0000000000
1,100.0000000000,0,6958877.0157413343,40876.9895486631,1.0000000000
1,100.0000000000,0,6958877.0157413343,40876.9895486631,1.0000000000
1,100.0000000000,0,6958877.0157413343,40876.9895486631,1.0000000000
1,100.0000000000,0,6958877.0157413343,40876.9895486631,1.0000000000
1,100.0000000000,0,6958877.0157413343,40876.9895486631,1.0000000000
1,100.0000000000,0,6958877.0157413343,40876.9895486631,1.0000000000
1,100.0000000000,0,6958877.0157413343,40876.9895486631,1.0000000000
1,100.0000000000,0,6958877.0157413343,40876.9895486631,1.0000000000
1,100.0000000000,0,6958877.0157413343,40876.9895486631,1.0000000000
1,100.0000000000,0,6958877.0157413343,40876.9895486631,1.0000000000
1,100.0000000000,0,6958877.0157413343,40876.9895486631,1.0000000000
1,100.0000000000,0,6958877.0157413343,40876.9895486631,1.0000000000
1,100.0000000000,0,6958877.0157413343,40876.9895486631,1.0000000000
1,100.0000000000,0,6958877.0157413343,40876.9895486631,1.0000000000
1,100.0000000000,0,6958877.0157413343,40876.9895486631,1.0000000000
1,100.0000000000,0,6958877.0157413343,40876.9895486631,1.0000000000
1,100.0000000000,0,6958877.0157413343,40876.9895486631,1.0000000000
1,100.0000000000,0,6958877.0157413343,40876.9895486631,1.0000000000
1,100.0000000000,0,6958877.0157413343,40876.9895486631,1.0000000000
1,100.0000000000,0,6958877.0157413343,40876.9895486631,1.0000000000
1,100.0000000000,0,6958877.0157413343,40876.9895486631,1.0000000000
1,100.0000000000,0,6958877.0157413343,40876.9895486631,1.0000000000
1,100.0000000000,0,6958877.0157413343,40876.9895486631,1.0000000000
1,100.0000000000,0,6958877.0157413343,40876.9895486631,1.0000000000
1,100.0000000000,0,6958877.0157413343,40876.9895486631,1.0000000000
1,100.0000000000,0,6958877.0157413343,40876.9895486631,1.0000000000
1,100.0000000000,0,6958877.0157413343,40876.9895486631,1.0000000000
1,100.0000000000,0,6958877.0157413343,40876.9895486631,1.0000000000
1,100.0000000000,0,6958877.0157413343,40876.9895486631,1.0000000000
1,100.0000000000,0,6958877.0157413343,40876.9895486631,1.0000000000
1,100.0000000000,0,6958877.0157413343,40876.9895486631,1.0000000000
1,100.0000000000,0,6958877.0157413343,40876.9895486631,1.0000000000
1,100.0000000000,0,6958877.0157413343,40876.9895486631,1.0000000000
1,100.0000000000,0,6958877.0157413343,40876.9895486631,1.0000000000
1,100.0000000000,0,6958877.0157413343,40876.9895486631,1.0000000000
1,100.0000000000,0,6958877.0157413343,40876.9895486631,1.0000000000
1,100.0000000000,0,6958877.0157413343,40876.9895486631,1.0000000000
1,100.0000000000,0,6958877.0157413343,40876.9895486631,1.0000000000
1,100.0000000000,0,6958877.0157413343,40876.9895486631,1.0000000000
1,100.0000000000,0,6958877.0157413343,40876.9895486631,1.0000000000
1,100.0000000000,0,6958877.0157413343,40876.9895486631,1.0000000000
1,100.0000000000,0,6958877.0157413343,40876.9895486631,1.0000000000
1,100.0000000000,0,6958877.0157413343,40876.9895486631,1.0000000000
1,100.0000000000,0,6958877.0157413343,40876.9895486631,1.0000000000
1,100.0000000000,0,6958877.0157413343,40876.9895486631,1.0000000000
1,100.0000000000,0,6958877.0157413343,40876.9895486631,1.0000000000
1,100.0000000000,0,6958877.0157413343,40876.9895486631,1.0000000000
1,100.0000000000,0,6958877.0157413343,40876.9895486631,1.0000000000
1,100.0000000000,0,6958877.0157413343,40876.9895486631,1.0000000000
1,100.0000000000,0,6958877.0157413343,40876.9895486631,1.0000000000
1,100.0000000000,0,6958877.0157413343,40876.9895486631,1.0000000000
1,100.0000000000,0,6958877.0157413343,40876.9895486631,1.0000000000
1,100.0000000000,0,6958877.0157413343,40876.9895486631,1.0000000000
1,100.0000000000,0,6958877.0157413343,40876.9895486631,1.0000000000
1,100.0000000000,0,6958877.0157413343,40876.9895486631,1.0000000000
1,100.0000000000,0,6958877.0157413343,40876.9895486631,1.0000000000
1,100.0000000000,0,6958877.0157413343,40876.9895486631,1.0000000000
1,100.0000000000,0,6958877.0157413343,40876.9895486631,1.0000000000
1,100.0000000000,0,6958877.0157413343,40876.9895486631,1.0000000000
1,100.0000000000,0,6958877.0157413343,40876.9895486631,1.0000000000
1,100.0000000000,0,6958877.0157413343,40876.9895486631,1.0000000000
1,100.0000000000,0,6958877.0157413343,40876.9895486631,1.0000000000
1,100.0000000000,0,6958877.0157413343,40876.9895486631,1.0000000000
1,100.0000000000,0,6958877.0157413343,40876.9895486631,1.0000000000
1,100.0000000000,0,6958877.0157413343,40876.9895486631,1.0000000000
1,100.0000000000,0,6958877.0157413343,40876.9895486631,1.0000000000
1,100.0000000000,0,6958877.0157413343,40876.9895486631,1.0000000000
1,105.0000000000,0,6958979.3103526300,40979.7602710122,1.0000000000
1,105.0000000000,0,6958974.2451369725,40974.8016394318,1.0000000000
1,105.0000000000,0,6958969.2639203165,40969.7586326466,1.0000000000
1,105.0000000000,0,6958964.2815973256,40964.7167188811,1.0000000000
1,105.0000000000,0,6958959.2957438612,40959.6782963071,1.0000000000
1,105.0000000000,0,6958954.3067019274,40954.6430309326,1.0000000000
1,105.0000000000,0,6958949.3148554768,40949.6105458788,1.0000000000
1,105.0000000000,0,6958944.3205445372,40944.5805066098,1.0000000000
1,105.0000000000,0,6958939.3240678655,40939.5526186159,1.0000000000
1,105.0000000000,0,6958934.3256879039,40934.5266227378,1.0000000000
1,105.0000000000,0,6958929.3256352125,40929.5022909520,1.0000000000
1,105.0000000000,0,6958924.3241123622,40924.4794226495,1.0000000000
1,105.0000000000,0,6958919.3212973438,40919.4578413549,1.0000000000
1,105.0000000000,0,6958914.3173465626,40914.4373918346,1.0000000000
1,105.0000000000,0,6958909.3123974642,40909.4179375491,1.0000000000
1,105.0000000000,0,6958904.3065708382,40904.3993584080,1.0000000000
1,105.0000000000,0,6958899.2999728424,40899.3815487943,1.0000000000
1,105.0000000000,0,6958894.2926967805,40894.3644158235,1.0000000000
1,105.0000000000,0,6958889.2848246591,40889.3478778122,1.0000000000
1,105.0000000000,0,6958884.2764285579,40884.3318629295,1.0000000000
1,105.0000000000,0,6958879.2675718358,40879.3163080105,1.0000000000
1,105.0000000000,0,6958877.7369641094,40877.7839009139,1.0000000000
1,105.0000000000,0,6958877.2692451803,40877.3156986107,1.0000000000
1,105.0000000000,0,6958877.1263289480,40877.1726389084,1.0000000000
1,105.0000000000,0,6958877.0826599095,40877.1289264113,1.0000000000
1,105.0000000000,0,6958877.0693165753,40877.1155698322,1.0000000000
1,105.0000000000,0,6958877.0652394434,40877.1114886569,1.0000000000
1,105.0000000000,0,6958877.0639936533,40877.1102416312,1.0000000000
1,105.0000000000,0,6958877.0636129947,40877.1098605956,1.0000000000
1,105.0000000000,0,6958877.0634966828,40877.1097441681,1.0000000000
1,105.0000000000,0,6958877.0634611426,40877.1097085930,1.0000000000
1,105.0000000000,0,6958877.0634502834,40877.1096977228,1.0000000000
1,105.0000000000,0,6958877.0634469651,40877.1096944014,1.0000000000
1,105.0000000000,0,6958877.0634459509,40877.1096933865,1.0000000000
1,105.0000000000,0,6958877.0634456407,40877.1096930764,1.0000000000
1,105.0000000000,0,6958877.0634455457,40877.1096929816,1.0000000000
1,105.0000000000,0,6958877.0634455169,40877.1096929527,1.0000000000
1,105.0000000000,0,6958877.0634455085,40877.1096929438,1.0000000000
1,105.0000000000,0,6958877.0634455057,40877.1096929411,1.0000000000
1,105.0000000000,0,6958877.0634455048,40877.1096929403,1.0000000000
1,105.0000000000,0,6958877.0634455048,40877.1096929400,1.0000000000
1,105.0000000000,0,6958877.0634455048,40877.1096929400,1.0000000000
1,105.0000000000,0,6958877.0634455048,40877.1096929399,1.0000000000
1,105.0000000000,0,6958877.0634455048,40877.1096929399,1.0000000000
1,105.0000000000,0,6958877.0634455048,40877.1096929399,1.0000000000
1,105.0000000000,0,6958877.0634455048,40877.1096929399,1.0000000000
1,105.0000000000,0,6958877.0634455048,40877.1096929399,1.0000000000
1,105.0000000000,0,6958877.0634455048,40877.1096929399,1.0000000000
1,105.0000000000,0,6958877.0634455048,40877.1096929399,1.0000000000
1,105.0000000000,0,6958877.0634455048,40877.1096929399,1.0000000000
1,105.0000000000,0,6958877.0634455048,40877.1096929399,1.0000000000
1,105.0000000000,0,6958877.0634455048,40877.1096929399,1.0000000000
1,105.0000000000,0,6958877.0634455048,40877.1096929399,1.0000000000
1,105.0000000000,0,6958877.0634455048,40877.1096929399,1.0000000000
1,105.0000000000,0,6958877.0634455048,40877.1096929399,1.0000000000
1,105.0000000000,0,6958877.0634455048,40877.1096929399,1.0000000000
1,105.0000000000,0,6958877.0634455048,40877.1096929399,1.0000000000
1,105.0000000000,0,6958877.0634455048,40877.1096929399,1.0000000000
1,105.0000000000,0,6958877.0634455048,40877.1096929399,1.0000000000
1,105.0000000000,0,6958877.0634455048,40877.1096929399,1.0000000000
1,105.0000000000,0,6958877.0634455048,40877.1096929399,1.0000000000
1,105.0000000000,0,6958877.0634455048,40877.1096929399,1.0000000000
1,105.0000000000,0,6958877.0634455048,40877.1096929399,1.0000000000
1,105.0000000000,0,6958877.0634455048,40877.1096929399,1.0000000000
1,105.0000000000,0,6958877.0634455048,40877.1096929399,1.0000000000
1,105.0000000000,0,6958877.0634455048,40877.1096929399,1.0000000000
1,105.0000000000,0,6958877.0634455048,40877.1096929399,1.0000000000
1,105.0000000000,0,6958877.0634455048,40877.1096929399,1.0000000000
1,105.0000000000,0,6958877.0634455048,40877.1096929399,1.0000000000
1,105.0000000000,0,6958877.0634455048,40877.1096929399,1.0000000000
1,105.0000000000,0,6958877.0634455048,40877.1096929399,1.0000000000
1,105.0000000000,0,6958877.0634455048,40877.1096929399,1.0000000000
1,105.0000000000,0,6958877.0634455048,40877.1096929399,1.0000000000
1,105.0000000000,0,6958877.0634455048,40877.1096929399,1.0000000000
1,105.0000000000,0,6958877.0634455048,40877.1096929399,1.0000000000
1,105.0000000000,0,6958877.0634455048,40877.1096929399,1.0000000000
1,105.0000000000,0,6958877.0634455048,40877.1096929399,1.0000000000
1,105.0000000000,0,6958877.0634455048,40877.1096929399,1.0000000000
1,105.0000000000,0,6958877.0634455048,40877.1096929399,1.0000000000
1,105.0000000000,0,6958877.0634455048,40877.1096929399,1.0000000000
1,105.0000000000,0,6958877.0634455048,40877.1096929399,1.0000000000
1,105.0000000000,0,6958877.0634455048,40877.1096929399,1.0000000000
1,105.0000000000,0,6958877.0634455048,40877.1096929399,1.0000000000
1,105.0000000000,0,6958877.0634455048,40877.1096929399,1.0000000000
1,105.0000000000,0,6958877.0634455048,40877.1096929399,1.0000000000
1,105.0000000000,0,6958877.0634455048,40877.1096929399,1.0000000000
1,105.0000000000,0,6958877.0634455048,40877.1096929399,1.0000000000
1,105.0000000000,0,6958877.0634455048,40877.1096929399,1.0000000000
1,105.0000000000,0,6958877.0634455048,40877.1096929399,1.0000000000
1,105.0000000000,0,6958877.0634455048,40877.1096929399,1.0000000000
1,105.0000000000,0,6958877.0634455048,40877.1096929399,1.0000000000
1,105.0000000000,0,6958877.0634455048,40877.1096929399,1.0000000000
1,105.0000000000,0,6958877.0634455048,40877.1096929399,1.0000000000
1,105.0000000000,0,6958877.0634455048,40877.1096929399,1.0000000000
1,105.0000000000,0,6958877.0634455048,40877.1096929399,1.0000000000
1,105.0000000000,0,6958877.0634455048,40877.1096929399,1.0000000000
1,105.0000000000,0,6958877.0634455048,40877.1096929399,1.0000000000
1,105.0000000000,0,6958877.0634455048,40877.1096929399,1.0000000000
1,105.0000000000,0,6958877.0634455048,40877.1096929399,1.0000000000
1,105.0000000000,0,6958877.0634455048,40877.1096929399,1.0000000000
1,105.0000000000,0,6958877.0634455048,40877.1096929399,1.0000000000
1,105.0000000000,0,6958877.0634455048,40877.1096929399,1.0000000000
1,105.0000000000,0,6958877.0634455048,40877.1096929399,1.0000000000
1,105.0000000000,0,6958877.0634455048,40877.1096929399,1.0000000000
1,105.0000000000,0,6958877.0634455048,40877.1096929399,1.0000000000
1,105.0000000000,0,6958877.0634455048,40877.1096929399,1.0000000000
1,105.0000000000,0,6958877.0634455048,40877.1096929399,1.0000000000
1,105.0000000000,0,6958877.0634455048,40877.1096929399,1.0000000000
1,105.0000000000,0,6958877.0634455048,40877.1096929399,1.0000000000
1,105.0000000000,0,6958877.0634455048,40877.1096929399,1.0000000000
1,105.0000000000,0,6958877.0634455048,40877.1096929399,1.0000000000
1,105.0000000000,0,6958877.0634455048,40877.1096929399,1.0000000000
1,105.0000000000,0,6958877.0634455048,40877.1096929399,1.0000000000
1,105.0000000000,0,6958877.0634455048,40877.1096929399,1.0000000000
1,105.0000000000,0,6958877.0634455048,40877.1096929399,1.0000000000
1,105.0000000000,0,6958877.0634455048,40877.1096929399,1.0000000000
1,105.0000000000,0,6958877.0634455048,40877.1096929399,1.0000000000
1,105.0000000000,0,6958877.0634455048,40877.1096929399,1.0000000000
1,105.0000000000,0,6958877.0634455048,40877.1096929399,1.0000000000
1,105.0000000000,0,6958877.0634455048,40877.1096929399,1.0000000000
1,110.0000000000,0,6958955.9950344702,40953.5936287215,1.0000000000
1,110.0000000000,0,6958951.3116390873,40948.4360257437,1.0000000000
1,110.0000000000,0,6958946.2296449263,40943.6706930029,1.0000000000
1,110.0000000000,0,6958941.1546342531,40938.8979236332,1.0000000000
1,110.0000000000,0,6958936.0966332490,40934.1071317749,1.0000000000
1,110.0000000000,0,6958931.0540273348,40929.3001382885,1.0000000000
1,110.0000000000,0,6958926.0250510611,40924.4788875766,1.0000000000
1,110.0000000000,0,6958921.0081266984,40919.6450970631,1.0000000000
1,110.0000000000,0,6958916.0018546069,40914.8002750299,1.0000000000
1,110.0000000000,0,6958911.0049944492,40909.9457462830,1.0000000000
1,110.0000000000,0,6958906.0164478496,40905.0826748655,1.0000000000
1,110.0000000000,0,6958901.0352427354,40900.2120838955,1.0000000000
1,110.0000000000,0,6958896.0605192594,40895.3348728970,1.0000000000
1,110.0000000000,0,6958891.0915171830,40890.4518329472,1.0000000000
1,110.0000000000,0,6958886.1275645951,40885.5636599254,1.0000000000
1,110.0000000000,0,6958881.1680678455,40880.6709661090,1.0000000000
1,110.0000000000,0,6958876.2125025820,40875.7742903279,1.0000000000
1,110.0000000000,0,6958874.6993618906,40874.2770120472,1.0000000000
1,110.0000000000,0,6958874.2372990092,40873.8192218411,1.0000000000
1,110.0000000000,0,6958874.0961313760,40873.6793230851,1.0000000000
1,110.0000000000,0,6958874.0529984636,40873.6365745861,1.0000000000
1,110.0000000000,0,6958874.0398191120,40873.6235123940,1.0000000000
1,110.0000000000,0,6958874.0357921021,40873.6195211546,1.0000000000
1,110.0000000000,0,6958874.0345616285,40873.6183016079,1.0000000000
1,110.0000000000,0,6958874.0341856508,40873.6179289685,1.0000000000
1,110.0000000000,0,6958874.0340707684,40873.6178151065,1.0000000000
1,110.0000000000,0,6958874.0340356659,40873.6177803153,1.0000000000
1,110.0000000000,0,6958874.0340249399,40873.6177696847,1.0000000000
1,110.0000000000,0,6958874.0340216625,40873.6177664364,1.0000000000
1,110.0000000000,0,6958874.0340206614,40873.6177654439,1.0000000000
1,110.0000000000,0,6958874.0340203550,40873.6177651406,1.0000000000
1,110.0000000000,0,6958874.0340202618,40873.6177650480,1.0000000000
1,110.0000000000,0,6958874.0340202330,40873.6177650196,1.0000000000
1,110.0000000000,0,6958874.0340202246,40873.6177650110,1.0000000000
1,110.0000000000,0,6958874.0340202218,40873.6177650083,1.0000000000
1,110.0000000000,0,6958874.0340202209,40873.6177650075,1.0000000000
1,110.0000000000,0,6958874.0340202209,40873.6177650073,1.0000000000
1,110.0000000000,0,6958874.0340202209,40873.6177650072,1.0000000000
1,110.0000000000,0,6958874.0340202209,40873.6177650072,1.0000000000
1,110.0000000000,0,6958874.0340202209,40873.6177650072,1.0000000000
1,110.0000000000,0,6958874.0340202209,40873.6177650072,1.0000000000
1,110.0000000000,0,6958874.0340202209,40873.6177650072,1.0000000000
1,110.0000000000,0,6958874.0340202209,40873.6177650072,1.0000000000
1,110.0000000000,0,6958874.0340202209,40873.6177650072,1.0000000000
1,110.0000000000,0,6958874.0340202209,40873.6177650072,1.0000000000
1,110.0000000000,0,6958874.0340202209,40873.6177650072,1.0000000000
1,110.0000000000,0,6958874.0340202209,40873.6177650072,1.0000000000
1,110.0000000000,0,6958874.0340202209,40873.6177650072,1.0000000000
1,110.0000000000,0,6958874.0340202209,40873.6177650072,1.0000000000
1,110.0000000000,0,6958874.0340202209,40873.6177650072,1.0000000000
1,110.0000000000,0,6958874.0340202209,40873.6177650072,1.0000000000
1,110.0000000000,0,6958874.0340202209,40873.6177650072,1.0000000000
1,110.0000000000,0,6958874.0340202209,40873.6177650072,1.0000000000
1,110.0000000000,0,6958874.0340202209,40873.6177650072,1.0000000000
1,110.0000000000,0,6958874.0340202209,40873.6177650072,1.0000000000
1,110.0000000000,0,6958874.0340202209,40873.6177650072,1.0000000000
1,110.0000000000,0,6958874.0340202209,40873.6177650072,1.0000000000
1,110.0000000000,0,6958874.0340202209,40873.6177650072,1.0000000000
1,110.0000000000,0,6958874.0340202209,40873.6177650072,1.0000000000
1,110.0000000000,0,6958874.0340202209,40873.6177650072,1.0000000000
1,110.0000000000,0,6958874.0340202209,40873.6177650072,1.0000000000
1,110.0000000000,0,6958874.0340202209,40873.6177650072,1.0000000000
1,110.0000000000,0,6958874.0340202209,40873.6177650072,1.0000000000
1,110.0000000000,0,6958874.0340202209,40873.6177650072,1.0000000000
1,110.0000000000,0,6958874.0340202209,40873.6177650072,1.0000000000
1,110.0000000000,0,6958874.0340202209,40873.6177650072,1.0000000000
1,110.0000000000,0,6958874.0340202209,40873.6177650072,1.0000000000
1,110.0000000000,0,6958874.0340202209,40873.6177650072,1.0000000000
1,110.0000000000,0,6958874.0340202209,40873.6177650072,1.0000000000
1,110.0000000000,0,6958874.0340202209,40873.6177650072,1.0000000000
1,110.0000000000,0,6958874.0340202209,40873.6177650072,1.0000000000
1,110.0000000000,0,6958874.0340202209,40873.6177650072,1.0000000000
1,110.0000000000,0,6958874.0340202209,40873.6177650072,1.0000000000
1,110.0000000000,0,6958874.0340202209,40873.6177650072,1.0000000000
1,110.0000000000,0,6958874.0340202209,40873.6177650072,1.0000000000
1,110.0000000000,0,6958874.0340202209,40873.6177650072,1.0000000000
1,110.0000000000,0,6958874.0340202209,40873.6177650072,1.0000000000
1,110.0000000000,0,6958874.0340202209,40873.6177650072,1.0000000000
1,110.0000000000,0,6958874.0340202209,40873.6177650072,1.0000000000
1,110.0000000000,0,6958874.0340202209,40873.6177650072,1.0000000000
1,110.0000000000,0,6958874.0340202209,40873.6177650072,1.0000000000
1,110.0000000000,0,6958874.0340202209,40873.6177650072,1.0000000000
1,110.0000000000,0,6958874.0340202209,40873.6177650072,1.0000000000
1,110.0000000000,0,6958874.0340202209,40873.6177650072,1.0000000000
1,110.0000000000,0,6958874.0340202209,40873.6177650072,1.0000000000
1,110.0000000000,0,6958874.0340202209,40873.6177650072,1.0000000000
1,110.0000000000,0,6958874.0340202209,40873.6177650072,1.0000000000
1,110.0000000000,0,6958874.0340202209,40873.6177650072,1.0000000000
1,110.0000000000,0,6958874.0340202209,40873.6177650072,1.0000000000
1,110.0000000000,0,6958874.0340202209,40873.6177650072,1.0000000000
1,110.0000000000,0,6958874.0340202209,40873.6177650072,1.0000000000
1,110.0000000000,0,6958874.0340202209,40873.6177650072,1.0000000000
1,110.0000000000,0,6958874.0340202209,40873.6177650072,1.0000000000
1,110.0000000000,0,6958874.0340202209,40873.6177650072,1.0000000000
1,110.0000000000,0,6958874.0340202209,40873.6177650072,1.0000000000
1,110.0000000000,0,6958874.0340202209,40873.6177650072,1.0000000000
1,110.0000000000,0,6958874.0340202209,40873.6177650072,1.0000000000
1,110.0000000000,0,6958874.0340202209,40873.6177650072,1.0000000000
1,110.0000000000,0,6958874.0340202209,40873.6177650072,1.0000000000
1,110.0000000000,0,6958874.0340202209,40873.6177650072,1.0000000000
1,110.0000000000,0,6958874.0340202209,40873.6177650072,1.0000000000
1,110.0000000000,0,6958874.0340202209,40873.6177650072,1.0000000000
1,110.0000000000,0,6958874.0340202209,40873.6177650072,1.0000000000
1,110.0000000000,0,6958874.0340202209,40873.6177650072,1.0000000000
1,110.0000000000,0,6958874.0340202209,40873.6177650072,1.0000000000
1,110.0000000000,0,6958874.0340202209,40873.6177650072,1.0000000000
1,110.0000000000,0,6958874.0340202209,40873.6177650072,1.0000000000
1,110.0000000000,0,6958874.0340202209,40873.6177650072,1.0000000000
1,110.0000000000,0,6958874.0340202209,40873.6177650072,1.0000000000
1,110.0000000000,0,6958874.0340202209,40873.6177650072,1.0000000000
1,110.0000000000,0,6958874.0340202209,40873.6177650072,1.0000000000
1,110.0000000000,0,6958874.0340202209,40873.6177650072,1.0000000000
1,110.0000000000,0,6958874.0340202209,40873.6177650072,1.0000000000
1,110.0000000000,0,6958874.0340202209,40873.6177650072,1.0000000000
1,110.0000000000,0,6958874.0340202209,40873.6177650072,1.0000000000
1,110.0000000000,0,6958874.0340202209,40873.6177650072,1.0000000000
1,110.0000000000,0,6958874.0340202209,40873.6177650072,1.0000000000
1,110.0000000000,0,6958874.0340202209,40873.6177650072,1.0000000000
1,110.0000000000,0,6958874.0340202209,40873.6177650072,1.0000000000
1,110.0000000000,0,6958874.0340202209,40873.6177650072,1.0000000000
1,115.0000000000,0,6958930.8426106274,40929.1499616068,1.0000000000
1,115.0000000000,0,6958926.1086950181,40924.0385474615,1.0000000000
1,115.0000000000,0,6958921.0702197393,40919.2270738382,1.0000000000
1,115.0000000000,0,6958916.0362784183,40914.4108568224,1.0000000000
1,115.0000000000,0,6958911.0146852909,40909.5817664288,1.0000000000
1,115.0000000000,0,6958906.0042702155,40904.7410792526,1.0000000000
1,115.0000000000,0,6958901.0037411591,40899.8901802923,1.0000000000
1,115.0000000000,0,6958896.0119456407,40895.0302945868,1.0000000000
1,115.0000000000,0,6958891.0278632203,40890.1624989881,1.0000000000
1,115.0000000000,0,6958886.0505910842,40885.2877401589,1.0000000000
1,115.0000000000,0,6958881.0793308700,40880.4068505423,1.0000000000
1,115.0000000000,0,6958876.1133768726,40875.5205623331,1.0000000000
1,115.0000000000,0,6958874.5974328443,40874.0260770850,1.0000000000
1,115.0000000000,0,6958874.1346134851,40873.5690378458,1.0000000000
1,115.0000000000,0,6958873.9932211032,40873.4293620150,1.0000000000
1,115.0000000000,0,6958873.9500200935,40873.3866810439,1.0000000000
1,115.0000000000,0,6958873.9368199864,40873.3736394318,1.0000000000
1,115.0000000000,0,6958873.9327866388,40873.3696544758,1.0000000000
1,115.0000000000,0,6958873.9315542290,40873.3684368486,1.0000000000
1,115.0000000000,0,6958873.9311776599,40873.3680647957,1.0000000000
1,115.0000000000,0,6958873.9310625969,40873.3679511128,1.0000000000
1,115.0000000000,0,6958873.9310274385,40873.3679163764,1.0000000000
1,115.0000000000,0,6958873.9310166957,40873.3679057625,1.0000000000
1,115.0000000000,0,6958873.9310134128,40873.3679025193,1.0000000000
1,115.0000000000,0,6958873.9310124097,40873.3679015284,1.0000000000
1,115.0000000000,0,6958873.9310121033,40873.3679012256,1.0000000000
1,115.0000000000,0,6958873.9310120093,40873.3679011331,1.0000000000
1,115.0000000000,0,6958873.9310119804,40873.3679011048,1.0000000000
1,115.0000000000,0,6958873.9310119720,40873.3679010962,1.0000000000
1,115.0000000000,0,6958873.9310119692,40873.3679010935,1.0000000000
1,115.0000000000,0,6958873.9310119683,40873.3679010927,1.0000000000
1,115.0000000000,0,6958873.9310119683,40873.3679010925,1.0000000000
1,115.0000000000,0,6958873.9310119683,40873.3679010924,1.0000000000
1,115.0000000000,0,6958873.9310119683,40873.3679010924,1.0000000000
1,115.0000000000,0,6958873.9310119683,40873.3679010924,1.0000000000
1,115.0000000000,0,6958873.9310119683,40873.3679010924,1.0000000000
1,115.0000000000,0,6958873.9310119683,40873.3679010924,1.0000000000
1,115.0000000000,0,6958873.9310119683,40873.3679010924,1.0000000000
1,115.0000000000,0,6958873.9310119683,40873.3679010924,1.0000000000
1,115.0000000000,0,6958873.9310119683,40873.3679010924,1.0000000000
1,115.0000000000,0,6958873.9310119683,40873.3679010924,1.0000000000
1,115.0000000000,0,6958873.9310119683,40873.3679010924,1.0000000000
1,115.0000000000,0,6958873.9310119683,40873.3679010924,1.0000000000
1,115.0000000000,0,6958873.9310119683,40873.3679010924,1.0000000000
1,115.0000000000,0,6958873.9310119683,40873.3679010924,1.0000000000
1,115.0000000000,0,6958873.9310119683,40873.3679010924,1.0000000000
1,115.0000000000,0,6958873.9310119683,40873.3679010924,1.0000000000
1,115.0000000000,0,6958873.9310119683,40873.3679010924,1.0000000000
1,115.0000000000,0,6958873.9310119683,40873.3679010924,1.0000000000
1,115.0000000000,0,6958873.9310119683,40873.3679010924,1.0000000000
1,115.0000000000,0,6958873.9310119683,40873.3679010924,1.0000000000
1,115.0000000000,0,6958873.9310119683,40873.3679010924,1.0000000000
1,115.0000000000,0,6958873.9310119683,40873.3679010924,1.0000000000
1,115.0000000000,0,6958873.9310119683,40873.3679010924,1.0000000000
1,115.0000000000,0,6958873.9310119683,40873.3679010924,1.0000000000
1,115.0000000000,0,6958873.9310119683,40873.3679010924,1.0000000000
1,115.0000000000,0,6958873.9310119683,40873.3679010924,1.0000000000
1,115.0000000000,0,6958873.9310119683,40873.3679010924,1.0000000000
1,115.0000000000,0,6958873.9310119683,40873.3679010924,1.0000000000
1,115.0000000000,0,6958873.9310119683,40873.3679010924,1.0000000000
1,115.0000000000,0,6958873.9310119683,40873.3679010924,1.0000000000
1,115.0000000000,0,6958873.9310119683,40873.3679010924,1.0000000000
1,115.0000000000,0,6958873.9310119683,40873.3679010924,1.0000000000
1,115.0000000000,0,6958873.9310119683,40873.3679010924,1.0000000000
1,115.0000000000,0,6958873.9310119683,40873.3679010924,1.0000000000
1,115.0000000000,0,6958873.9310119683,40873.3679010924,1.0000000000
1,115.0000000000,0,6958873.9310119683,40873.3679010924,1.0000000000
1,115.0000000000,0,6958873.9310119683,40873.3679010924,1.0000000000
1,115.0000000000,0,6958873.9310119683,40873.3679010924,1.0000000000
1,115.0000000000,0,6958873.9310119683,40873.3679010924,1.0000000000
1,115.0000000000,0,6958873.9310119683,40873.3679010924,1.0000000000
1,115.0000000000,0,6958873.9310119683,40873.3679010924,1.0000000000
1,115.0000000000,0,6958873.9310119683,40873.3679010924,1.0000000000
1,115.0000000000,0,6958873.9310119683,40873.3679010924,1.0000000000
1,115.0000000000,0,6958873.9310119683,40873.3679010924,1.0000000000
1,115.0000000000,0,6958873.9310119683,40873.3679010924,1.0000000000
1,115.0000000000,0,6958873.9310119683,40873.3679010924,1.0000000000
1,115.0000000000,0,6958873.9310119683,40873.3679010924,1.0000000000
1,115.0000000000,0,6958873.9310119683,40873.3679010924,1.0000000000
1,115.0000000000,0,6958873.9310119683,40873.3679010924,1.0000000000
1,115.0000000000,0,6958873.9310119683,40873.3679010924,1.0000000000
1,115.0000000000,0,6958873.9310119683,40873.3679010924,1.0000000000
1,115.0000000000,0,6958873.9310119683,40873.3679010924,1.0000000000
1,115.0000000000,0,6958873.9310119683,40873.3679010924,1.0000000000
1,115.0000000000,0,6958873.9310119683,40873.3679010924,1.0000000000
1,115.0000000000,0,6958873.9310119683,40873.3679010924,1.0000000000
1,115.0000000000,0,6958873.9310119683,40873.3679010924,1.0000000000
1,115.0000000000,0,6958873.9310119683,40873.3679010924,1.0000000000
1,115.0000000000,0,6958873.9310119683,40873.3679010924,1.0000000000
1,115.0000000000,0,6958873.9310119683,40873.3679010924,1.0000000000
1,115.0000000000,0,6958873.9310119683,40873.3679010924,1.0000000000
1,115.0000000000,0,6958873.9310119683,40873.3679010924,1.0000000000
1,115.0000000000,0,6958873.9310119683,40873.3679010924,1.0000000000
1,115.0000000000,0,6958873.9310119683,40873.3679010924,1.0000000000
1,115.0000000000,0,6958873.9310119683,40873.3679010924,1.0000000000
1,115.0000000000,0,6958873.9310119683,40873.3679010924,1.0000000000
1,115.0000000000,0,6958873.9310119683,40873.3679010924,1.0000000000
1,115.0000000000,0,6958873.9310119683,40873.3679010924,1.0000000000
1,115.0000000000,0,6958873.9310119683,40873.3679010924,1.0000000000
1,115.0000000000,0,6958873.9310119683,40873.3679010924,1.0000000000
1,115.0000000000,0,6958873.9310119683,40873.3679010924,1.0000000000
1,115.0000000000,0,6958873.9310119683,40873.3679010924,1.0000000000
1,115.0000000000,0,6958873.9310119683,40873.3679010924,1.0000000000
1,115.0000000000,0,6958873.9310119683,40873.3679010924,1.0000000000
1,115.0000000000,0,6958873.9310119683,40873.3679010924,1.0000000000
1,115.0000000000,0,6958873.9310119683,40873.3679010924,1.0000000000
1,115.0000000000,0,6958873.9310119683,40873.3679010924,1.0000000000
1,115.0000000000,0,6958873.9310119683,40873.3679010924,1.0000000000
1,115.0000000000,0,6958873.9310119683,40873.3679010924,1.0000000000
1,115.0000000000,0,6958873.9310119683,40873.3679010924,1.0000000000
1,115.0000000000,0,6958873.9310119683,40873.3679010924,1.0000000000
1,115.0000000000,0,6958873.9310119683,40873.3679010924,1.0000000000
1,115.0000000000,0,6958873.9310119683,40873.3679010924,1.0000000000
1,115.0000000000,0,6958873.9310119683,40873.3679010924,1.0000000000
1,115.0000000000,0,6958873.9310119683,40873.3679010924,1.0000000000
1,115.0000000000,0,6958873.9310119683,40873.3679010924,1.0000000000
1,115.0000000000,0,6958873.9310119683,40873.3679010924,1.0000000000
1,115.0000000000,0,6958873.9310119683,40873.3679010924,1.0000000000
1,115.0000000000,0,6958873.9310119683,40873.3679010924,1.0000000000
1,115.0000000000,0,6958873.9310119683,40873.3679010924,1.0000000000
1,120.0000000000,0,6958907.2340649199,40905.3323401680,1.0000000000
1,120.0000000000,0,6958902.5103501882,40900.9804155525,1.0000000000
1,120.0000000000,0,6958897.8851165352,40896.5239660265,1.0000000000
1,120.0000000000,0,6958893.2705194298,40892.0565034045,1.0000000000
1,120.0000000000,0,6958888.6637823191,40887.5809361867,1.0000000000
1,120.0000000000,0,6958884.0640338501,40883.0981867236,1.0000000000
1,120.0000000000,0,6958879.4705280978,40878.6090405208,1.0000000000
1,120.0000000000,0,6958878.0686606783,40877.2356157320,1.0000000000
1,120.0000000000,0,6958877.6407772275,40876.8154841272,1.0000000000
1,120.0000000000,0,6958877.5100652222,40876.6870798715,1.0000000000
1,120.0000000000,0,6958877.4701281833,40876.6478424486,1.0000000000
1,120.0000000000,0,6958877.4579254482,40876.6358529822,1.0000000000
1,120.0000000000,0,6958877.4541968582,40876.6321895105,1.0000000000
1,120.0000000000,0,6958877.4530575685,40876.6310701142,1.0000000000
1,120.0000000000,0,6958877.4527094522,40876.6307280762,1.0000000000
1,120.0000000000,0,6958877.4526030831,40876.6306235646,1.0000000000
1,120.0000000000,0,6958877.4525705818,40876.6305916305,1.0000000000
1,120.0000000000,0,6958877.4525606511,40876.6305818728,1.0000000000
1,120.0000000000,0,6958877.4525576169,40876.6305788913,1.0000000000
1,120.0000000000,0,6958877.4525566893,40876.6305779803,1.0000000000
1,120.0000000000,0,6958877.4525564061,40876.6305777019,1.0000000000
1,120.0000000000,0,6958877.4525563195,40876.6305776169,1.0000000000
1,120.0000000000,0,6958877.4525562935,40876.6305775909,1.0000000000
1,120.0000000000,0,6958877.4525562851,40876.6305775830,1.0000000000
1,120.0000000000,0,6958877.4525562823,40876.6305775805,1.0000000000
1,120.0000000000,0,6958877.4525562814,40876.6305775798,1.0000000000
1,120.0000000000,0,6958877.4525562814,40876.6305775796,1.0000000000
1,120.0000000000,0,6958877.4525562814,40876.6305775795,1.0000000000
1,120.0000000000,0,6958877.4525562814,40876.6305775795,1.0000000000
1,120.0000000000,0,6958877.4525562814,40876.6305775795,1.0000000000
1,120.0000000000,0,6958877.4525562814,40876.6305775795,1.0000000000
1,120.0000000000,0,6958877.4525562814,40876.6305775795,1.0000000000
1,120.0000000000,0,6958877.4525562814,40876.6305775795,1.0000000000
1,120.0000000000,0,6958877.4525562814,40876.6305775795,1.0000000000
1,120.0000000000,0,6958877.4525562814,40876.6305775795,1.0000000000
1,120.0000000000,0,6958877.4525562814,40876.6305775795,1.0000000000
1,120.0000000000,0,6958877.4525562814,40876.6305775795,1.0000000000
1,120.0000000000,0,6958877.4525562814,40876.6305775795,1.0000000000
1,120.0000000000,0,6958877.4525562814,40876.6305775795,1.0000000000
1,120.0000000000,0,6958877.4525562814,40876.6305775795,1.0000000000
1,120.0000000000,0,6958877.4525562814,40876.6305775795,1.0000000000
1,120.0000000000,0,6958877.4525562814,40876.6305775795,1.0000000000
1,120.0000000000,0,6958877.4525562814,40876.6305775795,1.0000000000
1,120.0000000000,0,6958877.4525562814,40876.6305775795,1.0000000000
1,120.0000000000,0,6958877.4525562814,40876.6305775795,1.0000000000
1,120.0000000000,0,6958877.4525562814,40876.6305775795,1.0000000000
1,120.0000000000,0,6958877.4525562814,40876.6305775795,1.0000000000
1,120.0000000000,0,6958877.4525562814,40876.6305775795,1.0000000000
1,120.0000000000,0,6958877.4525562814,40876.6305775795,1.0000000000
1,120.0000000000,0,6958877.4525562814,40876.6305775795,1.0000000000
1,120.0000000000,0,6958877.4525562814,40876.6305775795,1.0000000000
1,120.0000000000,0,6958877.4525562814,40876.6305775795,1.0000000000
1,120.0000000000,0,6958877.4525562814,40876.6305775795,1.0000000000
1,120.0000000000,0,6958877.4525562814,40876.6305775795,1.0000000000
1,120.0000000000,0,6958877.4525562814,40876.6305775795,1.0000000000
1,120.0000000000,0,6958877.4525562814,40876.6305775795,1.0000000000
1,120.0000000000,0,6958877.4525562814,40876.6305775795,1.0000000000
1,120.0000000000,0,6958877.4525562814,40876.6305775795,1.0000000000
1,120.0000000000,0,6958877.4525562814,40876.6305775795,1.0000000000
1,120.0000000000,0,6958877.4525562814,40876.6305775795,1.0000000000
1,120.0000000000,0,6958877.4525562814,40876.6305775795,1.0000000000
1,120.0000000000,0,6958877.4525562814,40876.6305775795,1.0000000000
1,120.0000000000,0,6958877.4525562814,40876.6305775795,1.0000000000
1,120.0000000000,0,6958877.4525562814,40876.6305775795,1.0000000000
1,120.0000000000,0,6958877.4525562814,40876.6305775795,1.0000000000
1,120.0000000000,0,6958877.4525562814,40876.6305775795,1.0000000000
1,120.0000000000,0,6958877.4525562814,40876.6305775795,1.0000000000
1,120.0000000000,0,6958877.4525562814,40876.6305775795,1.0000000000
1,120.0000000000,0,6958877.4525562814,40876.6305775795,1.0000000000
1,120.0000000000,0,6958877.4525562814,40876.6305775795,1.0000000000
1,120.0000000000,0,6958877.4525562814,40876.6305775795,1.0000000000
1,120.0000000000,0,6958877.4525562814,40876.6305775795,1.0000000000
1,120.0000000000,0,6958877.4525562814,40876.6305775795,1.0000000000
1,120.0000000000,0,6958877.4525562814,40876.6305775795,1.0000000000
1,120.0000000000,0,6958877.4525562814,40876.6305775795,1.0000000000
1,120.0000000000,0,6958877.4525562814,40876.6305775795,1.0000000000
1,120.0000000000,0,6958877.4525562814,40876.6305775795,1.0000000000
1,120.0000000000,0,6958877.4525562814,40876.6305775795,1.0000000000
1,120.0000000000,0,6958877.4525562814,40876.6305775795,1.0000000000
1,120.0000000000,0,6958877.4525562814,40876.6305775795,1.0000000000
1,120.0000000000,0,6958877.4525562814,40876.6305775795,1.0000000000
1,120.0000000000,0,6958877.4525562814,40876.6305775795,1.0000000000
1,120.0000000000,0,6958877.4525562814,40876.6305775795,1.0000000000
1,120.0000000000,0,6958877.4525562814,40876.6305775795,1.0000000000
1,120.0000000000,0,6958877.4525562814,40876.6305775795,1.0000000000
1,120.0000000000,0,6958877.4525562814,40876.6305775795,1.0000000000
1,120.0000000000,0,6958877.4525562814,40876.6305775795,1.0000000000
1,120.0000000000,0,6958877.4525562814,40876.6305775795,1.0000000000
1,120.0000000000,0,6958877.4525562814,40876.6305775795,1.0000000000
1,120.0000000000,0,6958877.4525562814,40876.6305775795,1.0000000000
1,120.0000000000,0,6958877.4525562814,40876.6305775795,1.0000000000
1,120.0000000000,0,6958877.4525562814,40876.6305775795,1.0000000000
1,120.0000000000,0,6958877.4525562814,40876.6305775795,1.0000000000
1,120.0000000000,0,6958877.4525562814,40876.6305775795,1.0000000000
1,120.0000000000,0,6958877.4525562814,40876.6305775795,1.0000000000
1,120.0000000000,0,6958877.4525562814,40876.6305775795,1.0000000000
1,120.0000000000,0,6958877.4525562814,40876.6305775795,1.0000000000
1,120.0000000000,0,6958877.4525562814,40876.6305775795,1.0000000000
1,120.0000000000,0,6958877.4525562814,40876.6305775795,1.0000000000
1,120.0000000000,0,6958877.4525562814,40876.6305775795,1.0000000000
1,120.0000000000,0,6958877.4525562814,40876.6305775795,1.0000000000
1,120.0000000000,0,6958877.4525562814,40876.6305775795,1.0000000000
1,120.0000000000,0,6958877.4525562814,40876.6305775795,1.0000000000
1,120.0000000000,0,6958877.4525562814,40876.6305775795,1.0000000000
1,120.0000000000,0,6958877.4525562814,40876.6305775795,1.0000000000
1,120.0000000000,0,6958877.4525562814,40876.6305775795,1.0000000000
1,120.0000000000,0,6958877.4525562814,40876.6305775795,1.0000000000
1,120.0000000000,0,6958877.4525562814,40876.6305775795,1.0000000000
1,120.0000000000,0,6958877.4525562814,40876.6305775795,1.0000000000
1,120.0000000000,0,6958877.4525562814,40876.6305775795,1.0000000000
1,120.0000000000,0,6958877.4525562814,40876.6305775795,1.0000000000
1,120.0000000000,0,6958877.4525562814,40876.6305775795,1.0000000000
1,120.0000000000,0,6958877.4525562814,40876.6305775795,1.0000000000
1,120.0000000000,0,6958877.4525562814,40876.6305775795,1.0000000000
1,120.0000000000,0,6958877.4525562814,40876.6305775795,1.0000000000
1,120.0000000000,0,6958877.4525562814,40876.6305775795,1.0000000000
1,120.0000000000,0,6958877.4525562814,40876.6305775795,1.0000000000
1,120.0000000000,0,6958877.4525562814,40876.6305775795,1.0000000000
1,120.0000000000,0,6958877.4525562814,40876.6305775795,1.0000000000
1,120.0000000000,0,6958877.4525562814,40876.6305775795,1.0000000000
1,125.0000000000,0,6958881.9711261205,40883.8224583150,1.0000000000
1,125.0000000000,0,6958877.1642402038,40879.4092731266,1.0000000000
1,125.0000000000,0,6958875.7904055947,40877.9641966796,1.0000000000
1,125.0000000000,0,6958875.3700379273,40877.5232023177,1.0000000000
1,125.0000000000,0,6958875.2414960843,40877.3885457747,1.0000000000
1,125.0000000000,0,6958875.2022120869,40877.3474077116,1.0000000000
1,125.0000000000,0,6958875.1902079433,40877.3348384164,1.0000000000
1,125.0000000000,0,6958875.1865399461,40877.3309978598,1.0000000000
1,125.0000000000,0,6958875.1854191637,40877.3298243621,1.0000000000
1,125.0000000000,0,6958875.1850767015,40877.3294657939,1.0000000000
1,125.0000000000,0,6958875.1849720599,40877.3293562315,1.0000000000
1,125.0000000000,0,6958875.1849400857,40877.3293227541,1.0000000000
1,125.0000000000,0,6958875.1849303162,40877.3293125249,1.0000000000
1,125.0000000000,0,6958875.1849273313,40877.3293093993,1.0000000000
1,125.0000000000,0,6958875.1849264195,40877.3293084442,1.0000000000
1,125.0000000000,0,6958875.1849261411,40877.3293081524,1.0000000000
1,125.0000000000,0,6958875.1849260563,40877.3293080633,1.0000000000
1,125.0000000000,0,6958875.1849260302,40877.3293080360,1.0000000000
1,125.0000000000,0,6958875.1849260218,40877.3293080277,1.0000000000
1,125.0000000000,0,6958875.1849260191,40877.3293080251,1.0000000000
1,125.0000000000,0,6958875.1849260181,40877.3293080244,1.0000000000
1,125.0000000000,0,6958875.1849260181,40877.3293080241,1.0000000000
1,125.0000000000,0,6958875.1849260181,40877.3293080240,1.0000000000
1,125.0000000000,0,6958875.1849260181,40877.3293080240,1.0000000000
1,125.0000000000,0,6958875.1849260181,40877.3293080240,1.0000000000
1,125.0000000000,0,6958875.1849260181,40877.3293080240,1.0000000000
1,125.0000000000,0,6958875.1849260181,40877.3293080240,1.0000000000
1,125.0000000000,0,6958875.1849260181,40877.3293080240,1.0000000000
1,125.0000000000,0,6958875.1849260181,40877.3293080240,1.0000000000
1,125.0000000000,0,6958875.1849260181,40877.3293080240,1.0000000000
1,125.0000000000,0,6958875.1849260181,40877.3293080240,1.0000000000
1,125.0000000000,0,6958875.1849260181,40877.3293080240,1.0000000000
1,125.0000000000,0,6958875.1849260181,40877.3293080240,1.0000000000
1,125.0000000000,0,6958875.1849260181,40877.3293080240,1.0000000000
1,125.0000000000,0,6958875.1849260181,40877.3293080240,1.0000000000
1,125.0000000000,0,6958875.1849260181,40877.3293080240,1.0000000000
1,125.0000000000,0,6958875.1849260181,40877.3293080240,1.0000000000
1,125.0000000000,0,6958875.1849260181,40877.3293080240,1.0000000000
1,125.0000000000,0,6958875.1849260181,40877.3293080240,1.0000000000
1,125.0000000000,0,6958875.1849260181,40877.3293080240,1.0000000000
1,125.0000000000,0,6958875.1849260181,40877.3293080240,1.0000000000
1,125.0000000000,0,6958875.1849260181,40877.3293080240,1.0000000000
1,125.0000000000,0,6958875.1849260181,40877.3293080240,1.0000000000
1,125.0000000000,0,6958875.1849260181,40877.3293080240,1.0000000000
1,125.0000000000,0,6958875.1849260181,40877.3293080240,1.0000000000
1,125.0000000000,0,6958875.1849260181,40877.3293080240,1.0000000000
1,125.0000000000,0,6958875.1849260181,40877.3293080240,1.0000000000
1,125.0000000000,0,6958875.1849260181,40877.3293080240,1.0000000000
1,125.0000000000,0,6958875.1849260181,40877.3293080240,1.0000000000
1,125.0000000000,0,6958875.1849260181,40877.3293080240,1.0000000000
1,125.0000000000,0,6958875.1849260181,40877.3293080240,1.0000000000
1,125.0000000000,0,6958875.1849260181,40877.3293080240,1.0000000000
1,125.0000000000,0,6958875.1849260181,40877.3293080240,1.0000000000
1,125.0000000000,0,6958875.1849260181,40877.3293080240,1.0000000000
1,125.0000000000,0,6958875.1849260181,40877.3293080240,1.0000000000
1,125.0000000000,0,6958875.1849260181,40877.3293080240,1.0000000000
1,125.0000000000,0,6958875.1849260181,40877.3293080240,1.0000000000
1,125.0000000000,0,6958875.1849260181,40877.3293080240,1.0000000000
1,125.0000000000,0,6958875.1849260181,40877.3293080240,1.0000000000
1,125.0000000000,0,6958875.1849260181,40877.3293080240,1.0000000000
1,125.0000000000,0,6958875.1849260181,40877.3293080240,1.0000000000
1,125.0000000000,0,6958875.1849260181,40877.3293080240,1.0000000000
1,125.0000000000,0,6958875.1849260181,40877.3293080240,1.0000000000
1,125.0000000000,0,6958875.1849260181,40877.3293080240,1.0000000000
1,125.0000000000,0,6958875.1849260181,40877.3293080240,1.0000000000
1,125.0000000000,0,6958875.1849260181,40877.3293080240,1.0000000000
1,125.0000000000,0,6958875.1849260181,40877.3293080240,1.0000000000
1,125.0000000000,0,6958875.1849260181,40877.3293080240,1.0000000000
1,125.0000000000,0,6958875.1849260181,40877.3293080240,1.0000000000
1,125.0000000000,0,6958875.1849260181,40877.3293080240,1.0000000000
1,125.0000000000,0,6958875.1849260181,40877.3293080240,1.0000000000
1,125.0000000000,0,6958875.1849260181,40877.3293080240,1.0000000000
1,125.0000000000,0,6958875.1849260181,40877.3293080240,1.0000000000
1,125.0000000000,0,6958875.1849260181,40877.3293080240,1.0000000000
1,125.0000000000,0,6958875.1849260181,40877.3293080240,1.0000000000
1,125.0000000000,0,6958875.1849260181,40877.3293080240,1.0000000000
1,125.0000000000,0,6958875.1849260181,40877.3293080240,1.0000000000
1,125.0000000000,0,6958875.1849260181,40877.3293080240,1.0000000000
1,125.0000000000,0,6958875.1849260181,40877.3293080240,1.0000000000
1,125.0000000000,0,6958875.1849260181,40877.3293080240,1.0000000000
1,125.0000000000,0,6958875.1849260181,40877.3293080240,1.0000000000
1,125.0000000000,0,6958875.1849260181,40877.3293080240,1.0000000000
1,125.0000000000,0,6958875.1849260181,40877.3293080240,1.0000000000
1,125.0000000000,0,6958875.1849260181,40877.3293080240,1.0000000000
1,125.0000000000,0,6958875.1849260181,40877.3293080240,1.0000000000
1,125.0000000000,0,6958875.1849260181,40877.3293080240,1.0000000000
1,125.0000000000,0,6958875.1849260181,40877.3293080240,1.0000000000
1,125.0000000000,0,6958875.1849260181,40877.3293080240,1.0000000000
1,125.0000000000,0,6958875.1849260181,40877.3293080240,1.0000000000
1,125.0000000000,0,6958875.1849260181,40877.3293080240,1.0000000000
1,125.0000000000,0,6958875.1849260181,40877.3293080240,1.0000000000
1,125.0000000000,0,6958875.1849260181,40877.3293080240,1.0000000000
1,125.0000000000,0,6958875.1849260181,40877.3293080240,1.0000000000
1,125.0000000000,0,6958875.1849260181,40877.3293080240,1.0000000000
1,125.0000000000,0,6958875.1849260181,40877.3293080240,1.0000000000
1,125.0000000000,0,6958875.1849260181,40877.3293080240,1.0000000000
1,125.0000000000,0,6958875.1849260181,40877.3293080240,1.0000000000
1,125.0000000000,0,6958875.1849260181,40877.3293080240,1.0000000000
1,125.0000000000,0,6958875.1849260181,40877.3293080240,1.0000000000
1,125.0000000000,0,6958875.1849260181,40877.3293080240,1.0000000000
1,125.0000000000,0,6958875.1849260181,40877.3293080240,1.0000000000
1,125.0000000000,0,6958875.1849260181,40877.3293080240,1.0000000000
1,125.0000000000,0,6958875.1849260181,40877.3293080240,1.0000000000
1,125.0000000000,0,6958875.1849260181,40877.3293080240,1.0000000000
1,125.0000000000,0,6958875.1849260181,40877.3293080240,1.0000000000
1,125.0000000000,0,6958875.1849260181,40877.3293080240,1.0000000000
1,125.0000000000,0,6958875.1849260181,40877.3293080240,1.0000000000
1,125.0000000000,0,6958875.1849260181,40877.3293080240,1.0000000000
1,125.0000000000,0,6958875.1849260181,40877.3293080240,1.0000000000
1,125.0000000000,0,6958875.1849260181,40877.3293080240,1.0000000000
1,125.0000000000,0,6958875.1849260181,40877.3293080240,1.0000000000
1,125.0000000000,0,6958875.1849260181,40877.3293080240,1.0000000000
1,125.0000000000,0,6958875.1849260181,40877.3293080240,1.0000000000
1,125.0000000000,0,6958875.1849260181,40877.3293080240,1.0000000000
1,125.0000000000,0,6958875.1849260181,40877.3293080240,1.0000000000
1,125.0000000000,0,6958875.1849260181,40877.3293080240,1.0000000000
1,125.0000000000,0,6958875.1849260181,40877.3293080240,1.0000000000
1,125.0000000000,0,6958875.1849260181,40877.3293080240,1.0000000000
1,125.0000000000,0,6958875.1849260181,40877.3293080240,1.0000000000
1,125.0000000000,0,6958875.1849260181,40877.3293080240,1.0000000000
1,130.0000000000,0,6958854.0755764265,40857.7793670996,1.0000000000
1,130.0000000000,0,6958849.2136798687,40852.8972413170,1.0000000000
1,130.0000000000,0,6958844.5552329216,40847.8206221337,1.0000000000
1,130.0000000000,0,6958839.8775911015,40842.7616837774,1.0000000000
1,130.0000000000,0,6958835.1770619033,40837.7240041975,1.0000000000
1,130.0000000000,0,6958830.4562124331,40832.7053618939,1.0000000000
1,130.0000000000,0,6958825.7174690310,40827.7036120736,1.0000000000
1,130.0000000000,0,6958820.9629684621,40822.7168381032,1.0000000000
1,130.0000000000,0,6958816.1945888503,40817.7433336873,1.0000000000
1,130.0000000000,0,6958811.4139814870,40812.7815816243,1.0000000000
1,130.0000000000,0,6958806.6225987626,40807.8302341431,1.0000000000
1,130.0000000000,0,6958801.8217185792,40802.8880949548,1.0000000000
1,130.0000000000,0,6958797.0124656949,40797.9541029618,1.0000000000
1,130.0000000000,0,6958792.1958303880,40793.0273175373,1.0000000000
1,130.0000000000,0,6958787.3726847926,40788.1069052717,1.0000000000
1,130.0000000000,0,6958782.5437971987,40783.1921280739,1.0000000000
1,130.0000000000,0,6958777.7098445846,40778.2823325162,1.0000000000
1,130.0000000000,0,6958772.8714236012,40773.3769403116,1.0000000000
1,130.0000000000,0,6958768.0290602110,40768.4754398174,1.0000000000
1,130.0000000000,0,6958763.1832181485,40763.5773784661,1.0000000000
1,130.0000000000,0,6958758.3343063490,40758.6823560293,1.0000000000
1,130.0000000000,0,6958753.4826854775,40753.7900186312,1.0000000000
1,130.0000000000,0,6958748.6286736699,40748.9000534303,1.0000000000
1,130.0000000000,0,6958743.7725515794,40744.0121839009,1.0000000000
1,130.0000000000,0,6958738.9145668205,40739.1261656472,1.0000000000
1,130.0000000000,0,6958734.0549378777,40734.2417826940,1.0000000000
1,130.0000000000,0,6958729.1938575497,40729.3588441995,1.0000000000
1,130.0000000000,0,6958724.3314959817,40724.4771815443,1.0000000000
1,130.0000000000,0,6958719.4680033363,40719.5966457553,1.0000000000
1,130.0000000000,0,6958714.6035121502,40714.7171052246,1.0000000000
1,130.0000000000,0,6958709.7381394058,40709.8384436918,1.0000000000
1,130.0000000000,0,6958704.8719883645,40704.9605584598,1.0000000000
1,130.0000000000,0,6958700.0051501784,40700.0833588162,1.0000000000
1,130.0000000000,0,6958695.1377053140,40695.2067646374,1.0000000000
1,130.0000000000,0,6958690.2697248058,40690.3307051557,1.0000000000
1,130.0000000000,0,6958685.4012713665,40685.4551178680,1.0000000000
1,130.0000000000,0,6958680.5324003594,40680.5799475725,1.0000000000
1,130.0000000000,0,6958675.6631606640,40675.7051455168,1.0000000000
1,130.0000000000,0,6958670.7935954351,40670.8306686452,1.0000000000
1,130.0000000000,0,6958665.9237427730,40665.9564789339,1.0000000000
1,130.0000000000,0,6958661.0536363171,40661.0825428032,1.0000000000
1,130.0000000000,0,6958656.1833057692,40656.2088305988,1.0000000000
1,130.0000000000,0,6958651.3127773535,40651.3353161330,1.0000000000
1,130.0000000000,0,6958646.4420742244,40646.4619762798,1.0000000000
1,130.0000000000,0,6958641.5712168263,40641.5887906172,1.0000000000
1,130.0000000000,0,6958636.7002232103,40636.7157411111,1.0000000000
1,130.0000000000,0,6958631.8291093158,40631.8428118363,1.0000000000
1,130.0000000000,0,6958626.9578892151,40626.9699887299,1.0000000000
1,130.0000000000,0,6958622.0865753349,40622.0972593736,1.0000000000
1,130.0000000000,0,6958617.2151786480,40617.2246128014,1.0000000000
1,130.0000000000,0,6958612.3437088430,40612.3520393300,1.0000000000
1,130.0000000000,0,6958607.4721744740,40607.4795304084,1.0000000000
1,130.0000000000,0,6958602.6005830960,40602.6070784860,1.0000000000
1,130.0000000000,0,6958597.7289413773,40597.7346768951,1.0000000000
1,130.0000000000,0,6958592.8572552083,40592.8623197483,1.0000000000
1,130.0000000000,0,6958587.9855297897,40587.9900018464,1.0000000000
1,130.0000000000,0,6958583.1137697129,40583.1177185986,1.0000000000
1,130.0000000000,0,6958578.2419790328,40578.2454659511,1.0000000000
1,130.0000000000,0,6958573.3701613294,40573.3732403243,1.0000000000
1,130.0000000000,0,6958568.4983197646,40568.5010385572,1.0000000000
1,130.0000000000,0,6958563.6264571296,40563.6288578587,1.0000000000
1,130.0000000000,0,6958558.7545758896,40558.7566957641,1.0000000000
1,130.0000000000,0,6958553.8826782210,40553.8845500971,1.0000000000
1,130.0000000000,0,6958549.0107660461,40549.0124189359,1.0000000000
1,130.0000000000,0,6958544.1388410619,40544.1403005836,1.0000000000
1,130.0000000000,0,6958539.2669047667,40539.2681935417,1.0000000000
1,130.0000000000,0,6958534.3949584831,40534.3960964872,1.0000000000
1,130.0000000000,0,6958529.5230033807,40529.5240082516,1.0000000000
1,130.0000000000,0,6958524.6510404907,40524.6519278033,1.0000000000
1,130.0000000000,0,6958519.7790707247,40519.7798542313,1.0000000000
1,130.0000000000,0,6958514.9070948865,40514.9077867311,1.0000000000
1,130.0000000000,0,6958510.0351136867,40510.0357245924,1.0000000000
1,130.0000000000,0,6958505.1631277520,40505.1636671881,1.0000000000
1,130.0000000000,0,6958500.2911376376,40500.2916139642,1.0000000000
1,130.0000000000,0,6958495.4191438314,40495.4195644317,1.0000000000
1,130.0000000000,0,6958490.5471467655,40490.5475181588,1.0000000000
1,130.0000000000,0,6958485.6751468210,40485.6754747642,1.0000000000
1,130.0000000000,0,6958480.8031443348,40480.8034339111,1.0000000000
1,130.0000000000,0,6958475.9311396051,40475.9313953022,1.0000000000
1,130.0000000000,0,6958471.0591328936,40471.0593586750,1.0000000000
1,130.0000000000,0,6958466.1871244321,40466.1873237976,1.0000000000
1,130.0000000000,0,6958461.3151144255,40461.3152904654,1.0000000000
1,130.0000000000,0,6958456.4431030545,40456.4432584975,1.0000000000
1,130.0000000000,0,6958451.5710904785,40451.5712277344,1.0000000000
1,130.0000000000,0,6958446.6990768388,40446.6991980352,1.0000000000
1,130.0000000000,0,6958441.8270622594,40441.8271692753,1.0000000000
1,130.0000000000,0,6958436.9550468512,40436.9551413449,1.0000000000
1,130.0000000000,0,6958432.0830307100,40432.0831141469,1.0000000000
1,130.0000000000,0,6958427.2110139225,40427.2110875957,1.0000000000
1,130.0000000000,0,6958422.3389965640,40422.3390616155,1.0000000000
1,130.0000000000,0,6958417.4669787008,40417.4670361397,1.0000000000
1,130.0000000000,0,6958412.5949603925,40412.5950111092,1.0000000000
1,130.0000000000,0,6958407.7229416911,40407.7229864719,1.0000000000
1,130.0000000000,0,6958402.8509226423,40402.8509621817,1.0000000000
1,130.0000000000,0,6958397.9789032871,40397.9789381982,1.0000000000
1,130.0000000000,0,6958393.1068836609,40393.1069144854,1.0000000000
1,130.0000000000,0,6958388.2348637963,40388.2348910116,1.0000000000
1,130.0000000000,0,6958383.3628437202,40383.3628677489,1.0000000000
1,130.0000000000,0,6958378.4908234579,40378.4908446726,1.0000000000
1,130.0000000000,0,6958373.6188030308,40373.6188217609,1.0000000000
1,130.0000000000,0,6958368.7467824584,40368.7467989946,1.0000000000
1,130.0000000000,0,6958363.8747617574,40363.8747763566,1.0000000000
1,130.0000000000,0,6958359.0027409429,40359.0027538319,1.0000000000
1,130.0000000000,0,6958354.1307200287,40354.1307314072,1.0000000000
1,130.0000000000,0,6958349.2586990260,40349.2587090709,1.0000000000
1,130.0000000000,0,6958344.3866779450,40344.3866868126,1.0000000000
1,130.0000000000,0,6958339.5146567952,40339.5146646232,1.0000000000
1,130.0000000000,0,6958334.6426355848,40334.6426424945,1.0000000000
1,130.0000000000,0,6958329.7706143213,40329.7706204196,1.0000000000
1,130.0000000000,0,6958324.8985930104,40324.8985983921,1.0000000000
1,130.0000000000,0,6958320.0265716575,40320.0265764065,1.0000000000
1,130.0000000000,0,6958315.1545502674,40315.1545544580,1.0000000000
1,130.0000000000,0,6958310.2825288447,40310.2825325421,1.0000000000
1,130.0000000000,0,6958305.4105073931,40305.4105106550,1.0000000000
1,130.0000000000,0,6958300.5384859154,40300.5384887934,1.0000000000
1,130.0000000000,0,6958295.6664644154,40295.6664669544,1.0000000000
1,130.0000000000,0,6958290.7944428958,40290.7944451351,1.0000000000
1,130.0000000000,0,6958285.9224213585,40285.9224233334,1.0000000000
1,130.0000000000,0,6958281.0503998064,40281.0504015471,1.0000000000
1,130.0000000000,0,6958276.1783782402,40276.1783797745,1.0000000000
1,135.0000000000,0,6958830.3304895740,40831.3550782264,1.0000000000
1,135.0000000000,0,6958825.5818209015,40826.3684087353,1.0000000000
1,135.0000000000,0,6958820.7606765125,40821.4517743623,1.0000000000
1,135.0000000000,0,6958815.9321694067,40816.5423705387,1.0000000000
1,135.0000000000,0,6958811.0988453999,40811.6377088972,1.0000000000
1,135.0000000000,0,6958806.2613215055,40806.7371896039,1.0000000000
1,135.0000000000,0,6958801.4200930810,40801.8403299862,1.0000000000
1,135.0000000000,0,6958796.5755954962,40796.9467045483,1.0000000000
1,135.0000000000,0,6958791.7282126937,40792.0559370482,1.0000000000
1,135.0000000000,0,6958786.8782833479,40787.1676948166,1.0000000000
1,135.0000000000,0,6958782.0261062402,40782.2816837551,1.0000000000
1,135.0000000000,0,6958777.1719449898,40777.3976438978,1.0000000000
1,135.0000000000,0,6958772.3160322122,40772.5153454767,1.0000000000
1,135.0000000000,0,6958767.4585731858,40767.6345854349,1.0000000000
1,135.0000000000,0,6958762.5997490790,40762.7551843369,1.0000000000
1,135.0000000000,0,6958757.7397197913,40757.8769836335,1.0000000000
1,135.0000000000,0,6958752.8786264621,40752.9998432399,1.0000000000
1,135.0000000000,0,6958748.0165936751,40748.1236393931,1.0000000000
1,135.0000000000,0,6958743.1537314085,40743.2482627558,1.0000000000
1,135.0000000000,0,6958738.2901367508,40738.3736167395,1.0000000000
1,135.0000000000,0,6958733.4258954143,40733.4996160216,1.0000000000
1,135.0000000000,0,6958728.5610830709,40728.6261852339,1.0000000000
1,135.0000000000,0,6958723.6957665309,40723.7532578035,1.0000000000
1,135.0000000000,0,6958718.8300047815,40718.8807749280,1.0000000000
1,135.0000000000,0,6958713.9638499040,40714.0086846698,1.0000000000
1,135.0000000000,0,6958709.0973478844,40709.1369411558,1.0000000000
1,135.0000000000,0,6958704.2305393266,40704.2655038697,1.0000000000
1,135.0000000000,0,6958699.3634600826,40699.3943370275,1.0000000000
1,135.0000000000,0,6958694.4961418100,40694.5234090249,1.0000000000
1,135.0000000000,0,6958689.6286124624,40689.6526919499,1.0000000000
1,135.0000000000,0,6958684.7608967237,40684.7821611510,1.0000000000
1,135.0000000000,0,6958679.8930163905,40679.9117948572,1.0000000000
1,135.0000000000,0,6958675.0249907095,40675.0415738415,1.0000000000
1,135.0000000000,0,6958670.1568366764,40670.1714811233,1.0000000000
1,135.0000000000,0,6958665.2885692995,40665.3015017068,1.0000000000
1,135.0000000000,0,6958660.4202018306,40660.4316223482,1.0000000000
1,135.0000000000,0,6958655.5517459735,40655.5618313519,1.0000000000
1,135.0000000000,0,6958650.6832120633,40650.6921183891,1.0000000000
1,135.0000000000,0,6958645.8146092258,40645.8224743380,1.0000000000
1,135.0000000000,0,6958640.9459455200,40640.9528911433,1.0000000000
1,135.0000000000,0,6958636.0772280619,40636.0833616911,1.0000000000
1,135.0000000000,0,6958631.2084631361,40631.2138796990,1.0000000000
1,135.0000000000,0,6958626.3396562925,40626.3444396190,1.0000000000
1,135.0000000000,0,6958621.4708124315,40621.4750365516,1.0000000000
1,135.0000000000,0,6958616.6019358812,40616.6056661699,1.0000000000
1,135.0000000000,0,6958611.7330304636,40611.7363246531,1.0000000000
1,135.0000000000,0,6958606.8640995529,40606.8670086266,1.0000000000
1,135.0000000000,0,6958601.9951461302,40601.9977151107,1.0000000000
1,135.0000000000,0,6958597.1261728276,40597.1284414737,1.0000000000
1,135.0000000000,0,6958592.2571819685,40592.2591853918,1.0000000000
1,135.0000000000,0,6958587.3881756058,40587.3899448127,1.0000000000
1,135.0000000000,0,6958582.5191555526,40582.5207179241,1.0000000000
1,135.0000000000,0,6958577.6501234090,40577.6515031254,1.0000000000
1,135.0000000000,0,6958572.7810805878,40572.7822990033,1.0000000000
1,135.0000000000,0,6958567.9120283378,40567.9131043097,1.0000000000
1,135.0000000000,0,6958563.0429677619,40563.0439179423,1.0000000000
1,135.0000000000,0,6958558.1738998322,40558.1747389278,1.0000000000
1,135.0000000000,0,6958553.3048254093,40553.3055664065,1.0000000000
1,135.0000000000,0,6958548.4357452523,40548.4363996193,1.0000000000
1,135.0000000000,0,6958543.5666600317,40543.5672378959,1.0000000000
1,135.0000000000,0,6958538.6975703388,40538.6980806443,1.0000000000
1,135.0000000000,0,6958533.8284766972,40533.8289273418,1.0000000000
1,135.0000000000,0,6958528.9593795678,40528.9597775266,1.0000000000
1,135.0000000000,0,6958524.0902793594,40524.0906307910,1.0000000000
1,135.0000000000,0,6958519.2211764306,40519.2214867751,1.0000000000
1,135.0000000000,0,6958514.3520711008,40514.3523451609,1.0000000000
1,135.0000000000,0,6958509.4829636496,40509.4832056676,1.0000000000
1,135.0000000000,0,6958504.6138543254,40504.6140680473,1.0000000000
1,135.0000000000,0,6958499.7447433472,40499.7449320810,1.0000000000
1,135.0000000000,0,6958494.8756309086,40494.8757975754,1.0000000000
1,135.0000000000,0,6958490.0065171802,40490.0066643596,1.0000000000
1,135.0000000000,0,6958485.1374023128,40485.1375322829,1.0000000000
1,135.0000000000,0,6958480.2682864396,40480.2684012121,1.0000000000
1,135.0000000000,0,6958475.3991696779,40475.3992710297,1.0000000000
1,135.0000000000,0,6958470.5300521310,40470.5301416318,1.0000000000
1,135.0000000000,0,6958465.6609338922,40465.6610129266,1.0000000000
1,135.0000000000,0,6958460.7918150416,40460.7918848332,1.0000000000
1,135.0000000000,0,6958455.9226956507,40455.9227572801,1.0000000000
1,135.0000000000,0,6958451.0535757821,40451.0536302041,1.0000000000
1,135.0000000000,0,6958446.1844554925,40446.1845035494,1.0000000000
1,135.0000000000,0,6958441.3153348304,40441.3153772668,1.0000000000
1,135.0000000000,0,6958436.4462138405,40436.4462513127,1.0000000000
1,135.0000000000,0,6958431.5770925600,40431.5771256488,1.0000000000
1,135.0000000000,0,6958426.7079710234,40426.7080002411,1.0000000000
1,135.0000000000,0,6958421.8388492605,40421.8388750596,1.0000000000
1,135.0000000000,0,6958416.9697272973,40416.9697500780,1.0000000000
1,135.0000000000,0,6958412.1006051581,40412.1006252729,1.0000000000
1,135.0000000000,0,6958407.2314828634,40407.2315006236,1.0000000000
1,135.0000000000,0,6958402.3623604309,40402.3623761119,1.0000000000
1,135.0000000000,0,6958397.4932378763,40397.4932517217,1.0000000000
1,135.0000000000,0,6958392.6241152147,40392.6241274389,1.0000000000
1,135.0000000000,0,6958387.7549924580,40387.7550032508,1.0000000000
1,135.0000000000,0,6958382.8858696176,40382.8858791464,1.0000000000
1,135.0000000000,0,6958378.0167467035,40378.0167551159,1.0000000000
1,135.0000000000,0,6958373.1476237243,40373.1476311506,1.0000000000
1,135.0000000000,0,6958368.2785006873,40368.2785072430,1.0000000000
1,135.0000000000,0,6958363.4093776001,40363.4093833862,1.0000000000
1,135.0000000000,0,6958358.5402544672,40358.5402595745,1.0000000000
1,135.0000000000,0,6958353.6711312952,40353.6711358024,1.0000000000
1,135.0000000000,0,6958348.8020080877,40348.8020120654,1.0000000000
1,135.0000000000,0,6958343.9328848496,40343.9328883593,1.0000000000
1,135.0000000000,0,6958339.0637615835,40339.0637646806,1.0000000000
1,135.0000000000,0,6958334.1946382932,40334.1946410260,1.0000000000
1,135.0000000000,0,6958329.3255149825,40329.3255173928,1.0000000000
1,135.0000000000,0,6958324.4563916521,40324.4563937783,1.0000000000
1,135.0000000000,0,6958319.5872683059,40319.5872701805,1.0000000000
1,135.0000000000,0,6958314.7181449449,40314.7181465974,1.0000000000
1,135.0000000000,0,6958309.8490215708,40309.8490230272,1.0000000000
1,135.0000000000,0,6958304.9798981855,40304.9798994685,1.0000000000
1,135.0000000000,0,6958300.1107747899,40300.1107759200,1.0000000000
1,135.0000000000,0,6958295.2416513851,40295.2416523803,1.0000000000
1,135.0000000000,0,6958290.3725279728,40290.3725288486,1.0000000000
1,135.0000000000,0,6958285.5034045530,40285.5034053239,1.0000000000
1,135.0000000000,0,6958280.6342811268,40280.6342818053,1.0000000000
1,135.0000000000,0,6958275.7651576959,40275.7651582921,1.0000000000
1,135.0000000000,0,6958270.8960342603,40270.8960347837,1.0000000000
1,135.0000000000,0,6958266.0269108200,40266.0269112795,1.0000000000
1,135.0000000000,0,6958261.1577873761,40261.1577877791,1.0000000000
1,135.0000000000,0,6958256.2886639284,40256.2886642820,1.0000000000
1,135.0000000000,0,6958251.4195404779,40251.4195407878,1.0000000000
1,140.0000000000,0,6958803.6384281004,40808.8277282051,1.0000000000
1,140.0000000000,0,6958798.2237221794,40804.0211297167,1.0000000000
1,140.0000000000,0,6958793.4503101604,40798.5771452441,1.0000000000
1,140.0000000000,0,6958788.6561968541,40793.1513819935,1.0000000000
1,140.0000000000,0,6958783.8217887515,40787.7614907574,1.0000000000
1,140.0000000000,0,6958778.9514395660,40782.4040540516,1.0000000000
1,140.0000000000,0,6958774.0497049419,40777.0753180931,1.0000000000
1,140.0000000000,0,6958769.1205784697,40771.7719096168,1.0000000000
1,140.0000000000,0,6958764.1675387211,40766.4908276734,1.0000000000
1,140.0000000000,0,6958759.1936158231,40761.2294095904,1.0000000000
1,140.0000000000,0,6958754.2014502548,40755.9852974461,1.0000000000
1,140.0000000000,0,6958749.1933439076,40750.7564065451,1.0000000000
1,140.0000000000,0,6958744.1713043489,40745.5408962239,1.0000000000
1,140.0000000000,0,6958739.1370831858,40740.3371431043,1.0000000000
1,140.0000000000,0,6958734.0922093159,40735.1437167903,1.0000000000
1,140.0000000000,0,6958729.0380177470,40729.9593579264,1.0000000000
1,140.0000000000,0,6958723.9756746003,40724.7829584913,1.0000000000
1,140.0000000000,0,6958718.9061988089,40719.6135441680,1.0000000000
1,140.0000000000,0,6958713.8304809621,40714.4502586268,1.0000000000
1,140.0000000000,0,6958708.7492996817,40709.2923495506,1.0000000000
1,140.0000000000,0,6958703.6633358691,40704.1391562362,1.0000000000
1,140.0000000000,0,6958698.5731850984,40698.9900986160,1.0000000000
1,140.0000000000,0,6958693.4793684157,40693.8446675508,1.0000000000
1,140.0000000000,0,6958688.3823417444,40688.7024162585,1.0000000000
1,140.0000000000,0,6958683.2825040873,40683.5629527540,1.0000000000
1,140.0000000000,0,6958678.1802046830,40678.4259331871,1.0000000000
1,140.0000000000,0,6958673.0757492501,40673.2910559755,1.0000000000
1,140.0000000000,0,6958667.9694054406,40668.1580566436,1.0000000000
1,140.0000000000,0,6958662.8614076022,40663.0267032820,1.0000000000
1,140.0000000000,0,6958657.7519609397,40657.8967925573,1.0000000000
1,140.0000000000,0,6958652.6412451537,40652.7681462063,1.0000000000
1,140.0000000000,0,6958647.5294176200,40647.6406079558,1.0000000000
1,140.0000000000,0,6958642.4166161735,40642.5140408192,1.0000000000
1,140.0000000000,0,6958637.3029615367,40637.3883247226,1.0000000000
1,140.0000000000,0,6958632.1885594539,40632.2633544221,1.0000000000
1,140.0000000000,0,6958627.0735025508,40627.1390376758,1.0000000000
1,140.0000000000,0,6958621.9578719633,40622.0152936408,1.0000000000
1,140.0000000000,0,6958616.8417387679,40616.8920514668,1.0000000000
1,140.0000000000,0,6958611.7251652302,40611.7692490624,1.0000000000
1,140.0000000000,0,6958606.6082058959,40606.6468320141,1.0000000000
1,140.0000000000,0,6958601.4909085520,40601.5247526375,1.0000000000
1,140.0000000000,0,6958596.3733150633,40596.4029691462,1.0000000000
1,140.0000000000,0,6958591.2554621082,40591.2814449228,1.0000000000
1,140.0000000000,0,6958586.1373818191,40586.1601478800,1.0000000000
1,140.0000000000,0,6958581.0191023499,40581.0390499004,1.0000000000
1,140.0000000000,0,6958575.9006483657,40575.9181263458,1.0000000000
1,140.0000000000,0,6958570.7820414761,40570.7973556268,1.0000000000
1,140.0000000000,0,6958565.6633006157,40565.6767188255,1.0000000000
1,140.0000000000,0,6958560.5444423733,40560.5561993655,1.0000000000
1,140.0000000000,0,6958555.4254812840,40555.4357827218,1.0000000000
1,140.0000000000,0,6958550.3064300818,40550.3154561670,1.0000000000
1,140.0000000000,0,6958545.1872999240,40545.1952085492,1.0000000000
1,140.0000000000,0,6958540.0681005865,40540.0750300969,1.0000000000
1,140.0000000000,0,6958534.9488406349,40534.9549122478,1.0000000000
1,140.0000000000,0,6958529.8295275737,40529.8348474997,1.0000000000
1,140.0000000000,0,6958524.7101679789,40524.7148292789,1.0000000000
1,140.0000000000,0,6958519.5907676117,40519.5948518257,1.0000000000
1,140.0000000000,0,6958514.4713315200,40514.4749100930,1.0000000000
1,140.0000000000,0,6958509.3518641265,40509.3549996589,1.0000000000
1,140.0000000000,0,6958504.2323693074,40504.2351166485,1.0000000000
1,140.0000000000,0,6958499.1128504574,40499.1152576669,1.0000000000
1,140.0000000000,0,6958493.9933105521,40493.9954197394,1.0000000000
1,140.0000000000,0,6958488.8737521982,40488.8756002593,1.0000000000
1,140.0000000000,0,6958483.7541776802,40483.7557969430,1.0000000000
1,140.0000000000,0,6958478.6345889987,40478.6360077893,1.0000000000
1,140.0000000000,0,6958473.5149879074,40473.5162310450,1.0000000000
1,140.0000000000,0,6958468.3953759428,40468.3964651736,1.0000000000
1,140.0000000000,0,6958463.2757544508,40463.2767088292,1.0000000000
1,140.0000000000,0,6958458.1561246114,40458.1569608323,1.0000000000
1,140.0000000000,0,6958453.0364874583,40453.0372201494,1.0000000000
1,140.0000000000,0,6958447.9168438958,40447.9174858750,1.0000000000
1,140.0000000000,0,6958442.7971947184,40442.7977572159,1.0000000000
1,140.0000000000,0,6958437.6775406208,40437.6780334767,1.0000000000
1,140.0000000000,0,6958432.5578822121,40432.5583140485,1.0000000000
1,140.0000000000,0,6958427.4382200269,40427.4385983974,1.0000000000
1,140.0000000000,0,6958422.3185545318,40422.3188860559,1.0000000000
1,140.0000000000,0,6958417.1988861365,40417.1991766142,1.0000000000
1,140.0000000000,0,6958412.0792152006,40412.0794697134,1.0000000000
1,140.0000000000,0,6958406.9595420379,40406.9597650389,1.0000000000
1,140.0000000000,0,6958401.8398669250,40401.8400623150,1.0000000000
1,140.0000000000,0,6958396.7201901032,40396.7203613002,1.0000000000
1,140.0000000000,0,6958391.6005117837,40391.6006617830,1.0000000000
1,140.0000000000,0,6958386.4808321521,40386.4809635780,1.0000000000
1,140.0000000000,0,6958381.3611513702,40381.3612665227,1.0000000000
1,140.0000000000,0,6958376.2414695816,40376.2415704748,1.0000000000
1,140.0000000000,0,6958371.1217869101,40371.1218753095,1.0000000000
1,140.0000000000,0,6958366.0021034656,40366.0021809176,1.0000000000
1,140.0000000000,0,6958360.8824193431,40360.8824872034,1.0000000000
1,140.0000000000,0,6958355.7627346264,40355.7627940829,1.0000000000
1,140.0000000000,0,6958350.6430493901,40350.6431014826,1.0000000000
1,140.0000000000,0,6958345.5233636973,40345.5234093382,1.0000000000
1,140.0000000000,0,6958340.4036776051,40340.4037175931,1.0000000000
1,140.0000000000,0,6958335.2839911636,40335.2840261980,1.0000000000
1,140.0000000000,0,6958330.1643044157,40330.1643351095,1.0000000000
1,140.0000000000,0,6958325.0446173986,40325.0446442896,1.0000000000
1,140.0000000000,0,6958319.9249301460,40319.9249537052,1.0000000000
1,140.0000000000,0,6958314.8052426875,40314.8052633270,1.0000000000
1,140.0000000000,0,6958309.6855550483,40309.6855731296,1.0000000000
1,140.0000000000,0,6958304.5658672508,40304.5658830905,1.0000000000
1,140.0000000000,0,6958299.4461793145,40299.4461931901,1.0000000000
1,140.0000000000,0,6958294.3264912562,40294.3265034114,1.0000000000
1,140.0000000000,0,6958289.2068030918,40289.2068137391,1.0000000000
1,140.0000000000,0,6958284.0871148342,40284.0871241602,1.0000000000
1,140.0000000000,0,6958278.9674264947,40278.9674346631,1.0000000000
1,140.0000000000,0,6958273.8477380835,40273.8477452376,1.0000000000
1,140.0000000000,0,6958268.7280496089,40268.7280558749,1.0000000000
1,140.0000000000,0,6958263.6083610794,40263.6083665672,1.0000000000
1,140.0000000000,0,6958258.4886725023,40258.4886773077,1.0000000000
1,140.0000000000,0,6958253.3689838825,40253.3689880904,1.0000000000
1,140.0000000000,0,6958248.2492952263,40248.2492989101,1.0000000000
1,140.0000000000,0,6958243.1296065375,40243.1296097622,1.0000000000
1,140.0000000000,0,6958238.0099178199,40238.0099206427,1.0000000000
1,140.0000000000,0,6958232.8902290780,40232.8902315482,1.0000000000
1,140.0000000000,0,6958227.7705403138,40227.7705424754,1.0000000000
1,140.0000000000,0,6958222.6508515310,40222.6508534218,1.0000000000
1,140.0000000000,0,6958217.5311627313,40217.5311643849,1.0000000000
1,140.0000000000,0,6958212.4114739168,40212.4114753627,1.0000000000
1,140.0000000000,0,6958207.2917850893,40207.2917863533,1.0000000000
1,140.0000000000,0,6958202.1720962506,40202.1720973553,1.0000000000
1,140.0000000000,0,6958197.0524074016,40197.0524083670,1.0000000000
1,145.0000000000,0,6958779.0393047975,40787.1399578771,1.0000000000
1,145.0000000000,0,6958773.8730067806,40782.5654942674,1.0000000000
1,145.0000000000,0,6958769.5018126750,40777.2261109135,1.0000000000
1,145.0000000000,0,6958765.0929177003,40771.9178157431,1.0000000000
1,145.0000000000,0,6958760.6281481599,40766.6564294747,1.0000000000
1,145.0000000000,0,6958756.1136436919,40761.4376554882,1.0000000000
1,145.0000000000,0,6958751.5554211643,40756.2570223318,1.0000000000
1,145.0000000000,0,6958746.9587806584,40751.1104459385,1.0000000000
1,145.0000000000,0,6958742.3283735784,40745.9942283134,1.0000000000
1,145.0000000000,0,6958737.6682808623,40740.9050350185,1.0000000000
1,145.0000000000,0,6958732.9820830254,40735.8398694392,1.0000000000
1,145.0000000000,0,6958728.2729220595,40730.7960459384,1.0000000000
1,145.0000000000,0,6958723.5435558828,40725.7711630464,1.0000000000
1,145.0000000000,0,6958718.7964060884,40720.7630774498,1.0000000000
1,145.0000000000,0,6958714.0335997362,40715.7698792600,1.0000000000
1,145.0000000000,0,6958709.2570058852,40710.7898688493,1.0000000000
1,145.0000000000,0,6958704.4682675144,40705.8215353937,1.0000000000
1,145.0000000000,0,6958699.6688294075,40700.8635371718,1.0000000000
1,145.0000000000,0,6958694.8599625146,40695.9146835955,1.0000000000
1,145.0000000000,0,6958690.0427852450,40690.9739189110,1.0000000000
1,145.0000000000,0,6958685.2182820849,40686.0403074781,1.0000000000
1,145.0000000000,0,6958680.3873198861,40681.1130205221,1.0000000000
1,145.0000000000,0,6958675.5506621273,40676.1913242458,1.0000000000
1,145.0000000000,0,6958670.7089814050,40671.2745691880,1.0000000000
1,145.0000000000,0,6958665.8628703859,40666.3621807161,1.0000000000
1,145.0000000000,0,6958661.0128514078,40661.4536505468,1.0000000000
1,145.0000000000,0,6958656.1593849109,40656.5485291948,1.0000000000
1,145.0000000000,0,6958651.3028768403,40651.6464192543,1.0000000000
1,145.0000000000,0,6958646.4436851451,40646.7469694299,1.0000000000
1,145.0000000000,0,6958641.5821254980,40641.8498692364,1.0000000000
1,145.0000000000,0,6958636.7184763178,40636.9548442960,1.0000000000
1,145.0000000000,0,6958631.8529831953,40632.0616521691,1.0000000000
1,145.0000000000,0,6958626.9858627822,40627.1700786596,1.0000000000
1,145.0000000000,0,6958622.1173062176,40622.2799345424,1.0000000000
1,145.0000000000,0,6958617.2474821433,40617.3910526661,1.0000000000
1,145.0000000000,0,6958612.3765393645,40612.5032853887,1.0000000000
1,145.0000000000,0,6958607.5046091881,40607.6165023087,1.0000000000
1,145.0000000000,0,6958602.6318074884,40602.7305882584,1.0000000000
1,145.0000000000,0,6958597.7582365237,40597.8454415292,1.0000000000
1,145.0000000000,0,6958592.8839865420,40592.9609723027,1.0000000000
1,145.0000000000,0,6958588.0091371918,40588.0771012636,1.0000000000
1,145.0000000000,0,6958583.1337587722,40583.1937583738,1.0000000000
1,145.0000000000,0,6958578.2579133306,40578.3108817891,1.0000000000
1,145.0000000000,0,6958573.3816556325,40573.4284169021,1.0000000000
1,145.0000000000,0,6958568.5050340174,40568.5463154964,1.0000000000
1,145.0000000000,0,6958563.6280911537,40563.6645349995,1.0000000000
1,145.0000000000,0,6958558.7508647051,40558.7830378229,1.0000000000
1,145.0000000000,0,6958553.8733879179,40553.9017907789,1.0000000000
1,145.0000000000,0,6958548.9956901390,40549.0207645661,1.0000000000
1,145.0000000000,0,6958544.1177972741,40544.1399333144,1.0000000000
1,145.0000000000,0,6958539.2397321910,40539.2592741834,1.0000000000
1,145.0000000000,0,6958534.3615150759,40534.3787670081,1.0000000000
1,145.0000000000,0,6958529.4831637489,40529.4983939851,1.0000000000
1,145.0000000000,0,6958524.6046939408,40524.6181393968,1.0000000000
1,145.0000000000,0,6958519.7261195388,40519.7379893666,1.0000000000
1,145.0000000000,0,6958514.8474528017,40514.8579316435,1.0000000000
1,145.0000000000,0,6958509.9687045515,40509.9779554118,1.0000000000
1,145.0000000000,0,6958505.0898843408,40505.0980511230,1.0000000000
1,145.0000000000,0,6958500.2110006046,40500.2182103473,1.0000000000
1,145.0000000000,0,6958495.3320607869,40495.3384256423,1.0000000000
1,145.0000000000,0,6958490.4530714601,40490.4586904381,1.0000000000
1,145.0000000000,0,6958485.5740384273,40485.5789989341,1.0000000000
1,145.0000000000,0,6958480.6949668098,40480.6993460096,1.0000000000
1,145.0000000000,0,6958475.8158611301,40475.8197271438,1.0000000000
1,145.0000000000,0,6958470.9367253790,40470.9401383458,1.0000000000
1,145.0000000000,0,6958466.0575630814,40466.0605760921,1.0000000000
1,145.0000000000,0,6958461.1783773480,40461.1810372723,1.0000000000
1,145.0000000000,0,6958456.2991709262,40456.3015191402,1.0000000000
1,145.0000000000,0,6958451.4199462393,40451.4220192717,1.0000000000
1,145.0000000000,0,6958446.5407054285,40446.5425355265,1.0000000000
1,145.0000000000,0,6958441.6614503823,40441.6630660153,1.0000000000
1,145.0000000000,0,6958436.7821827698,40436.7836090701,1.0000000000
1,145.0000000000,0,6958431.9029040635,40431.9041632183,1.0000000000
1,145.0000000000,0,6958427.0236155633,40427.0247271599,1.0000000000
1,145.0000000000,0,6958422.1443184176,40422.1452997474,1.0000000000
1,145.0000000000,0,6958417.2650136389,40417.2658799674,1.0000000000
1,145.0000000000,0,6958412.3857021220,40412.3864669257,1.0000000000
1,145.0000000000,0,6958407.5063846558,40407.5070598326,1.0000000000
1,145.0000000000,0,6958402.6270619389,40402.6276579910,1.0000000000
1,145.0000000000,0,6958397.7477345858,40397.7482607855,1.0000000000
1,145.0000000000,0,6958392.8684031395,40392.8688676728,1.0000000000
1,145.0000000000,0,6958387.9890680797,40387.9894781734,1.0000000000
1,145.0000000000,0,6958383.1097298302,40383.1100918638,1.0000000000
1,145.0000000000,0,6958378.2303887643,40378.2307083701,1.0000000000
1,145.0000000000,0,6958373.3510452127,40373.3513273624,1.0000000000
1,145.0000000000,0,6958368.4716994669,40368.4719485494,1.0000000000
1,145.0000000000,0,6958363.5923517831,40363.5925716739,1.0000000000
1,145.0000000000,0,6958358.7130023893,40358.7131965088,1.0000000000
1,145.0000000000,0,6958353.8336514849,40353.8338228537,1.0000000000
1,145.0000000000,0,6958348.9542992478,40348.9544505317,1.0000000000
1,145.0000000000,0,6958344.0749458335,40344.0750793865,1.0000000000
1,145.0000000000,0,6958339.1955913808,40339.1957092803,1.0000000000
1,145.0000000000,0,6958334.3162360108,40334.3163400912,1.0000000000
1,145.0000000000,0,6958329.4368798304,40329.4369717118,1.0000000000
1,145.0000000000,0,6958324.5575229358,40324.5576040472,1.0000000000
1,145.0000000000,0,6958319.6781654097,40319.6782370136,1.0000000000
1,145.0000000000,0,6958314.7988073267,40314.7988705372,1.0000000000
1,145.0000000000,0,6958309.9194487520,40309.9195045525,1.0000000000
1,145.0000000000,0,6958305.0400897432,40305.0401390020,1.0000000000
1,145.0000000000,0,6958300.1607303508,40300.1607738348,1.0000000000
1,145.0000000000,0,6958295.2813706202,40295.2814090060,1.0000000000
1,145.0000000000,0,6958290.4020105908,40290.4020444759,1.0000000000
1,145.0000000000,0,6958285.5226502977,40285.5226802095,1.0000000000
1,145.0000000000,0,6958280.6432897719,40280.6433161759,1.0000000000
1,145.0000000000,0,6958275.7639290411,40275.7639523478,1.0000000000
1,145.0000000000,0,6958270.8845681287,40270.8845887012,1.0000000000
1,145.0000000000,0,6958266.0052070562,40266.0052252148,1.0000000000
1,145.0000000000,0,6958261.1258458421,40261.1258618698,1.0000000000
1,145.0000000000,0,6958256.2464845031,40256.2464986497,1.0000000000
1,145.0000000000,0,6958251.3671230534,40251.3671355398,1.0000000000
1,145.0000000000,0,6958246.4877615068,40246.4877725272,1.0000000000
1,145.0000000000,0,6958241.6083998745,40241.6084096005,1.0000000000
1,145.0000000000,0,6958236.7290381659,40236.7290467497,1.0000000000
1,145.0000000000,0,6958231.8496763902,40231.8496839657,1.0000000000
1,145.0000000000,0,6958226.9703145558,40226.9703212409,1.0000000000
1,145.0000000000,0,6958222.0909526693,40222.0909585682,1.0000000000
1,145.0000000000,0,6958217.2115907362,40217.2115959416,1.0000000000
1,145.0000000000,0,6958212.3322287630,40212.3322333556,1.0000000000
1,145.0000000000,0,6958207.4528667536,40207.4528708056,1.0000000000
1,145.0000000000,0,6958202.5735047124,40202.5735082872,1.0000000000
1,150.0000000000,0,6958754.2054422647,40758.8816505879,1.0000000000
1,150.0000000000,0,6958749.5842513852,40754.0061748018,1.0000000000
1,150.0000000000,0,6958745.0879408484,40749.0152970385,1.0000000000
1,150.0000000000,0,6958740.5659604259,40744.0476655762,1.0000000000
1,150.0000000000,0,6958736.0177170979,40739.1040685138,1.0000000000
1,150.0000000000,0,6958731.4461869886,40734.1819976338,1.0000000000
1,150.0000000000,0,6958726.8540841835,40729.2791146942,1.0000000000
1,150.0000000000,0,6958722.2438035654,40724.3933208062,1.0000000000
1,150.0000000000,0,6958717.6174570015,40719.5227369852,1.0000000000
1,150.0000000000,0,6958712.9769073902,40714.6656834967,1.0000000000
1,150.0000000000,0,6958708.3237986052,40709.8206604914,1.0000000000
1,150.0000000000,0,6958703.6595817665,40704.9863300758,1.0000000000
1,150.0000000000,0,6958698.9855382862,40700.1614998369,1.0000000000
1,150.0000000000,0,6958694.3028000928,40695.3451077948,1.0000000000
1,150.0000000000,0,6958689.6123673823,40690.5362087235,1.0000000000
1,150.0000000000,0,6958684.9151242068,40685.7339617660,1.0000000000
1,150.0000000000,0,6958680.2118521743,40680.9376192557,1.0000000000
1,150.0000000000,0,6958675.5032424908,40676.1465166539,1.0000000000
1,150.0000000000,0,6958670.7899065586,40671.3600635120,1.0000000000
1,150.0000000000,0,6958666.0723853000,40666.5777353689,1.0000000000
1,150.0000000000,0,6958661.3511573756,40661.7990664985,1.0000000000
1,150.0000000000,0,6958656.6266464200,40657.0236434265,1.0000000000
1,150.0000000000,0,6958651.8992274273,40652.2510991408,1.0000000000
1,150.0000000000,0,6958647.1692323834,40647.4811079280,1.0000000000
1,150.0000000000,0,6958642.4369552322,40642.7133807700,1.0000000000
1,150.0000000000,0,6958637.7026562672,40637.9476612445,1.0000000000
1,150.0000000000,0,6958632.9665660048,40633.1837218753,1.0000000000
1,150.0000000000,0,6958628.2288886104,40628.4213608859,1.0000000000
1,150.0000000000,0,6958623.4898049245,40623.6603993123,1.0000000000
1,150.0000000000,0,6958618.7494751392,40618.9006784363,1.0000000000
1,150.0000000000,0,6958614.0080411658,40614.1420575055,1.0000000000
1,150.0000000000,0,6958609.2656287262,40609.3844117071,1.0000000000
1,150.0000000000,0,6958604.5223492077,40604.6276303692,1.0000000000
1,150.0000000000,0,6958599.7783012995,40599.8716153632,1.0000000000
1,150.0000000000,0,6958595.0335724466,40595.1162796859,1.0000000000
1,150.0000000000,0,6958590.2882401319,40590.3615462012,1.0000000000
1,150.0000000000,0,6958585.5423730128,40585.6073465235,1.0000000000
1,150.0000000000,0,6958580.7960319296,40580.8536200263,1.0000000000
1,150.0000000000,0,6958576.0492707957,40576.1003129639,1.0000000000
1,150.0000000000,0,6958571.3021373888,40571.3473776910,1.0000000000
1,150.0000000000,0,6958566.5546740489,40566.5947719714,1.0000000000
1,150.0000000000,0,6958561.8069182979,40561.8424583647,1.0000000000
1,150.0000000000,0,6958557.0589033887,40557.0904036820,1.0000000000
1,150.0000000000,0,6958552.3106587902,40552.3385785037,1.0000000000
1,150.0000000000,0,6958547.5622106204,40547.5869567519,1.0000000000
1,150.0000000000,0,6958542.8135820264,40542.8355153108,1.0000000000
1,150.0000000000,0,6958538.0647935225,40538.0842336904,1.0000000000
1,150.0000000000,0,6958533.3158632899,40533.3330937288,1.0000000000
1,150.0000000000,0,6958528.5668074414,40528.5820793274,1.0000000000
1,150.0000000000,0,6958523.8176402589,40523.8311762169,1.0000000000
1,150.0000000000,0,6958519.0683744000,40519.0803717492,1.0000000000
1,150.0000000000,0,6958514.3190210825,40514.3296547134,1.0000000000
1,150.0000000000,0,6958509.5695902491,40509.5790151728,1.0000000000
1,150.0000000000,0,6958504.8200907111,40504.8284443196,1.0000000000
1,150.0000000000,0,6958500.0705302795,40500.0779343471,1.0000000000
1,150.0000000000,0,6958495.3209158769,40495.3274783358,1.0000000000
1,150.0000000000,0,6958490.5712536378,40490.5770701525,1.0000000000
1,150.0000000000,0,6958485.8215490011,40485.8267043610,1.0000000000
1,150.0000000000,0,6958481.0718067857,40481.0763761432,1.0000000000
1,150.0000000000,0,6958476.3220312633,40476.3260812284,1.0000000000
1,150.0000000000,0,6958471.5722262207,40471.5758158311,1.0000000000
1,150.0000000000,0,6958466.8223950127,40466.8255765965,1.0000000000
1,150.0000000000,0,6958462.0725406138,40462.0753605508,1.0000000000
1,150.0000000000,0,6958457.3226656606,40457.3251650582,1.0000000000
1,150.0000000000,0,6958452.5727724889,40452.5749877825,1.0000000000
1,150.0000000000,0,6958447.8228631699,40447.8248266532,1.0000000000
1,150.0000000000,0,6958443.0729395393,40443.0746798349,1.0000000000
1,150.0000000000,0,6958438.3230032241,40438.3245457010,1.0000000000
1,150.0000000000,0,6958433.5730556659,40433.5744228097,1.0000000000
1,150.0000000000,0,6958428.8230981426,40428.8243098831,1.0000000000
1,150.0000000000,0,6958424.0731317867,40424.0742057885,1.0000000000
1,150.0000000000,0,6958419.3231576029,40419.3241095221,1.0000000000
1,150.0000000000,0,6958414.5731764799,40414.5740201941,1.0000000000
1,150.0000000000,0,6958409.8231892074,40409.8239370157,1.0000000000
1,150.0000000000,0,6958405.0731964838,40405.0738592880,1.0000000000
1,150.0000000000,0,6958400.3231989294,40400.3237863914,1.0000000000
1,150.0000000000,0,6958395.5731970929,40395.5737177768,1.0000000000
1,150.0000000000,0,6958390.8231914612,40390.8236529574,1.0000000000
1,150.0000000000,0,6958386.0731824655,40386.0735915018,1.0000000000
1,150.0000000000,0,6958381.3231704887,40381.3235330278,1.0000000000
1,150.0000000000,0,6958376.5731558688,40376.5734771963,1.0000000000
1,150.0000000000,0,6958371.8231389066,40371.8234237071,1.0000000000
1,150.0000000000,0,6958367.0731198685,40367.0733722938,1.0000000000
1,150.0000000000,0,6958362.3230989901,40362.3233227206,1.0000000000
1,150.0000000000,0,6958357.5730764810,40357.5732747782,1.0000000000
1,150.0000000000,0,6958352.8230525265,40352.8232282812,1.0000000000
1,150.0000000000,0,6958348.0730272913,40348.0731830655,1.0000000000
1,150.0000000000,0,6958343.3230009200,40343.3231389853,1.0000000000
1,150.0000000000,0,6958338.5729735428,40338.5730959115,1.0000000000
1,150.0000000000,0,6958333.8229452735,40333.8230537299,1.0000000000
1,150.0000000000,0,6958329.0729162134,40329.0730123389,1.0000000000
1,150.0000000000,0,6958324.3228864521,40324.3229716488,1.0000000000
1,150.0000000000,0,6958319.5728560695,40319.5729315798,1.0000000000
1,150.0000000000,0,6958314.8228251366,40314.8228920613,1.0000000000
1,150.0000000000,0,6958310.0727937156,40310.0728530308,1.0000000000
1,150.0000000000,0,6958305.3227618625,40305.3228144327,1.0000000000
1,150.0000000000,0,6958300.5727296257,40300.5727762180,1.0000000000
1,150.0000000000,0,6958295.8226970490,40295.8227383431,1.0000000000
1,150.0000000000,0,6958291.0726641715,40291.0727007693,1.0000000000
1,150.0000000000,0,6958286.3226310275,40286.3226634623,1.0000000000
1,150.0000000000,0,6958281.5725976471,40281.5726263920,1.0000000000
1,150.0000000000,0,6958276.8225640561,40276.8225895313,1.0000000000
1,150.0000000000,0,6958272.0725302799,40272.0725528566,1.0000000000
1,150.0000000000,0,6958267.3224963387,40267.3225163465,1.0000000000
1,150.0000000000,0,6958262.5724622514,40262.5724799824,1.0000000000
1,150.0000000000,0,6958257.8224280346,40257.8224437478,1.0000000000
1,150.0000000000,0,6958253.0723937033,40253.0724076278,1.0000000000
1,150.0000000000,0,6958248.3223592704,40248.3223716095,1.0000000000
1,150.0000000000,0,6958243.5723247472,40243.5723356813,1.0000000000
1,150.0000000000,0,6958238.8222901439,40238.8222998329,1.0000000000
1,150.0000000000,0,6958234.0722554699,40234.0722640553,1.0000000000
1,150.0000000000,0,6958229.3222207334,40229.3222283405,1.0000000000
1,150.0000000000,0,6958224.5721859410,40224.5721926812,1.0000000000
1,150.0000000000,0,6958219.8221510993,40219.8221570712,1.0000000000
1,150.0000000000,0,6958215.0721162148,40215.0721215049,1.0000000000
1,150.0000000000,0,6958210.3220812911,40210.3220859773,1.0000000000
1,150.0000000000,0,6958205.5720463330,40205.5720504840,1.0000000000
1,150.0000000000,0,6958200.8220113441,40200.8220150212,1.0000000000
1,150.0000000000,0,6958196.0719763292,40196.0719795853,1.0000000000
1,150.0000000000,0,6958191.3219412901,40191.3219441733,1.0000000000
1,155.0000000000,0,6958730.8919472462,40734.3917307343,1.0000000000
1,155.0000000000,0,6958726.2973384093,40729.4789170620,1.0000000000
1,155.0000000000,0,6958721.7242488209,40724.5460659427,1.0000000000
1,155.0000000000,0,6958717.1310664937,40719.6319185442,1.0000000000
1,155.0000000000,0,6958712.5190949831,40714.7354006663,1.0000000000
1,155.0000000000,0,6958707.8904939843,40709.8545993650,1.0000000000
1,155.0000000000,0,6958703.2471948517,40704.9877788724,1.0000000000
1,155.0000000000,0,6958698.5909020789,40700.1333884716,1.0000000000
1,155.0000000000,0,6958693.9231198831,40695.2900448007,1.0000000000
1,155.0000000000,0,6958689.2451761831,40690.4565149013,1.0000000000
1,155.0000000000,0,6958684.5582436612,40685.6317006993,1.0000000000
1,155.0000000000,0,6958679.8633582396,40680.8146248824,1.0000000000
1,155.0000000000,0,6958675.1614353023,40676.0044181050,1.0000000000
1,155.0000000000,0,6958670.4532839470,40671.2003074320,1.0000000000
1,155.0000000000,0,6958665.7396195056,40666.4016059323,1.0000000000
1,155.0000000000,0,6958661.0210745633,40661.6077033288,1.0000000000
1,155.0000000000,0,6958656.2982086455,40656.8180576141,1.0000000000
1,155.0000000000,0,6958651.5715167560,40652.0321875437,1.0000000000
1,155.0000000000,0,6958646.8414368918,40647.2496659258,1.0000000000
1,155.0000000000,0,6958642.1083566705,40642.4701136279,1.0000000000
1,155.0000000000,0,6958637.3726191744,40637.6931942317,1.0000000000
1,155.0000000000,0,6958632.6345281070,40632.9186092671,1.0000000000
1,155.0000000000,0,6958627.8943523429,40628.1460939691,1.0000000000
1,155.0000000000,0,6958623.1523299469,40623.3754134996,1.0000000000
1,155.0000000000,0,6958618.4086717246,40618.6063595878,1.0000000000
1,155.0000000000,0,6958613.6635643588,40613.8387475409,1.0000000000
1,155.0000000000,0,6958608.9171731817,40609.0724135893,1.0000000000
1,155.0000000000,0,6958604.1696446268,40604.3072125267,1.0000000000
1,155.0000000000,0,6958599.4211083977,40599.5430156139,1.0000000000
1,155.0000000000,0,6958594.6716793831,40594.7797087181,1.0000000000
1,155.0000000000,0,6958589.9214593573,40590.0171906607,1.0000000000
1,155.0000000000,0,6958585.1705384767,40585.2553717508,1.0000000000
1,155.0000000000,0,6958580.4189966116,40580.4941724843,1.0000000000
1,155.0000000000,0,6958575.6669045230,40575.7335223892,1.0000000000
1,155.0000000000,0,6958570.9143249011,40570.9733590011,1.0000000000
1,155.0000000000,0,6958566.1613132879,40566.2136269553,1.0000000000
1,155.0000000000,0,6958561.4079188937,40561.4542771808,1.0000000000
1,155.0000000000,0,6958556.6541853193,40556.6952661857,1.0000000000
1,155.0000000000,0,6958551.9001511978,40551.9365554236,1.0000000000
1,155.0000000000,0,6958547.1458507590,40547.1781107320,1.0000000000
1,155.0000000000,0,6958542.3913143324,40542.4199018338,1.0000000000
1,155.0000000000,0,6958537.6365687931,40537.6619018963,1.0000000000
1,155.0000000000,0,6958532.8816379542,40532.9040871391,1.0000000000
1,155.0000000000,0,6958528.1265429165,40528.1464364873,1.0000000000
1,155.0000000000,0,6958523.3713023765,40523.3889312639,1.0000000000
1,155.0000000000,0,6958518.6159329014,40518.6315549171,1.0000000000
1,155.0000000000,0,6958513.8604491726,40513.8742927786,1.0000000000
1,155.0000000000,0,6958509.1048641996,40509.1171318492,1.0000000000
1,155.0000000000,0,6958504.3491895087,40504.3600606090,1.0000000000
1,155.0000000000,0,6958499.5934353154,40499.6030688493,1.0000000000
1,155.0000000000,0,6958494.8376106713,40494.8461475231,1.0000000000
1,155.0000000000,0,6958490.0817235978,40490.0892886132,1.0000000000
1,155.0000000000,0,6958485.3257812019,40485.3324850148,1.0000000000
1,155.0000000000,0,6958480.5697897822,40480.5757304318,1.0000000000
1,155.0000000000,0,6958475.8137549199,40475.8190192847,1.0000000000
1,155.0000000000,0,6958471.0576815614,40471.0623466290,1.0000000000
1,155.0000000000,0,6958466.3015740886,40466.3057080833,1.0000000000
1,155.0000000000,0,6958461.5454363860,40461.5490997646,1.0000000000
1,155.0000000000,0,6958456.7892718948,40456.7925182321,1.0000000000
1,155.0000000000,0,6958452.0330836643,40452.0359604365,1.0000000000
1,155.0000000000,0,6958447.2768743970,40447.2794236758,1.0000000000
1,155.0000000000,0,6958442.5206464883,40442.5229055554,1.0000000000
1,155.0000000000,0,6958437.7644020608,40437.7664039534,1.0000000000
1,155.0000000000,0,6958433.0081429947,40433.0099169893,1.0000000000
1,155.0000000000,0,6958428.2518709563,40428.2534429968,1.0000000000
1,155.0000000000,0,6958423.4955874225,40423.4969804994,1.0000000000
1,155.0000000000,0,6958418.7392937019,40418.7405281883,1.0000000000
1,155.0000000000,0,6958413.9829909541,40413.9840849041,1.0000000000
1,155.0000000000,0,6958409.2266802071,40409.2276496190,1.0000000000
1,155.0000000000,0,6958404.4703623708,40404.4712214226,1.0000000000
1,155.0000000000,0,6958399.7140382528,40399.7147995078,1.0000000000
1,155.0000000000,0,6958394.9577085683,40394.9583831595,1.0000000000
1,155.0000000000,0,6958390.2013739506,40390.2019717441,1.0000000000
1,155.0000000000,0,6958385.4450349621,40385.4455647000,1.0000000000
1,155.0000000000,0,6958380.6886920994,40380.6891615296,1.0000000000
1,155.0000000000,0,6958375.9323458038,40375.9327617918,1.0000000000
1,155.0000000000,0,6958371.1759964665,40371.1763650960,1.0000000000
1,155.0000000000,0,6958366.4196444340,40366.4199710958,1.0000000000
1,155.0000000000,0,6958361.6632900126,40361.6635794843,1.0000000000
1,155.0000000000,0,6958356.9069334744,40356.9071899898,1.0000000000
1,155.0000000000,0,6958352.1505750604,40352.1508023710,1.0000000000
1,155.0000000000,0,6958347.3942149840,40347.3944164146,1.0000000000
1,155.0000000000,0,6958342.6378534343,40342.6380319313,1.0000000000
1,155.0000000000,0,6958337.8814905789,40337.8816487534,1.0000000000
1,155.0000000000,0,6958333.1251265667,40333.1252667322,1.0000000000
1,155.0000000000,0,6958328.3687615292,40328.3688857361,1.0000000000
1,155.0000000000,0,6958323.6123955837,40323.6125056484,1.0000000000
1,155.0000000000,0,6958318.8560288334,40318.8561263656,1.0000000000
1,155.0000000000,0,6958314.0996613698,40314.0997477962,1.0000000000
1,155.0000000000,0,6958309.3432932738,40309.3433698589,1.0000000000
1,155.0000000000,0,6958304.5869246181,40304.5869924818,1.0000000000
1,155.0000000000,0,6958299.8305554660,40299.8306156011,1.0000000000
1,155.0000000000,0,6958295.0741858734,40295.0742391603,1.0000000000
1,155.0000000000,0,6958290.3178158915,40290.3178631093,1.0000000000
1,155.0000000000,0,6958285.5614455640,40285.5614874038,1.0000000000
1,155.0000000000,0,6958280.8050749302,40280.8051120044,1.0000000000
1,155.0000000000,0,6958276.0487040253,40276.0487368762,1.0000000000
1,155.0000000000,0,6958271.2923328802,40271.2923619884,1.0000000000
1,155.0000000000,0,6958266.5359615218,40266.5359873137,1.0000000000
1,155.0000000000,0,6958261.7795899743,40261.7796128277,1.0000000000
1,155.0000000000,0,6958257.0232182601,40257.0232385090,1.0000000000
1,155.0000000000,0,6958252.2668463979,40252.2668643385,1.0000000000
1,155.0000000000,0,6958247.5104744034,40247.5104902994,1.0000000000
1,155.0000000000,0,6958242.7541022925,40242.7541163768,1.0000000000
1,155.0000000000,0,6958237.9977300791,40237.9977425572,1.0000000000
1,155.0000000000,0,6958233.2413577745,40233.2413688290,1.0000000000
1,155.0000000000,0,6958228.4849853888,40228.4849951819,1.0000000000
1,155.0000000000,0,6958223.7286129305,40223.7286216066,1.0000000000
1,155.0000000000,0,6958218.9722404089,40218.9722480948,1.0000000000
1,155.0000000000,0,6958214.2158678314,40214.2158746395,1.0000000000
1,155.0000000000,0,6958209.4594952036,40209.4595012340,1.0000000000
1,155.0000000000,0,6958204.7031225311,40204.7031278729,1.0000000000
1,155.0000000000,0,6958199.9467498194,40199.9467545510,1.0000000000
1,155.0000000000,0,6958195.1903770734,40195.1903812638,1.0000000000
1,155.0000000000,0,6958190.4340042965,40190.4340080074,1.0000000000
1,155.0000000000,0,6958185.6776314927,40185.6776347783,1.0000000000
1,155.0000000000,0,6958180.9212586647,40180.9212615733,1.0000000000
1,155.0000000000,0,6958176.1648858152,40176.1648883899,1.0000000000
1,155.0000000000,0,6958171.4085129462,40171.4085152254,1.0000000000
1,155.0000000000,0,6958166.6521400604,40166.6521420778,1.0000000000
1,160.0000000000,0,6958709.4248820338,40710.3094300232,1.0000000000
1,160.0000000000,0,6958704.4471290335,40705.3647057931,1.0000000000
1,160.0000000000,0,6958699.5386800990,40700.3511789205,1.0000000000
1,160.0000000000,0,6958694.6260930421,40695.3417067868,1.0000000000
1,160.0000000000,0,6958689.7077395162,40690.3378961150,1.0000000000
1,160.0000000000,0,6958684.7842445057,40685.3391443179,1.0000000000
1,160.0000000000,0,6958679.8562239762,40680.3448539472,1.0000000000
1,160.0000000000,0,6958674.9242215781,40675.3544957449,1.0000000000
1,160.0000000000,0,6958669.9887153869,40670.3676027958,1.0000000000
1,160.0000000000,0,6958665.0501258271,40665.3837633314,1.0000000000
1,160.0000000000,0,6958660.1088226745,40660.4026142867,1.0000000000
1,160.0000000000,0,6958655.1651312038,40655.4238355916,1.0000000000
1,160.0000000000,0,6958650.2193375779,40650.4471451196,1.0000000000
1,160.0000000000,0,6958645.2716935752,40645.4722942201,1.0000000000
1,160.0000000000,0,6958640.3224207461,40640.4990637703,1.0000000000
1,160.0000000000,0,6958635.3717140546,40635.5272606867,1.0000000000
1,160.0000000000,0,6958630.4197450848,40630.5567148449,1.0000000000
1,160.0000000000,0,6958625.4666648516,40625.5872763606,1.0000000000
1,160.0000000000,0,6958620.5126062771,40620.6188131893,1.0000000000
1,160.0000000000,0,6958615.5576863615,40615.6512090104,1.0000000000
1,160.0000000000,0,6958610.6020080978,40610.6843613587,1.0000000000
1,160.0000000000,0,6958605.6456621503,40605.7181799788,1.0000000000
1,160.0000000000,0,6958600.6887283344,40600.7525853726,1.0000000000
1,160.0000000000,0,6958595.7312769163,40595.7875075197,1.0000000000
1,160.0000000000,0,6958590.7733697575,40590.8228847491,1.0000000000
1,160.0000000000,0,6958585.8150613215,40585.8586627452,1.0000000000
1,160.0000000000,0,6958580.8563995603,40580.8947936714,1.0000000000
1,160.0000000000,0,6958575.8974266909,40575.9312353982,1.0000000000
1,160.0000000000,0,6958570.9381798860,40570.9679508229,1.0000000000
1,160.0000000000,0,6958565.9786918741,40566.0049072704,1.0000000000
1,160.0000000000,0,6958561.0189914713,40561.0420759652,1.0000000000
1,160.0000000000,0,6958556.0591040514,40556.0794315660,1.0000000000
1,160.0000000000,0,6958551.0990519561,40551.1169517566,1.0000000000
1,160.0000000000,0,6958546.1388548566,40546.1546168845,1.0000000000
1,160.0000000000,0,6958541.1785300747,40541.1924096435,1.0000000000
1,160.0000000000,0,6958536.2180928616,40536.2303147932,1.0000000000
1,160.0000000000,0,6958531.2575566471,40531.2683189131,1.0000000000
1,160.0000000000,0,6958526.2969332570,40526.3064101848,1.0000000000
1,160.0000000000,0,6958521.3362331036,40521.3445782009,1.0000000000
1,160.0000000000,0,6958516.3754653558,40516.3828137970,1.0000000000
1,160.0000000000,0,6958511.4146380872,40511.4211089027,1.0000000000
1,160.0000000000,0,6958506.4537584065,40506.4594564113,1.0000000000
1,160.0000000000,0,6958501.4928325741,40501.4978500649,1.0000000000
1,160.0000000000,0,6958496.5318661025,40496.5362843527,1.0000000000
1,160.0000000000,0,6958491.5708638458,40491.5747544221,1.0000000000
1,160.0000000000,0,6958486.6098300768,40486.6132559999,1.0000000000
1,160.0000000000,0,6958481.6487685600,40481.6517853232,1.0000000000
1,160.0000000000,0,6958476.6876826100,40476.6903390785,1.0000000000
1,160.0000000000,0,6958471.7265751436,40471.7289143480,1.0000000000
1,160.0000000000,0,6958466.7654487314,40466.7675085624,1.0000000000
1,160.0000000000,0,6958461.8043056363,40461.8061194591,1.0000000000
1,160.0000000000,0,6958456.8431478506,40456.8447450458,1.0000000000
1,160.0000000000,0,6958451.8819771288,40451.8833835681,1.0000000000
1,160.0000000000,0,6958446.9207950151,40446.9220334811,1.0000000000
1,160.0000000000,0,6958441.9596028710,40441.9606934246,1.0000000000
1,160.0000000000,0,6958436.9984018942,40436.9993622005,1.0000000000
1,160.0000000000,0,6958432.0371931400,40432.0380387540,1.0000000000
1,160.0000000000,0,6958427.0759775368,40427.0767221562,1.0000000000
1,160.0000000000,0,6958422.1147559024,40422.1154115893,1.0000000000
1,160.0000000000,0,6958417.1535289576,40417.1541063330,1.0000000000
1,160.0000000000,0,6958412.1922973366,40412.1928057529,1.0000000000
1,160.0000000000,0,6958407.2310615974,40407.2315092908,1.0000000000
1,160.0000000000,0,6958402.2698222315,40402.2702164546,1.0000000000
1,160.0000000000,0,6958397.3085796731,40397.3089268115,1.0000000000
1,160.0000000000,0,6958392.3473343030,40392.3476399800,1.0000000000
1,160.0000000000,0,6958387.3860864574,40387.3863556243,1.0000000000
1,160.0000000000,0,6958382.4248364316,40382.4250734488,1.0000000000
1,160.0000000000,0,6958377.4635844855,40377.4637931931,1.0000000000
1,160.0000000000,0,6958372.5023308489,40372.5025146280,1.0000000000
1,160.0000000000,0,6958367.5410757242,40367.5412375514,1.0000000000
1,160.0000000000,0,6958362.5798192881,40362.5799617857,1.0000000000
1,160.0000000000,0,6958357.6185616981,40357.6186871743,1.0000000000
1,160.0000000000,0,6958352.6573030911,40352.6574135792,1.0000000000
1,160.0000000000,0,6958347.6960435892,40347.6961408793,1.0000000000
1,160.0000000000,0,6958342.7347832993,40342.7348689674,1.0000000000
1,160.0000000000,0,6958337.7735223155,40337.7735977495,1.0000000000
1,160.0000000000,0,6958332.8122607209,40332.8123271428,1.0000000000
1,160.0000000000,0,6958327.8509985879,40327.8510570741,1.0000000000
1,160.0000000000,0,6958322.8897359809,40322.8897874794,1.0000000000
1,160.0000000000,0,6958317.9284729566,40317.9285183020,1.0000000000
1,160.0000000000,0,6958312.9672095645,40312.9672494920,1.0000000000
1,160.0000000000,0,6958308.0059458492,40308.0059810055,1.0000000000
1,160.0000000000,0,6958303.0446818490,40303.0447128039,1.0000000000
1,160.0000000000,0,6958298.0834175982,40298.0834448533,1.0000000000
1,160.0000000000,0,6958293.1221531266,40293.1221771235,1.0000000000
1,160.0000000000,0,6958288.1608884605,40288.1609095883,1.0000000000
1,160.0000000000,0,6958283.1996236229,40283.1996422244,1.0000000000
1,160.0000000000,0,6958278.2383586345,40278.2383750114,1.0000000000
1,160.0000000000,0,6958273.2770935129,40273.2771079312,1.0000000000
1,160.0000000000,0,6958268.3158282740,40268.3158409680,1.0000000000
1,160.0000000000,0,6958263.3545629326,40263.3545741078,1.0000000000
1,160.0000000000,0,6958258.3932975009,40258.3933073382,1.0000000000
1,160.0000000000,0,6958253.4320319891,40253.4320406486,1.0000000000
1,160.0000000000,0,6958248.4707664065,40248.4707740292,1.0000000000
1,160.0000000000,0,6958243.5095007624,40243.5095074718,1.0000000000
1,160.0000000000,0,6958238.5482350634,40238.5482409690,1.0000000000
1,160.0000000000,0,6958233.5869693169,40233.5869745141,1.0000000000
1,160.0000000000,0,6958228.6257035276,40228.6257081015,1.0000000000
1,160.0000000000,0,6958223.6644377010,40223.6644417262,1.0000000000
1,160.0000000000,0,6958218.7031718418,40218.7031753836,1.0000000000
1,160.0000000000,0,6958213.7419059537,40213.7419090699,1.0000000000
1,160.0000000000,0,6958208.7806400405,40208.7806427816,1.0000000000
1,160.0000000000,0,6958203.8193741050,40203.8193765157,1.0000000000
1,160.0000000000,0,6958198.8581081498,40198.8581102695,1.0000000000
1,160.0000000000,0,6958193.8968421770,40193.8968440407,1.0000000000
1,160.0000000000,0,6958188.9355761884,40188.9355778272,1.0000000000
1,160.0000000000,0,6958183.9743101867,40183.9743116271,1.0000000000
1,160.0000000000,0,6958179.0130441729,40179.0130454389,1.0000000000
1,160.0000000000,0,6958174.0517781489,40174.0517792611,1.0000000000
1,160.0000000000,0,6958169.0905121155,40169.0905130925,1.0000000000
1,160.0000000000,0,6958164.1292460747,40164.1292469319,1.0000000000
1,160.0000000000,0,6958159.1679800265,40159.1679807785,1.0000000000
1,160.0000000000,0,6958154.2067139717,40154.2067146314,1.0000000000
1,160.0000000000,0,6958149.2454479113,40149.2454484898,1.0000000000
1,160.0000000000,0,6958144.2841818463,40144.2841823530,1.0000000000
1,160.0000000000,0,6958139.3229157766,40139.3229162206,1.0000000000
1,160.0000000000,0,6958134.3616497032,40134.3616500919,1.0000000000
1,160.0000000000,0,6958129.4003836270,40129.4003839665,1.0000000000
1,160.0000000000,0,6958124.4391175481,40124.4391178440,1.0000000000
1,160.0000000000,0,6958119.4778514663,40119.4778517241,1.0000000000
1,165.0000000000,0,6958685.1553026931,40684.9616748575,1.0000000000
1,165.0000000000,0,6958680.3131226823,40680.0245608099,1.0000000000
1,165.0000000000,0,6958675.4081151262,40675.1498604859,1.0000000000
1,165.0000000000,0,6958670.5031468598,40670.2751206282,1.0000000000
1,165.0000000000,0,6958665.5998959513,40665.3986533715,1.0000000000
1,165.0000000000,0,6958660.6982125416,40660.5206105136,1.0000000000
1,165.0000000000,0,6958655.7979144836,40655.6411759853,1.0000000000
1,165.0000000000,0,6958650.8988394141,40650.7605135471,1.0000000000
1,165.0000000000,0,6958646.0008439235,40645.8787676972,1.0000000000
1,165.0000000000,0,6958641.1038013892,40640.9960659048,1.0000000000
1,165.0000000000,0,6958636.2076000208,40636.1125206217,1.0000000000
1,165.0000000000,0,6958631.3121411242,40631.2282310556,1.0000000000
1,165.0000000000,0,6958626.4173375731,40626.3432847335,1.0000000000
1,165.0000000000,0,6958621.5231124554,40621.4577588798,1.0000000000
1,165.0000000000,0,6958616.6293978766,40616.5717216310,1.0000000000
1,165.0000000000,0,6958611.7361339070,40611.6852331067,1.0000000000
1,165.0000000000,0,6958606.8432676466,40606.7983463544,1.0000000000
1,165.0000000000,0,6958601.9507524017,40601.9111081822,1.0000000000
1,165.0000000000,0,6958597.0585469585,40597.0235598939,1.0000000000
1,165.0000000000,0,6958592.1666149395,40592.1357379360,1.0000000000
1,165.0000000000,0,6958587.2749242373,40587.2476744704,1.0000000000
1,165.0000000000,0,6958582.3834465127,40582.3593978778,1.0000000000
1,165.0000000000,0,6958577.4921567552,40577.4709332027,1.0000000000
1,165.0000000000,0,6958572.6010328894,40572.5823025458,1.0000000000
1,165.0000000000,0,6958567.7100554314,40567.6935254104,1.0000000000
1,165.0000000000,0,6958562.8192071859,40562.8046190075,1.0000000000
1,165.0000000000,0,6958557.9284729771,40557.9155985254,1.0000000000
1,165.0000000000,0,6958553.0378394108,40553.0264773677,1.0000000000
1,165.0000000000,0,6958548.1472946657,40548.1372673629,1.0000000000
1,165.0000000000,0,6958543.2568283090,40543.2479789495,1.0000000000
1,165.0000000000,0,6958538.3664311338,40538.3586213394,1.0000000000
1,165.0000000000,0,6958533.4760950133,40533.4692026624,1.0000000000
1,165.0000000000,0,6958528.5858127754,40528.5797300928,1.0000000000
1,165.0000000000,0,6958523.6955780918,40523.6902099621,1.0000000000
1,165.0000000000,0,6958518.8053853754,40518.8006478579,1.0000000000
1,165.0000000000,0,6958513.9152296968,40513.9110487112,1.0000000000
1,165.0000000000,0,6958509.0251067057,40509.0214168738,1.0000000000
1,165.0000000000,0,6958504.1350125624,40504.1317561862,1.0000000000
1,165.0000000000,0,6958499.2449438777,40499.2420700376,1.0000000000
1,165.0000000000,0,6958494.3548976611,40494.3523614193,1.0000000000
1,165.0000000000,0,6958489.4648712734,40489.4626329708,1.0000000000
1,165.0000000000,0,6958484.5748623852,40484.5728870218,1.0000000000
1,165.0000000000,0,6958479.6848689411,40479.6831256281,1.0000000000
1,165.0000000000,0,6958474.7948891260,40474.7933506042,1.0000000000
1,165.0000000000,0,6958469.9049213398,40469.9035635513,1.0000000000
1,165.0000000000,0,6958465.0149641689,40465.0137658825,1.0000000000
1,165.0000000000,0,6958460.1250163671,40460.1239588449,1.0000000000
1,165.0000000000,0,6958455.2350768326,40455.2341435391,1.0000000000
1,165.0000000000,0,6958450.3451445950,40450.3443209364,1.0000000000
1,165.0000000000,0,6958445.4552187966,40445.4544918941,1.0000000000
1,165.0000000000,0,6958440.5652986821,40440.5646571685,1.0000000000
1,165.0000000000,0,6958435.6753835827,40435.6748174274,1.0000000000
1,165.0000000000,0,6958430.7854729099,40430.7849732599,1.0000000000
1,165.0000000000,0,6958425.8955661431,40425.8951251861,1.0000000000
1,165.0000000000,0,6958421.0056628240,40421.0052736649,1.0000000000
1,165.0000000000,0,6958416.1157625467,40416.1154191011,1.0000000000
1,165.0000000000,0,6958411.2258649543,40411.2255618524,1.0000000000
1,165.0000000000,0,6958406.3359697321,40406.3357022339,1.0000000000
1,165.0000000000,0,6958401.4460766008,40401.4458405242,1.0000000000
1,165.0000000000,0,6958396.5561853154,40396.5559769688,1.0000000000
1,165.0000000000,0,6958391.6662956588,40391.6661117847,1.0000000000
1,165.0000000000,0,6958386.7764074393,40386.7762451631,1.0000000000
1,165.0000000000,0,6958381.8865204882,40381.8863772730,1.0000000000
1,165.0000000000,0,6958376.9966346575,40376.9965082633,1.0000000000
1,165.0000000000,0,6958372.1067498140,40372.1066382655,1.0000000000
1,165.0000000000,0,6958367.2168658432,40367.2167673957,1.0000000000
1,165.0000000000,0,6958362.3269826416,40362.3268957565,1.0000000000
1,165.0000000000,0,6958357.4371001190,40357.4370234381,1.0000000000
1,165.0000000000,0,6958352.5472181961,40352.5471505203,1.0000000000
1,165.0000000000,0,6958347.6573368022,40347.6572770736,1.0000000000
1,165.0000000000,0,6958342.7674558749,40342.7674031601,1.0000000000
1,165.0000000000,0,6958337.8775753593,40337.8775288346,1.0000000000
1,165.0000000000,0,6958332.9876952078,40332.9876541456,1.0000000000
1,165.0000000000,0,6958328.0978153767,40328.0977791356,1.0000000000
1,165.0000000000,0,6958323.2079358287,40323.2079038426,1.0000000000
1,165.0000000000,0,6958318.3180565313,40318.3180282996,1.0000000000
1,165.0000000000,0,6958313.4281774536,40313.4281525360,1.0000000000
1,165.0000000000,0,6958308.5382985706,40308.5382765778,1.0000000000
1,165.0000000000,0,6958303.6484198598,40303.6484004479,1.0000000000
1,165.0000000000,0,6958298.7585413009,40298.7585241663,1.0000000000
1,165.0000000000,0,6958293.8686628751,40293.8686477509,1.0000000000
1,165.0000000000,0,6958288.9787845677,40288.9787712175,1.0000000000
1,165.0000000000,0,6958284.0889063645,40284.0888945799,1.0000000000
1,165.0000000000,0,6958279.1990282536,40279.1990178503,1.0000000000
1,165.0000000000,0,6958274.3091502236,40274.3091410396,1.0000000000
1,165.0000000000,0,6958269.4192722654,40269.4192641572,1.0000000000
1,165.0000000000,0,6958264.5293943705,40264.5293872117,1.0000000000
1,165.0000000000,0,6958259.6395165306,40259.6395102104,1.0000000000
1,165.0000000000,0,6958254.7496387400,40254.7496331599,1.0000000000
1,165.0000000000,0,6958249.8597609932,40249.8597560659,1.0000000000
1,165.0000000000,0,6958244.9698832845,40244.9698789335,1.0000000000
1,165.0000000000,0,6958240.0800056094,40240.0800017673,1.0000000000
1,165.0000000000,0,6958235.1901279651,40235.1901245712,1.0000000000
1,165.0000000000,0,6958230.3002503468,40230.3002473488,1.0000000000
1,165.0000000000,0,6958225.4103727518,40225.4103701031,1.0000000000
1,165.0000000000,0,6958220.5204951772,40220.5204928369,1.0000000000
1,165.0000000000,0,6958215.6306176204,40215.6306155526,1.0000000000
1,165.0000000000,0,6958210.7407400794,40210.7407382523,1.0000000000
1,165.0000000000,0,6958205.8508625533,40205.8508609378,1.0000000000
1,165.0000000000,0,6958200.9609850394,40200.9609836109,1.0000000000
1,165.0000000000,0,6958196.0711075366,40196.0711062731,1.0000000000
1,165.0000000000,0,6958191.1812300431,40191.1812289255,1.0000000000
1,165.0000000000,0,6958186.2913525579,40186.2913515694,1.0000000000
1,165.0000000000,0,6958181.4014750812,40181.4014742057,1.0000000000
1,165.0000000000,0,6958176.5115976110,40176.5115968353,1.0000000000
1,165.0000000000,0,6958171.6217201464,40171.6217194591,1.0000000000
1,165.0000000000,0,6958166.7318426874,40166.7318420777,1.0000000000
1,165.0000000000,0,6958161.8419652320,40161.8419646917,1.0000000000
1,165.0000000000,0,6958156.9520877814,40156.9520873017,1.0000000000
1,165.0000000000,0,6958152.0622103345,40152.0622099081,1.0000000000
1,165.0000000000,0,6958147.1723328903,40147.1723325113,1.0000000000
1,165.0000000000,0,6958142.2824554490,40142.2824551118,1.0000000000
1,165.0000000000,0,6958137.3925780104,40137.3925777099,1.0000000000
1,165.0000000000,0,6958132.5027005738,40132.5027003057,1.0000000000
1,165.0000000000,0,6958127.6128231389,40127.6128228997,1.0000000000
1,165.0000000000,0,6958122.7229457060,40122.7229454920,1.0000000000
1,165.0000000000,0,6958117.8330682740,40117.8330680828,1.0000000000
1,165.0000000000,0,6958112.9431908438,40112.9431906722,1.0000000000
1,165.0000000000,0,6958108.0533134146,40108.0533132605,1.0000000000
1,165.0000000000,0,6958103.1634359863,40103.1634358478,1.0000000000
1,170.0000000000,0,6958660.4131227843,40659.5152026320,0.3383902691
1,170.0000000000,0,6958655.8137968900,40654.7166282937,0.3383902691
1,170.0000000000,0,6958654.5258794893,40648.1957860835,0.3383902691
1,170.0000000000,0,6958652.9059645310,40641.7493925267,0.3383902691
1,170.0000000000,0,6958651.0212040823,40635.3753990837,0.3383902691
1,170.0000000000,0,6958648.8794295900,40629.0831088500,0.3383902691
1,170.0000000000,0,6958646.4925804362,40622.8796367998,0.3383902691
1,170.0000000000,0,6958643.8748172522,40616.7700189498,0.3383902691
1,170.0000000000,0,6958641.0418985859,40610.7571422515,0.3383902691
1,170.0000000000,0,6958638.0105200047,40604.8418351372,0.3383902691
1,170.0000000000,0,6958634.7976999115,40599.0230808538,0.3383902691
1,170.0000000000,0,6958631.4202565774,40593.2983109120,0.3383902691
1,170.0000000000,0,6958627.8943993971,40587.6637350183,0.3383902691
1,170.0000000000,0,6958624.2354380377,40582.1146705808,0.3383902691
1,170.0000000000,0,6958620.4575992879,40576.6458454106,0.3383902691
1,170.0000000000,0,6958616.5739336470,40571.2516582103,0.3383902691
1,170.0000000000,0,6958612.5962911146,40565.9263906823,0.3383902691
1,170.0000000000,0,6958608.5353465453,40560.6643717193,0.3383902691
1,170.0000000000,0,6958604.4006577684,40555.4600981794,0.3383902691
1,170.0000000000,0,6958600.2007431751,40550.3083187029,0.3383902691
1,170.0000000000,0,6958595.9431689167,40545.2040875370,0.3383902691
1,170.0000000000,0,6958591.6346387938,40540.1427949608,0.3383902691
1,170.0000000000,0,6958587.2810822940,40535.1201800879,0.3383902691
1,170.0000000000,0,6958582.8877379708,40530.1323308497,0.3383902691
1,170.0000000000,0,6958578.4592306372,40525.1756750053,0.3383902691
1,170.0000000000,0,6958573.9996416867,40520.2469651581,0.3383902691
1,170.0000000000,0,6958569.5125724329,40515.3432600416,0.3383902691
1,170.0000000000,0,6958565.0012006890,40510.4619037389,0.3383902691
1,170.0000000000,0,6958560.4683310268,40505.6005040448,0.3383902691
1,170.0000000000,0,6958555.9164392231,40500.7569108161,0.3383902691
1,170.0000000000,0,6958551.3477114681,40495.9291948899,0.3383902691
1,170.0000000000,0,6958546.7640788872,40491.1156279461,0.3383902691
1,170.0000000000,0,6958542.1672478933,40486.3146635454,0.3383902691
1,170.0000000000,0,6958537.5587268705,40481.5249194664,0.3383902691
1,170.0000000000,0,6958532.9398496151,40476.7451613910,0.3383902691
1,170.0000000000,0,6958528.3117959388,40471.9742879357,0.3383902691
1,170.0000000000,0,6958523.6756097758,40467.2113169904,0.3383902691
1,170.0000000000,0,6958519.0322151100,40462.4553733046,0.3383902691
1,170.0000000000,0,6958514.3824299844,40457.7056772466,0.3383902691
1,170.0000000000,0,6958509.7269788319,40452.9615346550,0.3383902691
1,170.0000000000,0,6958505.0665033422,40448.2223276986,0.3383902691
1,170.0000000000,0,6958500.4015720356,40443.4875066603,0.3383902691
1,170.0000000000,0,6958495.7326887036,40438.7565825653,0.3383902691
1,170.0000000000,0,6958491.0602998603,40434.0291205763,0.3383902691
1,170.0000000000,0,6958486.3848013179,40429.3047340821,0.3383902691
1,170.0000000000,0,6958481.7065439979,40424.5830794140,0.3383902691
1,170.0000000000,0,6958477.0258390587,40419.8638511259,0.3383902691
1,170.0000000000,0,6958472.3429624392,40415.1467777825,0.3383902691
1,170.0000000000,0,6958467.6581588676,40410.4316182031,0.3383902691
1,170.0000000000,0,6958462.9716454148,40405.7181581131,0.3383902691
1,170.0000000000,0,6958458.2836146355,40401.0062071612,0.3383902691
1,170.0000000000,0,6958453.5942373499,40396.2955962630,0.3383902691
1,170.0000000000,0,6958448.9036651077,40391.5861752365,0.3383902691
1,170.0000000000,0,6958444.2120323712,40386.8778106979,0.3383902691
1,170.0000000000,0,6958439.5194584476,40382.1703841898,0.3383902691
1,170.0000000000,0,6958434.8260492012,40377.4637905163,0.3383902691
1,170.0000000000,0,6958430.1318985745,40372.7579362629,0.3383902691
1,170.0000000000,0,6958425.4370899322,40368.0527384803,0.3383902691
1,170.0000000000,0,6958420.7416972555,40363.3481235145,0.3383902691
1,170.0000000000,0,6958416.0457862010,40358.6440259678,0.3383902691
1,170.0000000000,0,6958411.3494150378,40353.9403877743,0.3383902691
1,170.0000000000,0,6958406.6526354793,40349.2371573798,0.3383902691
1,170.0000000000,0,6958401.9554934250,40344.5342890123,0.3383902691
1,170.0000000000,0,6958397.2580296118,40339.8317420343,0.3383902691
1,170.0000000000,0,6958392.5602801954,40335.1294803675,0.3383902691
1,170.0000000000,0,6958387.8622772684,40330.4274719819,0.3383902691
1,170.0000000000,0,6958383.1640493153,40325.7256884417,0.3383902691
1,170.0000000000,0,6958378.4656216186,40321.0241045025,0.3383902691
1,170.0000000000,0,6958373.7670166194,40316.3226977533,0.3383902691
1,170.0000000000,0,6958369.0682542371,40311.6214482987,0.3383902691
1,170.0000000000,0,6958364.3693521526,40306.9203384766,0.3383902691
1,170.0000000000,0,6958359.6703260597,40302.2193526077,0.3383902691
1,170.0000000000,0,6958354.9711898891,40297.5184767730,0.3383902691
1,170.0000000000,0,6958350.2719560070,40292.8176986161,0.3383902691
1,170.0000000000,0,6958345.5726353889,40288.1170071682,0.3383902691
1,170.0000000000,0,6958340.8732377784,40283.4163926918,0.3383902691
1,170.0000000000,0,6958336.1737718228,40278.7158465430,0.3383902691
1,170.0000000000,0,6958331.4742451999,40274.0153610485,0.3383902691
1,170.0000000000,0,6958326.7746647242,40269.3149293965,0.3383902691
1,170.0000000000,0,6958322.0750364447,40264.6145455402,0.3383902691
1,170.0000000000,0,6958317.3753657313,40259.9142041119,0.3383902691
1,170.0000000000,0,6958312.6756573496,40255.2139003465,0.3383902691
1,170.0000000000,0,6958307.9759155307,40250.5136300144,0.3383902691
1,170.0000000000,0,6958303.2761440305,40245.8133893606,0.3383902691
1,170.0000000000,0,6958298.5763461823,40241.1131750519,0.3383902691
1,170.0000000000,0,6958293.8765249457,40236.4129841297,0.3383902691
1,170.0000000000,0,6958289.1766829481,40231.7128139672,0.3383902691
1,170.0000000000,0,6958284.4768225206,40227.0126622329,0.3383902691
1,170.0000000000,0,6958279.7769457335,40222.3125268573,0.3383902691
1,170.0000000000,0,6958275.0770544242,40217.6124060029,0.3383902691
1,170.0000000000,0,6958270.3771502245,40212.9122980388,0.3383902691
1,170.0000000000,0,6958265.6772345817,40208.2122015174,0.3383902691
1,170.0000000000,0,6958260.9773087809,40203.5121151534,0.3383902691
1,170.0000000000,0,6958256.2773739630,40198.8120378061,0.3383902691
1,170.0000000000,0,6958251.5774311414,40194.1119684628,0.3383902691
1,170.0000000000,0,6958246.8774812147,40189.4119062245,0.3383902691
1,170.0000000000,0,6958242.1775249802,40184.7118502932,0.3383902691
1,170.0000000000,0,6958237.4775631474,40180.0117999606,0.3383902691
1,170.0000000000,0,6958232.7775963442,40175.3117545979,0.3383902691
1,170.0000000000,0,6958228.0776251294,40170.6117136468,0.3383902691
1,170.0000000000,0,6958223.3776499983,40165.9116766119,0.3383902691
1,170.0000000000,0,6958218.6776713906,40161.2116430533,0.3383902691
1,170.0000000000,0,6958213.9776896974,40156.5116125807,0.3383902691
1,170.0000000000,0,6958209.2777052652,40151.8115848473,0.3383902691
1,170.0000000000,0,6958204.5777184013,40147.1115595456,0.3383902691
1,170.0000000000,0,6958199.8777293786,40142.4115364024,0.3383902691
1,170.0000000000,0,6958195.1777384393,40137.7115151754,0.3383902691
1,170.0000000000,0,6958190.4777457993,40133.0114956492,0.3383902691
1,170.0000000000,0,6958185.7777516497,40128.3114776329,0.3383902691
1,170.0000000000,0,6958181.0777561599,40123.6114609569,0.3383902691
1,170.0000000000,0,6958176.3777594799,40118.9114454706,0.3383902691
1,170.0000000000,0,6958171.6777617438,40114.2114310405,0.3383902691
1,170.0000000000,0,6958166.9777630707,40109.5114175478,0.3383902691
1,170.0000000000,0,6958162.2777635651,40104.8114048874,0.3383902691
1,170.0000000000,0,6958157.5777633209,40100.1113929657,0.3383902691
1,170.0000000000,0,6958152.8777624210,40095.4113816997,0.3383902691
1,170.0000000000,0,6958148.1777609391,40090.7113710159,0.3383902691
1,170.0000000000,0,6958143.4777589403,40086.0113608489,0.3383902691
1,170.0000000000,0,6958138.7777564824,40081.3113511405,0.3383902691
1,170.0000000000,0,6958134.0777536174,40076.6113418394,0.3383902691
1,170.0000000000,1,6958660.4131227843,40659.5152026320,0.3096504960
1,170.0000000000,1,6958655.8137968900,40654.7166282937,0.3096504960
1,170.0000000000,1,6958652.8188382946,40648.7827983861,0.3096504960
1,170.0000000000,1,6958649.6593183437,40642.9349314213,0.3096504960
1,170.0000000000,1,6958646.3302967930,40637.1818687694,0.3096504960
1,170.0000000000,1,6958642.8480073772,40631.5202634506,0.3096504960
1,170.0000000000,1,6958639.2280557314,40625.9456724838,0.3096504960
1,170.0000000000,1,6958635.4850123040,40620.4529736698,0.3096504960
1,170.0000000000,1,6958631.6322914716,40615.0366412805,0.3096504960
1,170.0000000000,1,6958627.6821083790,40609.6909731371,0.3096504960
1,170.0000000000,1,6958623.6454911195,40604.4102690682,0.3096504960
1,170.0000000000,1,6958619.5323304404,40599.1889642897,0.3096504960
1,170.0000000000,1,6958615.3514525946,40594.0217237498,0.3096504960
1,170.0000000000,1,6958611.1107044620,40588.9035043679,0.3096504960
1,170.0000000000,1,6958606.8170432039,40583.8295919369,0.3096504960
1,170.0000000000,1,6958602.4766252255,40578.7956187415,0.3096504960
1,170.0000000000,1,6958598.0948911905,40573.7975670002,0.3096504960
1,170.0000000000,1,6958593.6766452035,40568.8317622555,0.3096504960
1,170.0000000000,1,6958589.2261272594,40563.8948599482,0.3096504960
1,170.0000000000,1,6958584.7470786981,40558.9838276385,0.3096504960
1,170.0000000000,1,6958580.2428008076,40554.0959247090,0.3096504960
1,170.0000000000,1,6958575.7162069557,40549.2286808830,0.3096504960
1,170.0000000000,1,6958571.1698687496,40544.3798745068,0.3096504960
1,170.0000000000,1,6958566.6060567815,40539.5475112464,0.3096504960
1,170.0000000000,1,6958562.0267765205,40534.7298036324,0.3096504960
1,170.0000000000,1,6958557.4337998843,40529.9251517218,0.3096504960
1,170.0000000000,1,6958552.8286929904,40525.1321250315,0.3096504960
1,170.0000000000,1,6958548.2128405413,40520.3494458106,0.3096504960
1,170.0000000000,1,6958543.5874672560,40515.5759736645,0.3096504960
1,170.0000000000,1,6958538.9536567014,40510.8106915005,0.3096504960
1,170.0000000000,1,6958534.3123678537,40506.0526927413,0.3096504960
1,170.0000000000,1,6958529.6644496657,40501.3011697349,0.3096504960
1,170.0000000000,1,6958525.0106538879,40496.5554032824,0.3096504960
1,170.0000000000,1,6958520.3516463600,40491.8147531989,0.3096504960
1,170.0000000000,1,6958515.6880169585,40487.0786498248,0.3096504960
1,170.0000000000,1,6958511.0202883724,40482.3465864051,0.3096504960
1,170.0000000000,1,6958506.3489238387,40477.6181122585,0.3096504960
1,170.0000000000,1,6958501.6743339747,40472.8928266623,0.3096504960
1,170.0000000000,1,6958496.9968828103,40468.1703733839,0.3096504960
1,170.0000000000,1,6958492.3168931175,40463.4504357957,0.3096504960
1,170.0000000000,1,6958487.6346511217,40458.7327325141,0.3096504960
1,170.0000000000,1,6958482.9504106678,40454.0170135098,0.3096504960
1,170.0000000000,1,6958478.2643969050,40449.3030566393,0.3096504960
1,170.0000000000,1,6958473.5768095497,40444.5906645554,0.3096504960
1,170.0000000000,1,6958468.8878257731,40439.8796619550,0.3096504960
1,170.0000000000,1,6958464.1976027545,40435.1698931291,0.3096504960
1,170.0000000000,1,6958459.5062799482,40430.4612197823,0.3096504960
1,170.0000000000,1,6958454.8139810888,40425.7535190933,0.3096504960
1,170.0000000000,1,6958450.1208159700,40421.0466819891,0.3096504960
1,170.0000000000,1,6958445.4268820165,40416.3406116108,0.3096504960
1,170.0000000000,1,6958440.7322656848,40411.6352219497,0.3096504960
1,170.0000000000,1,6958436.0370436981,40406.9304366346,0.3096504960
1,170.0000000000,1,6958431.3412841456,40402.2261878541,0.3096504960
1,170.0000000000,1,6958426.6450474551,40397.5224153992,0.3096504960
1,170.0000000000,1,6958421.9483872559,40392.8190658122,0.3096504960
1,170.0000000000,1,6958417.2513511470,40388.1160916310,0.3096504960
1,170.0000000000,1,6958412.5539813731,40383.4134507171,0.3096504960
1,170.0000000000,1,6958407.8563154293,40378.7111056596,0.3096504960
1,170.0000000000,1,6958403.1583865955,40374.0090232452,0.3096504960
1,170.0000000000,1,6958398.4602244105,40369.3071739875,0.3096504960
1,170.0000000000,1,6958393.7618550919,40364.6055317094,0.3096504960
1,170.0000000000,1,6958389.0633019125,40359.9040731716,0.3096504960
1,170.0000000000,1,6958384.3645855282,40355.2027777434,0.3096504960
1,170.0000000000,1,6958379.6657242747,40350.5016271100,0.3096504960
1,170.0000000000,1,6958374.9667344261,40345.8006050125,0.3096504960
1,170.0000000000,1,6958370.2676304281,40341.0996970174,0.3096504960
1,170.0000000000,1,6958365.5684251040,40336.3988903116,0.3096504960
1,170.0000000000,1,6958360.8691298366,40331.6981735208,0.3096504960
1,170.0000000000,1,6958356.1697547287,40326.9975365475,0.3096504960
1,170.0000000000,1,6958351.4703087490,40322.2969704283,0.3096504960
1,170.0000000000,1,6958346.7707998576,40317.5964672060,0.3096504960
1,170.0000000000,1,6958342.0712351222,40312.8960198172,0.3096504960
1,170.0000000000,1,6958337.3716208143,40308.1956219915,0.3096504960
1,170.0000000000,1,6958332.6719625024,40303.4952681626,0.3096504960
1,170.0000000000,1,6958327.9722651299,40298.7949533894,0.3096504960
1,170.0000000000,1,6958323.2725330833,40294.0946732856,0.3096504960
1,170.0000000000,1,6958318.5727702575,40289.3944239575,0.3096504960
1,170.0000000000,1,6958313.8729801103,40284.6942019488,0.3096504960
1,170.0000000000,1,6958309.1731657097,40279.9940041913,0.3096504960
1,170.0000000000,1,6958304.4733297797,40275.2938279612,0.3096504960
1,170.0000000000,1,6958299.7734747389,40270.5936708408,0.3096504960
1,170.0000000000,1,6958295.0736027332,40265.8935306839,0.3096504960
1,170.0000000000,1,6958290.3737156689,40261.1934055853,0.3096504960
1,170.0000000000,1,6958285.6738152364,40256.4932938537,0.3096504960
1,170.0000000000,1,6958280.9739029380,40251.7931939878,0.3096504960
1,170.0000000000,1,6958276.2739801062,40247.0931046551,0.3096504960
1,170.0000000000,1,6958271.5740479240,40242.3930246724,0.3096504960
1,170.0000000000,1,6958266.8741074419,40237.6929529897,0.3096504960
1,170.0000000000,1,6958262.1741595911,40232.9928886748,0.3096504960
1,170.0000000000,1,6958257.4742052006,40228.2928309001,0.3096504960
1,170.0000000000,1,6958252.7742450042,40223.5927789312,0.3096504960
1,170.0000000000,1,6958248.0742796538,40218.8927321158,0.3096504960
1,170.0000000000,1,6958243.3743097289,40214.1926898753,0.3096504960
1,170.0000000000,1,6958238.6743357424,40209.4926516959,0.3096504960
1,170.0000000000,1,6958233.9743581507,40204.7926171213,0.3096504960
1,170.0000000000,1,6958229.2743773591,40200.0925857467,0.3096504960
1,170.0000000000,1,6958224.5743937269,40195.3925572127,0.3096504960
1,170.0000000000,1,6958219.8744075736,40190.6925312003,0.3096504960
1,170.0000000000,1,6958215.1744191814,40185.9925074262,0.3096504960
1,170.0000000000,1,6958210.4744288027,40181.2924856391,0.3096504960
1,170.0000000000,1,6958205.7744366601,40176.5924656158,0.3096504960
1,170.0000000000,1,6958201.0744429519,40171.8924471582,0.3096504960
1,170.0000000000,1,6958196.3744478533,40167.1924300904,0.3096504960
1,170.0000000000,1,6958191.6744515216,40162.4924142564,0.3096504960
1,170.0000000000,1,6958186.9744540947,40157.7923995175,0.3096504960
1,170.0000000000,1,6958182.2744556954,40153.0923857509,0.3096504960
1,170.0000000000,1,6958177.5744564328,40148.3923728472,0.3096504960
1,170.0000000000,1,6958172.8744564047,40143.6923607096,0.3096504960
1,170.0000000000,1,6958168.1744556958,40138.9923492520,0.3096504960
1,170.0000000000,1,6958163.4744543834,40134.2923383981,0.3096504960
1,170.0000000000,1,6958158.7744525354,40129.5923280800,0.3096504960
1,170.0000000000,1,6958154.0744502116,40124.8923182375,0.3096504960
1,170.0000000000,1,6958149.3744474659,40120.1923088173,0.3096504960
1,170.0000000000,1,6958144.6744443448,40115.4922997719,0.3096504960
1,170.0000000000,1,6958139.9744408913,40110.7922910592,0.3096504960
1,170.0000000000,1,6958135.2744371425,40106.0922826418,0.3096504960
1,170.0000000000,1,6958130.5744331321,40101.3922744866,0.3096504960
1,170.0000000000,1,6958125.8744288888,40096.6922665642,0.3096504960
1,170.0000000000,1,6958121.1744244387,40091.9922588483,0.3096504960
1,170.0000000000,1,6958116.4744198052,40087.2922513159,0.3096504960
1,170.0000000000,2,6958660.4131227843,40659.5152026320,0.2938465620
1,170.0000000000,2,6958655.8137968900,40654.7166282937,0.2938465620
1,170.0000000000,2,6958651.1051351717,40650.0252938153,0.2938465620
1,170.0000000000,2,6958646.3949879110,40645.3354508391,0.2938465620
1,170.0000000000,2,6958641.6859162534,40640.6445278505,0.2938465620
1,170.0000000000,2,6958636.9778603334,40635.9525854149,0.2938465620
1,170.0000000000,2,6958632.2707077963,40631.2597366690,0.2938465620
1,170.0000000000,2,6958627.5643573646,40626.5660835103,0.2938465620
1,170.0000000000,2,6958622.8587190667,40621.8717163994,0.2938465620
1,170.0000000000,2,6958618.1537130112,40617.1767156135,0.2938465620
1,170.0000000000,2,6958613.4492682600,40612.4811523947,0.2938465620
1,170.0000000000,2,6958608.7453218261,40607.7850899685,0.2938465620
1,170.0000000000,2,6958604.0418177862,40603.0885844473,0.2938465620
1,170.0000000000,2,6958599.3387064887,40598.3916856320,0.2938465620
1,170.0000000000,2,6958594.6359438496,40593.6944377228,0.2938465620
1,170.0000000000,2,6958589.9334907318,40588.9968799496,0.2938465620
1,170.0000000000,2,6958585.2313123876,40584.2990471317,0.2938465620
1,170.0000000000,2,6958580.5293779708,40579.6009701743,0.2938465620
1,170.0000000000,2,6958575.8276600940,40574.9026765083,0.2938465620
1,170.0000000000,2,6958571.1261344459,40570.2041904817,0.2938465620
1,170.0000000000,2,6958566.4247794431,40565.5055337058,0.2938465620
1,170.0000000000,2,6958561.7235759245,40560.8067253637,0.2938465620
1,170.0000000000,2,6958557.0225068806,40556.1077824824,0.2938465620
1,170.0000000000,2,6958552.3215572108,40551.4087201760,0.2938465620
1,170.0000000000,2,6958547.6207135096,40546.7095518602,0.2938465620
1,170.0000000000,2,6958542.9199638776,40542.0102894434,0.2938465620
1,170.0000000000,2,6958538.2192977518,40537.3109434960,0.2938465620
1,170.0000000000,2,6958533.5187057536,40532.6115234011,0.2938465620
1,170.0000000000,2,6958528.8181795590,40527.9120374875,0.2938465620
1,170.0000000000,2,6958524.1177117778,40523.2124931483,0.2938465620
1,170.0000000000,2,6958519.4172958499,40518.5128969462,0.2938465620
1,170.0000000000,2,6958514.7169259517,40513.8132547068,0.2938465620
1,170.0000000000,2,6958510.0165969133,40509.1135716009,0.2938465620
1,170.0000000000,2,6958505.3163041463,40504.4138522189,0.2938465620
1,170.0000000000,2,6958500.6160435779,40499.7141006352,0.2938465620
1,170.0000000000,2,6958495.9158115909,40495.0143204669,0.2938465620
1,170.0000000000,2,6958491.2156049758,40490.3145149244,0.2938465620
1,170.0000000000,2,6958486.5154208830,40485.6146868579,0.2938465620
1,170.0000000000,2,6958481.8152567828,40480.9148387971,0.2938465620
1,170.0000000000,2,6958477.1151104299,40476.2149729879,0.2938465620
1,170.0000000000,2,6958472.4149798313,40471.5150914236,0.2938465620
1,170.0000000000,2,6958467.7148632174,40466.8151958739,0.2938465620
1,170.0000000000,2,6958463.0147590181,40462.1152879095,0.2938465620
1,170.0000000000,2,6958458.3146658381,40457.4153689248,0.2938465620
1,170.0000000000,2,6958453.6145824408,40452.7154401577,0.2938465620
1,170.0000000000,2,6958448.9145077262,40448.0155027067,0.2938465620
1,170.0000000000,2,6958444.2144407202,40443.3155575474,0.2938465620
1,170.0000000000,2,6958439.5143805565,40438.6156055453,0.2938465620
1,170.0000000000,2,6958434.8143264670,40433.9156474691,0.2938465620
1,170.0000000000,2,6958430.1142777698,40429.2156840011,0.2938465620
1,170.0000000000,2,6958425.4142338587,40424.5157157466,0.2938465620
1,170.0000000000,2,6958420.7141941963,40419.8157432435,0.2938465620
1,170.0000000000,2,6958416.0141583048,40415.1157669689,0.2938465620
1,170.0000000000,2,6958411.3141257614,40410.4157873464,0.2938465620
1,170.0000000000,2,6958406.6140961898,40405.7158047519,0.2938465620
1,170.0000000000,2,6958401.9140692567,40401.0158195193,0.2938465620
1,170.0000000000,2,6958397.2140446650,40396.3158319449,0.2938465620
1,170.0000000000,2,6958392.5140221519,40391.6158422917,0.2938465620
1,170.0000000000,2,6958387.8140014848,40386.9158507932,0.2938465620
1,170.0000000000,2,6958383.1139824549,40382.2158576566,0.2938465620
1,170.0000000000,2,6958378.4139648797,40377.5158630660,0.2938465620
1,170.0000000000,2,6958373.7139485953,40372.8158671846,0.2938465620
1,170.0000000000,2,6958369.0139334565,40368.1158701574,0.2938465620
1,170.0000000000,2,6958364.3139193347,40363.4158721131,0.2938465620
1,170.0000000000,2,6958359.6139061153,40358.7158731659,0.2938465620
1,170.0000000000,2,6958354.9138936978,40354.0158734173,0.2938465620
1,170.0000000000,2,6958350.2138819918,40349.3158729572,0.2938465620
1,170.0000000000,2,6958345.5138709173,40344.6158718655,0.2938465620
1,170.0000000000,2,6958340.8138604034,40339.9158702133,0.2938465620
1,170.0000000000,2,6958336.1138503868,40335.2158680634,0.2938465620
1,170.0000000000,2,6958331.4138408126,40330.5158654717,0.2938465620
1,170.0000000000,2,6958326.7138316305,40325.8158624879,0.2938465620
1,170.0000000000,2,6958322.0138227968,40321.1158591560,0.2938465620
1,170.0000000000,2,6958317.3138142712,40316.4158555151,0.2938465620
1,170.0000000000,2,6958312.6138060205,40311.7158516000,0.2938465620
1,170.0000000000,2,6958307.9137980128,40307.0158474413,0.2938465620
1,170.0000000000,2,6958303.2137902211,40302.3158430665,0.2938465620
1,170.0000000000,2,6958298.5137826214,40297.6158384999,0.2938465620
1,170.0000000000,2,6958293.8137751920,40292.9158337629,0.2938465620
1,170.0000000000,2,6958289.1137679145,40288.2158288747,0.2938465620
1,170.0000000000,2,6958284.4137607710,40283.5158238523,0.2938465620
1,170.0000000000,2,6958279.7137537468,40278.8158187108,0.2938465620
1,170.0000000000,2,6958275.0137468278,40274.1158134636,0.2938465620
1,170.0000000000,2,6958270.3137400029,40269.4158081225,0.2938465620
1,170.0000000000,2,6958265.6137332609,40264.7158026980,0.2938465620
1,170.0000000000,2,6958260.9137265934,40260.0157971996,0.2938465620
1,170.0000000000,2,6958256.2137199910,40255.3157916355,0.2938465620
1,170.0000000000,2,6958251.5137134474,40250.6157860132,0.2938465620
1,170.0000000000,2,6958246.8137069549,40245.9157803391,0.2938465620
1,170.0000000000,2,6958242.1137005091,40241.2157746190,0.2938465620
1,170.0000000000,2,6958237.4136941042,40236.5157688582,0.2938465620
1,170.0000000000,2,6958232.7136877347,40231.8157630612,0.2938465620
1,170.0000000000,2,6958228.0136813978,40227.1157572320,0.2938465620
1,170.0000000000,2,6958223.3136750897,40222.4157513744,0.2938465620
1,170.0000000000,2,6958218.6136688069,40217.7157454914,0.2938465620
1,170.0000000000,2,6958213.9136625463,40213.0157395860,0.2938465620
1,170.0000000000,2,6958209.2136563053,40208.3157336606,0.2938465620
1,170.0000000000,2,6958204.5136500821,40203.6157277175,0.2938465620
1,170.0000000000,2,6958199.8136438746,40198.9157217587,0.2938465620
1,170.0000000000,2,6958195.1136376811,40194.2157157860,0.2938465620
1,170.0000000000,2,6958190.4136314997,40189.5157098008,0.2938465620
1,170.0000000000,2,6958185.7136253295,40184.8157038046,0.2938465620
1,170.0000000000,2,6958181.0136191696,40180.1156977987,0.2938465620
1,170.0000000000,2,6958176.3136130180,40175.4156917841,0.2938465620
1,170.0000000000,2,6958171.6136068739,40170.7156857618,0.2938465620
1,170.0000000000,2,6958166.9136007372,40166.0156797326,0.2938465620
1,170.0000000000,2,6958162.2135946061,40161.3156736974,0.2938465620
1,170.0000000000,2,6958157.5135884807,40156.6156676569,0.2938465620
1,170.0000000000,2,6958152.8135823598,40151.9156616115,0.2938465620
1,170.0000000000,2,6958148.1135762436,40147.2156555620,0.2938465620
1,170.0000000000,2,6958143.4135701312,40142.5156495086,0.2938465620
1,170.0000000000,2,6958138.7135640215,40137.8156434520,0.2938465620
1,170.0000000000,2,6958134.0135579146,40133.1156373924,0.2938465620
1,170.0000000000,2,6958129.3135518106,40128.4156313301,0.2938465620
1,170.0000000000,2,6958124.6135457093,40123.7156252655,0.2938465620
1,170.0000000000,2,6958119.9135396099,40119.0156191988,0.2938465620
1,170.0000000000,2,6958115.2135335123,40114.3156131303,0.2938465620
1,170.0000000000,2,6958110.5135274166,40109.6156070601,0.2938465620
1,170.0000000000,2,6958105.8135213219,40104.9156009885,0.2938465620
1,170.0000000000,2,6958101.1135152290,40100.2155949157,0.2938465620
1,170.0000000000,3,6958660.4131227843,40659.5152026320,0.0165257832
1,170.0000000000,3,6958655.8137968900,40654.7166282937,0.0165257832
1,170.0000000000,3,6958649.8689659853,40651.7435659197,0.0165257832
1,170.0000000000,3,6958644.0087280404,40648.6070510396,0.0165257832
1,170.0000000000,3,6958638.2436394868,40645.2988992392,0.0165257832
1,170.0000000000,3,6958632.5705142953,40641.8354089587,0.0165257832
1,170.0000000000,3,6958626.9850187050,40638.2323056611,0.0165257832
1,170.0000000000,3,6958621.4821013184,40634.5043015580,0.0165257832
1,170.0000000000,3,6958616.0562745035,40630.6649633677,0.0165257832
1,170.0000000000,3,6958610.7018477581,40626.7266606128,0.0165257832
1,170.0000000000,3,6958605.4131122883,40622.7005717547,0.0165257832
1,170.0000000000,3,6958600.1844798783,40618.5967299597,0.0165257832
1,170.0000000000,3,6958595.0105818659,40614.4240936561,0.0165257832
1,170.0000000000,3,6958589.8863351215,40610.1906305743,0.0165257832
1,170.0000000000,3,6958584.8069818439,40605.9034071551,0.0165257832
1,170.0000000000,3,6958579.7681093533,40601.5686778229,0.0165257832
1,170.0000000000,3,6958574.7656551003,40597.1919706355,0.0165257832
1,170.0000000000,3,6958569.7959011504,40592.7781672826,0.0165257832
1,170.0000000000,3,6958564.8554614820,40588.3315764264,0.0165257832
1,170.0000000000,3,6958559.9412646508,40583.8560000537,0.0165257832
1,170.0000000000,3,6958555.0505337333,40579.3547929427,0.0165257832
1,170.0000000000,3,6958550.1807649368,40574.8309155977,0.0165257832
1,170.0000000000,3,6958545.3297058698,40570.2869811470,0.0165257832
1,170.0000000000,3,6958540.4953341577,40565.7252967529,0.0165257832
1,170.0000000000,3,6958535.6758368602,40561.1479000953,0.0165257832
1,170.0000000000,3,6958530.8695909791,40556.5565914700,0.0165257832
1,170.0000000000,3,6958526.0751452232,40551.9529620042,0.0165257832
1,170.0000000000,3,6958521.2912031077,40547.3384184519,0.0165257832
1,170.0000000000,3,6958516.5166074038,40542.7142049811,0.0165257832
1,170.0000000000,3,6958511.7503259182,40538.0814223227,0.0165257832
1,170.0000000000,3,6958506.9914385471,40533.4410446064,0.0165257832
1,170.0000000000,3,6958502.2391255377,40528.7939341687,0.0165257832
1,170.0000000000,3,6958497.4926568754,40524.1408545867,0.0165257832
1,170.0000000000,3,6958492.7513827169,40519.4824821542,0.0165257832
1,170.0000000000,3,6958488.0147247864,40514.8194159944,0.0165257832
1,170.0000000000,3,6958483.2821686445,40510.1521869741,0.0165257832
1,170.0000000000,3,6958478.5532567622,40505.4812655690,0.0165257832
1,170.0000000000,3,6958473.8275823174,40500.8070688037,0.0165257832
1,170.0000000000,3,6958469.1047836458,40496.1299663813,0.0165257832
1,170.0000000000,3,6958464.3845392857,40491.4502860990,0.0165257832
1,170.0000000000,3,6958459.6665635528,40486.7683186336,0.0165257832
1,170.0000000000,3,6958454.9506025920,40482.0843217745,0.0165257832
1,170.0000000000,3,6958450.2364308573,40477.3985241673,0.0165257832
1,170.0000000000,3,6958445.5238479758,40472.7111286273,0.0165257832
1,170.0000000000,3,6958440.8126759557,40468.0223150716,0.0165257832
1,170.0000000000,3,6958436.1027566977,40463.3322431161,0.0165257832
1,170.0000000000,3,6958431.3939497834,40458.6410543751,0.0165257832
1,170.0000000000,3,6958426.6861305032,40453.9488744994,0.0165257832
1,170.0000000000,3,6958421.9791881079,40449.2558149808,0.0165257832
1,170.0000000000,3,6958417.2730242489,40444.5619747524,0.0165257832
1,170.0000000000,3,6958412.5675515933,40439.8674416071,0.0165257832
1,170.0000000000,3,6958407.8626925955,40435.1722934544,0.0165257832
1,170.0000000000,3,6958403.1583784008,40430.4765994355,0.0165257832
1,170.0000000000,3,6958398.4545478728,40425.7804209120,0.0165257832
1,170.0000000000,3,6958393.7511467300,40421.0838123424,0.0165257832
1,170.0000000000,3,6958389.0481267804,40416.3868220602,0.0165257832
1,170.0000000000,3,6958384.3454452353,40411.6894929629,0.0165257832
1,170.0000000000,3,6958379.6430641077,40406.9918631250,0.0165257832
1,170.0000000000,3,6958374.9409496728,40402.2939663400,0.0165257832
1,170.0000000000,3,6958370.2390719894,40397.5958326028,0.0165257832
1,170.0000000000,3,6958365.5374044776,40392.8974885365,0.0165257832
1,170.0000000000,3,6958360.8359235385,40388.1989577720,0.0165257832
1,170.0000000000,3,6958356.1346082250,40383.5002612845,0.0165257832
1,170.0000000000,3,6958351.4334399393,40378.8014176920,0.0165257832
1,170.0000000000,3,6958346.7324021710,40374.1024435204,0.0165257832
1,170.0000000000,3,6958342.0314802648,40369.4033534387,0.0165257832
1,170.0000000000,3,6958337.3306612102,40364.7041604677,0.0165257832
1,170.0000000000,3,6958332.6299334578,40360.0048761652,0.0165257832
1,170.0000000000,3,6958327.9292867538,40355.3055107907,0.0165257832
1,170.0000000000,3,6958323.2287119962,40350.6060734508,0.0165257832
1,170.0000000000,3,6958318.5282011060,40345.9065722292,0.0165257832
1,170.0000000000,3,6958313.8277469100,40341.2070143016,0.0165257832
1,170.0000000000,3,6958309.1273430418,40336.5074060375,0.0165257832
1,170.0000000000,3,6958304.4269838491,40331.8077530907,0.0165257832
1,170.0000000000,3,6958299.7266643140,40327.1080604802,0.0165257832
1,170.0000000000,3,6958295.0263799839,40322.4083326611,0.0165257832
1,170.0000000000,3,6958290.3261269042,40317.7085735880,0.0165257832
1,170.0000000000,3,6958285.6259015650,40313.0087867715,0.0165257832
1,170.0000000000,3,6958280.9257008508,40308.3089753276,0.0165257832
1,170.0000000000,3,6958276.2255219966,40303.6091420224,0.0165257832
1,170.0000000000,3,6958271.5253625466,40298.9092893115,0.0165257832
1,170.0000000000,3,6958266.8252203213,40294.2094193744,0.0165257832
1,170.0000000000,3,6958262.1250933865,40289.5095341459,0.0165257832
1,170.0000000000,3,6958257.4249800248,40284.8096353435,0.0165257832
1,170.0000000000,3,6958252.7248787126,40280.1097244917,0.0165257832
1,170.0000000000,3,6958248.0247880956,40275.4098029440,0.0165257832
1,170.0000000000,3,6958243.3247069735,40270.7098719016,0.0165257832
1,170.0000000000,3,6958238.6246342789,40266.0099324310,0.0165257832
1,170.0000000000,3,6958233.9245690657,40261.3099854788,0.0165257832
1,170.0000000000,3,6958229.2245104937,40256.6100318854,0.0165257832
1,170.0000000000,3,6958224.5244578170,40251.9100723965,0.0165257832
1,170.0000000000,3,6958219.8244103733,40247.2101076744,0.0165257832
1,170.0000000000,3,6958215.1243675752,40242.5101383068,0.0165257832
1,170.0000000000,3,6958210.4243289009,40237.8101648156,0.0165257832
1,170.0000000000,3,6958205.7242938867,40233.1101876638,0.0165257832
1,170.0000000000,3,6958201.0242621219,40228.4102072626,0.0165257832
1,170.0000000000,3,6958196.3242332414,40223.7102239769,0.0165257832
1,170.0000000000,3,6958191.6242069211,40219.0102381307,0.0165257832
1,170.0000000000,3,6958186.9241828742,40214.3102500117,0.0165257832
1,170.0000000000,3,6958182.2241608445,40209.6102598750,0.0165257832
1,170.0000000000,3,6958177.5241406057,40204.9102679472,0.0165257832
1,170.0000000000,3,6958172.8241219576,40200.2102744296,0.0165257832
1,170.0000000000,3,6958168.1241047205,40195.5102795007,0.0165257832
1,170.0000000000,3,6958163.4240887361,40190.8102833191,0.0165257832
1,170.0000000000,3,6958158.7240738636,40186.1102860253,0.0165257832
1,170.0000000000,3,6958154.0240599783,40181.4102877444,0.0165257832
1,170.0000000000,3,6958149.3240469694,40176.7102885872,0.0165257832
1,170.0000000000,3,6958144.6240347382,40172.0102886521,0.0165257832
1,170.0000000000,3,6958139.9240231980,40167.3102880266,0.0165257832
1,170.0000000000,3,6958135.2240122706,40162.6102867880,0.0165257832
1,170.0000000000,3,6958130.5240018871,40157.9102850053,0.0165257832
1,170.0000000000,3,6958125.8239919869,40153.2102827397,0.0165257832
1,170.0000000000,3,6958121.1239825152,40148.5102800453,0.0165257832
1,170.0000000000,3,6958116.4239734244,40143.8102769703,0.0165257832
1,170.0000000000,3,6958111.7239646707,40139.1102735575,0.0165257832
1,170.0000000000,3,6958107.0239562169,40134.4102698448,0.0165257832
1,170.0000000000,3,6958102.3239480294,40129.7102658658,0.0165257832
1,170.0000000000,3,6958097.6239400785,40125.0102616505,0.0165257832
1,170.0000000000,3,6958092.9239323372,40120.3102572254,0.0165257832
1,170.0000000000,3,6958088.2239247821,40115.6102526141,0.0165257832
1,170.0000000000,4,6958660.4131227843,40659.5152026320,0.0415868898
1,170.0000000000,4,6958655.8137968900,40654.7166282937,0.0415868898
1,170.0000000000,4,6958649.2882509110,40653.4527596144,0.0415868898
1,170.0000000000,4,6958642.8369091311,40651.8526647427,0.0415868898
1,170.0000000000,4,6958636.4572173618,40649.9872834699,0.0415868898
1,170.0000000000,4,6958630.1586261364,40647.8641106228,0.0415868898
1,170.0000000000,4,6958623.9483966939,40645.4948988066,0.0415868898
1,170.0000000000,4,6958617.8317232374,40642.8936644491,0.0415868898
1,170.0000000000,4,6958611.8116500638,40640.0760709104,0.0415868898
1,170.0000000000,4,6958605.8891515909,40637.0587664514,0.0415868898
1,170.0000000000,4,6958600.0633380050,40633.8587648235,0.0415868898
1,170.0000000000,4,6958594.3317443291,40630.4929145156,0.0415868898
1,170.0000000000,4,6958588.6906590387,40626.9774812403,0.0415868898
1,170.0000000000,4,6958583.1354546398,40623.3278485947,0.0415868898
1,170.0000000000,4,6958577.6608930025,40619.5583275062,0.0415868898
1,170.0000000000,4,6958572.2613892760,40615.6820568926,0.0415868898
1,170.0000000000,4,6958566.9312276216,40611.7109750378,0.0415868898
1,170.0000000000,4,6958561.6647288213,40607.6558419028,0.0415868898
1,170.0000000000,4,6958556.4563740510,40603.5262953236,0.0415868898
1,170.0000000000,4,6958551.3008911917,40599.3309275392,0.0415868898
1,170.0000000000,4,6958546.1933106314,40595.0773719461,0.0415868898
1,170.0000000000,4,6958541.1289972123,40590.7723929733,0.0415868898
1,170.0000000000,4,6958536.1036641570,40586.4219743681,0.0415868898
1,170.0000000000,4,6958531.1133738542,40582.0314029865,0.0415868898
1,170.0000000000,4,6958526.1545294225,40577.6053464727,0.0415868898
1,170.0000000000,4,6958521.2238600822,40573.1479240988,0.0415868898
1,170.0000000000,4,6958516.3184026536,40568.6627706143,0.0415868898
1,170.0000000000,4,6958511.4354808833,40564.1530933145,0.0415868898
1,170.0000000000,4,6958506.5726838363,40559.6217227448,0.0415868898
1,170.0000000000,4,6958501.7278442243,40555.0711575606,0.0415868898
1,170.0000000000,4,6958496.8990172679,40550.5036041033,0.0415868898
1,170.0000000000,4,6958492.0844604792,40545.9210112468,0.0415868898
1,170.0000000000,4,6958487.2826146083,40541.3251010442,0.0415868898
1,170.0000000000,4,6958482.4920858806,40536.7173956638,0.0415868898
1,170.0000000000,4,6958477.7116295854,40532.0992410575,0.0415868898
1,170.0000000000,4,6958472.9401350040,40527.4718277602,0.0415868898
1,170.0000000000,4,6958468.1766116591,40522.8362091713,0.0415868898
1,170.0000000000,4,6958463.4201768069,40518.1933176311,0.0415868898
1,170.0000000000,4,6958458.6700441139,40513.5439785640,0.0415868898
1,170.0000000000,4,6958453.9255134324,40508.8889229285,0.0415868898
1,170.0000000000,4,6958449.1859615855,40504.2287981822,0.0415868898
1,170.0000000000,4,6958444.4508340880,40499.5641779462,0.0415868898
1,170.0000000000,4,6958439.7196377153,40494.8955705261,0.0415868898
1,170.0000000000,4,6958434.9919338422,40490.2234264309,0.0415868898
1,170.0000000000,4,6958430.2673324840,40485.5481450101,0.0415868898
1,170.0000000000,4,6958425.5454869680,40480.8700803155,0.0415868898
1,170.0000000000,4,6958420.8260891763,40476.1895462812,0.0415868898
1,170.0000000000,4,6958416.1088652955,40471.5068213028,0.0415868898
1,170.0000000000,4,6958411.3935720306,40466.8221522872,0.0415868898
1,170.0000000000,4,6958406.6799932262,40462.1357582351,0.0415868898
1,170.0000000000,4,6958401.9679368585,40457.4478334121,0.0415868898
1,170.0000000000,4,6958397.2572323568,40452.7585501558,0.0415868898
1,170.0000000000,4,6958392.5477282181,40448.0680613615,0.0415868898
1,170.0000000000,4,6958387.8392898850,40443.3765026837,0.0415868898
1,170.0000000000,4,6958383.1317978576,40438.6839944874,0.0415868898
1,170.0000000000,4,6958378.4251460135,40433.9906435762,0.0415868898
1,170.0000000000,4,6958373.7192401141,40429.2965447245,0.0415868898
1,170.0000000000,4,6958369.0139964800,40424.6017820359,0.0415868898
1,170.0000000000,4,6958364.3093408076,40419.9064301469,0.0415868898
1,170.0000000000,4,6958359.6052071219,40415.2105552947,0.0415868898
1,170.0000000000,4,6958354.9015368456,40410.5142162643,0.0415868898
1,170.0000000000,4,6958350.1982779689,40405.8174652279,0.0415868898
1,170.0000000000,4,6958345.4953843160,40401.1203484898,0.0415868898
1,170.0000000000,4,6958340.7928148909,40396.4229071476,0.0415868898
1,170.0000000000,4,6958336.0905332966,40391.7251776776,0.0415868898
1,170.0000000000,4,6958331.3885072209,40387.0271924557,0.0415868898
1,170.0000000000,4,6958326.6867079772,40382.3289802181,0.0415868898
1,170.0000000000,4,6958321.9851100976,40377.6305664712,0.0415868898
1,170.0000000000,4,6958317.2836909732,40372.9319738547,0.0415868898
1,170.0000000000,4,6958312.5824305322,40368.2332224639,0.0415868898
1,170.0000000000,4,6958307.8813109575,40363.5343301362,0.0415868898
1,170.0000000000,4,6958303.1803164314,40358.8353127041,0.0415868898
1,170.0000000000,4,6958298.4794329116,40354.1361842217,0.0415868898
1,170.0000000000,4,6958293.7786479322,40349.4369571636,0.0415868898
1,170.0000000000,4,6958289.0779504282,40344.7376426032,0.0415868898
1,170.0000000000,4,6958284.3773305761,40340.0382503695,0.0415868898
1,170.0000000000,4,6958279.6767796548,40335.3387891875,0.0415868898
1,170.0000000000,4,6958274.9762899242,40330.6392668019,0.0415868898
1,170.0000000000,4,6958270.2758545121,40325.9396900875,0.0415868898
1,170.0000000000,4,6958265.5754673174,40321.2400651468,0.0415868898
1,170.0000000000,4,6958260.8751229262,40316.5403973966,0.0415868898
1,170.0000000000,4,6958256.1748165302,40311.8406916455,0.0415868898
1,170.0000000000,4,6958251.4745438630,40307.1409521617,0.0415868898
1,170.0000000000,4,6958246.7743011359,40302.4411827342,0.0415868898
1,170.0000000000,4,6958242.0740849869,40297.7413867262,0.0415868898
1,170.0000000000,4,6958237.3738924311,40293.0415671231,0.0415868898
1,170.0000000000,4,6958232.6737208189,40288.3417265752,0.0415868898
1,170.0000000000,4,6958227.9735677978,40283.6418674350,0.0415868898
1,170.0000000000,4,6958223.2734312797,40278.9419917908,0.0415868898
1,170.0000000000,4,6958218.5733094113,40274.2421014961,0.0415868898
1,170.0000000000,4,6958213.8732005470,40269.5421981966,0.0415868898
1,170.0000000000,4,6958209.1731032263,40264.8422833529,0.0415868898
1,170.0000000000,4,6958204.4730161531,40260.1423582616,0.0415868898
1,170.0000000000,4,6958199.7729381761,40255.4424240737,0.0415868898
1,170.0000000000,4,6958195.0728682736,40250.7424818108,0.0415868898
1,170.0000000000,4,6958190.3728055386,40246.0425323799,0.0415868898
1,170.0000000000,4,6958185.6727491664,40241.3425765861,0.0415868898
1,170.0000000000,4,6958180.9726984426,40236.6426151441,0.0415868898
1,170.0000000000,4,6958176.2726527331,40231.9426486882,0.0415868898
1,170.0000000000,4,6958171.5726114744,40227.2426777815,0.0415868898
1,170.0000000000,4,6958166.8725741664,40222.5427029240,0.0415868898
1,170.0000000000,4,6958162.1725403648,40217.8427245595,0.0415868898
1,170.0000000000,4,6958157.4725096766,40213.1427430817,0.0415868898
1,170.0000000000,4,6958152.7724817516,40208.4427588404,0.0415868898
1,170.0000000000,4,6958148.0724562798,40203.7427721460,0.0415868898
1,170.0000000000,4,6958143.3724329863,40199.0427832739,0.0415868898
1,170.0000000000,4,6958138.6724116253,40194.3427924687,0.0415868898
1,170.0000000000,4,6958133.9723919807,40189.6427999476,0.0415868898
1,170.0000000000,4,6958129.2723738588,40184.9428059033,0.0415868898
1,170.0000000000,4,6958124.5723570893,40180.2428105069,0.0415868898
1,170.0000000000,4,6958119.8723415202,40175.5428139103,0.0415868898
1,170.0000000000,4,6958115.1723270165,40170.8428162482,0.0415868898
1,170.0000000000,4,6958110.4723134581,40166.1428176403,0.0415868898
1,170.0000000000,4,6958105.7723007398,40161.4428181928,0.0415868898
1,170.0000000000,4,6958101.0722887665,40156.7428180001,0.0415868898
1,170.0000000000,4,6958096.3722774545,40152.0428171458,0.0415868898
1,170.0000000000,4,6958091.6722667301,40147.3428157042,0.0415868898
1,170.0000000000,4,6958086.9722565273,40142.6428137413,0.0415868898
1,170.0000000000,4,6958082.2722467864,40137.9428113157,0.0415868898
1,170.0000000000,4,6958077.5722374571,40133.2428084793,0.0415868898
1,175.0000000000,0,6958634.5310426839,40638.5479763000,0.2094370244
1,175.0000000000,0,6958629.5842014197,40633.9222440504,0.2094370244
1,175.0000000000,0,6958628.3035392240,40627.2717898045,0.2094370244
1,175.0000000000,0,6958626.6793473065,40620.6967888196,0.2094370244
1,175.0000000000,0,6958624.7789188121,40614.1962496978,0.2094370244
1,175.0000000000,0,6958622.6103979843,40607.7801640722,0.2094370244
1,175.0000000000,0,6958620.1862690281,40601.4562225688,0.2094370244
1,175.0000000000,0,6958617.5214674436,40595.2298697156,0.2094370244
1,175.0000000000,0,6958614.6326902565,40589.1042184278,0.2094370244
1,175.0000000000,0,6958611.5376647078,40583.0801455373,0.2094370244
1,175.0000000000,0,6958608.2544678263,40577.1565270848,0.2094370244
1,175.0000000000,0,6958604.8009486450,40571.3305642801,0.2094370244
1,175.0000000000,0,6958601.1942795496,40565.5981498350,0.2094370244
1,175.0000000000,0,6958597.4506405713,40559.9542323535,0.2094370244
1,175.0000000000,0,6958593.5850243801,40554.3931489341,0.2094370244
1,175.0000000000,0,6958589.6111409292,40548.9089089999,0.2094370244
1,175.0000000000,0,6958585.5413980298,40543.4954230558,0.2094370244
1,175.0000000000,0,6958581.3869354725,40538.1466775772,0.2094370244
1,175.0000000000,0,6958577.1576938033,40532.8568616789,0.2094370244
1,175.0000000000,0,6958572.8625030201,40527.6204532277,0.2094370244
1,175.0000000000,0,6958568.5091804294,40522.4322724522,0.2094370244
1,175.0000000000,0,6958564.1046302728,40517.2875105284,0.2094370244
1,175.0000000000,0,6958559.6549403425,40512.1817395912,0.2094370244
1,175.0000000000,0,6958555.1654727682,40507.1109094585,0.2094370244
1,175.0000000000,0,6958550.6409474825,40502.0713352431,0.2094370244
1,175.0000000000,0,6958546.0855178107,40497.0596790454,0.2094370244
1,175.0000000000,0,6958541.5028381906,40492.0729281153,0.2094370244
1,175.0000000000,0,6958536.8961243778,40487.1083712186,0.2094370244
1,175.0000000000,0,6958532.2682066839,40482.1635744429,0.2094370244
1,175.0000000000,0,6958527.6215768838,40477.2363572938,0.2094370244
1,175.0000000000,0,6958522.9584294334,40472.3247696487,0.2094370244
1,175.0000000000,0,6958518.2806976391,40467.4270699240,0.2094370244
1,175.0000000000,0,6958513.5900853574,40462.5417046607,0.2094370244
1,175.0000000000,0,6958508.8880947763,40457.6672896279,0.2094370244
1,175.0000000000,0,6958504.1760507561,40452.8025924652,0.2094370244
1,175.0000000000,0,6958499.4551221551,40447.9465168395,0.2094370244
1,175.0000000000,0,6958494.7263405323,40443.0980880526,0.2094370244
1,175.0000000000,0,6958489.9906165451,40438.2564400219,0.2094370244
1,175.0000000000,0,6958485.2487543412,40433.4208035408,0.2094370244
1,175.0000000000,0,6958480.5014641983,40428.5904957204,0.2094370244
1,175.0000000000,0,6958475.7493736278,40423.7649105183,0.2094370244
1,175.0000000000,0,6958470.9930371344,40418.9435102551,0.2094370244
1,175.0000000000,0,6958466.2329448070,40414.1258180303,0.2094370244
1,175.0000000000,0,6958461.4695298765,40409.3114109498,0.2094370244
1,175.0000000000,0,6958456.7031753715,40404.4999140860,0.2094370244
1,175.0000000000,0,6958451.9342199843,40399.6909950959,0.2094370244
1,175.0000000000,0,6958447.1629632413,40394.8843594300,0.2094370244
1,175.0000000000,0,6958442.3896700600,40390.0797460697,0.2094370244
1,175.0000000000,0,6958437.6145747751,40385.2769237378,0.2094370244
1,175.0000000000,0,6958432.8378846841,40380.4756875309,0.2094370244
1,175.0000000000,0,6958428.0597831858,40375.6758559290,0.2094370244
1,175.0000000000,0,6958423.2804325437,40370.8772681391,0.2094370244
1,175.0000000000,0,6958418.4999763332,40366.0797817393,0.2094370244
1,175.0000000000,0,6958413.7185415998,40361.2832705875,0.2094370244
1,175.0000000000,0,6958408.9362407690,40356.4876229666,0.2094370244
1,175.0000000000,0,6958404.1531733330,40351.6927399398,0.2094370244
1,175.0000000000,0,6958399.3694273420,40346.8985338922,0.2094370244
1,175.0000000000,0,6958394.5850807214,40342.1049272382,0.2094370244
1,175.0000000000,0,6958389.8002024414,40337.3118512758,0.2094370244
1,175.0000000000,0,6958385.0148535445,40332.5192451711,0.2094370244
1,175.0000000000,0,6958380.2290880615,40327.7270550585,0.2094370244
1,175.0000000000,0,6958375.4429538138,40322.9352332439,0.2094370244
1,175.0000000000,0,6958370.6564931320,40318.1437374982,0.2094370244
1,175.0000000000,0,6958365.8697434850,40313.3525304319,0.2094370244
1,175.0000000000,0,6958361.0827380382,40308.5615789410,0.2094370244
1,175.0000000000,0,6958356.2955061495,40303.7708537161,0.2094370244
1,175.0000000000,0,6958351.5080738068,40298.9803288079,0.2094370244
1,175.0000000000,0,6958346.7204640135,40294.1899812423,0.2094370244
1,175.0000000000,0,6958341.9326971332,40289.3997906791,0.2094370244
1,175.0000000000,0,6958337.1447911914,40284.6097391106,0.2094370244
1,175.0000000000,0,6958332.3567621456,40279.8198105942,0.2094370244
1,175.0000000000,0,6958327.5686241211,40275.0299910153,0.2094370244
1,175.0000000000,0,6958322.7803896237,40270.2402678782,0.2094370244
1,175.0000000000,0,6958317.9920697212,40265.4506301203,0.2094370244
1,175.0000000000,0,6958313.2036742140,40260.6610679478,0.2094370244
1,175.0000000000,0,6958308.4152117763,40255.8715726902,0.2094370244
1,175.0000000000,0,6958303.6266900878,40251.0821366714,0.2094370244
1,175.0000000000,0,6958298.8381159473,40246.2927530960,0.2094370244
1,175.0000000000,0,6958294.0494953720,40241.5034159478,0.2094370244
1,175.0000000000,0,6958289.2608336890,40236.7141199010,0.2094370244
1,175.0000000000,0,6958284.4721356155,40231.9248602405,0.2094370244
1,175.0000000000,0,6958279.6834053267,40227.1356327921,0.2094370244
1,175.0000000000,0,6958274.8946465179,40222.3464338605,0.2094370244
1,175.0000000000,0,6958270.1058624620,40217.5572601742,0.2094370244
1,175.0000000000,0,6958265.3170560542,40212.7681088371,0.2094370244
1,175.0000000000,0,6958260.5282298606,40207.9789772854,0.2094370244
1,175.0000000000,0,6958255.7393861497,40203.1898632491,0.2094370244
1,175.0000000000,0,6958250.9505269323,40198.4007647189,0.2094370244
1,175.0000000000,0,6958246.1616539871,40193.6116799159,0.2094370244
1,175.0000000000,0,6958241.3727688892,40188.8226072652,0.2094370244
1,175.0000000000,0,6958236.5838730326,40184.0335453728,0.2094370244
1,175.0000000000,0,6958231.7949676514,40179.2444930045,0.2094370244
1,175.0000000000,0,6958227.0060538389,40174.4554490675,0.2094370244
1,175.0000000000,0,6958222.2171325618,40169.6664125947,0.2094370244
1,175.0000000000,0,6958217.4282046771,40164.8773827297,0.2094370244
1,175.0000000000,0,6958212.6392709417,40160.0883587144,0.2094370244
1,175.0000000000,0,6958207.8503320282,40155.2993398778,0.2094370244
1,175.0000000000,0,6958203.0613885298,40150.5103256257,0.2094370244
1,175.0000000000,0,6958198.2724409727,40145.7213154322,0.2094370244
1,175.0000000000,0,6958193.4834898226,40140.9323088316,0.2094370244
1,175.0000000000,0,6958188.6945354920,40136.1433054118,0.2094370244
1,175.0000000000,0,6958183.9055783451,40131.3543048078,0.2094370244
1,175.0000000000,0,6958179.1166187059,40126.5653066966,0.2094370244
1,175.0000000000,0,6958174.3276568595,40121.7763107923,0.2094370244
1,175.0000000000,0,6958169.5386930602,40116.9873168415,0.2094370244
1,175.0000000000,0,6958164.7497275304,40112.1983246203,0.2094370244
1,175.0000000000,0,6958159.9607604695,40107.4093339302,0.2094370244
1,175.0000000000,0,6958155.1717920536,40102.6203445956,0.2094370244
1,175.0000000000,0,6958150.3828224381,40097.8313564608,0.2094370244
1,175.0000000000,0,6958145.5938517600,40093.0423693884,0.2094370244
1,175.0000000000,0,6958140.8048801413,40088.2533832564,0.2094370244
1,175.0000000000,0,6958136.0159076899,40083.4643979569,0.2094370244
1,175.0000000000,0,6958131.2269345019,40078.6754133944,0.2094370244
1,175.0000000000,0,6958126.4379606610,40073.8864294843,0.2094370244
1,175.0000000000,0,6958121.6489862427,40069.0974461519,0.2094370244
1,175.0000000000,0,6958116.8600113131,40064.3084633308,0.2094370244
1,175.0000000000,0,6958112.0710359309,40059.5194809623,0.2094370244
1,175.0000000000,0,6958107.2820601482,40054.7304989946,0.2094370244
1,175.0000000000,0,6958102.4930840107,40049.9415173817,0.2094370244
1,175.0000000000,0,6958097.7041075593,40045.1525360829,0.2094370244
1,175.0000000000,1,6958634.5310426839,40638.5479763000,0.2120950601
1,175.0000000000,1,6958629.5842014197,40633.9222440504,0.2120950601
1,175.0000000000,1,6958626.5613562698,40627.8616298461,0.2120950601
1,175.0000000000,1,6958623.3726605112,40621.8866104574,0.2120950601
1,175.0000000000,1,6958620.0048244633,40616.0107005118,0.2120950601
1,175.0000000000,1,6958616.4750893125,40610.2305960922,0.2120950601
1,175.0000000000,1,6958612.8001742763,40604.5416913810,0.2120950601
1,175.0000000000,1,6958608.9957022611,40598.9386002679,0.2120950601
1,175.0000000000,1,6958605.0760517428,40593.4154691676,0.2120950601
1,175.0000000000,1,6958601.0543010468,40587.9662344808,0.2120950601
1,175.0000000000,1,6958596.9422374452,40582.5848247887,0.2120950601
1,175.0000000000,1,6958592.7504101610,40577.2653115254,0.2120950601
1,175.0000000000,1,6958588.4882103670,40572.0020150057,0.2120950601
1,175.0000000000,1,6958584.1639654357,40566.7895738206,0.2120950601
1,175.0000000000,1,6958579.7850383949,40561.6229854584,0.2120950601
1,175.0000000000,1,6958575.3579265587,40556.4976251661,0.2120950601
1,175.0000000000,1,6958570.8883555811,40551.4092489405,0.2120950601
1,175.0000000000,1,6958566.3813668163,40546.3539853852,0.2120950601
1,175.0000000000,1,6958561.8413970042,40541.3283201118,0.2120950601
1,175.0000000000,1,6958557.2723500188,40536.3290754704,0.2120950601
1,175.0000000000,1,6958552.6776608955,40531.3533876590,0.2120950601
1,175.0000000000,1,6958548.0603525871,40526.3986826909,0.2120950601
1,175.0000000000,1,6958543.4230860574,40521.4626522542,0.2120950601
1,175.0000000000,1,6958538.7682043547,40516.5432301675,0.2120950601
1,175.0000000000,1,6958534.0977713056,40511.6385698863,0.2120950601
1,175.0000000000,1,6958529.4136054553,40506.7470233390,0.2120950601
1,175.0000000000,1,6958524.7173098046,40501.8671212399,0.2120950601
1,175.0000000000,1,6958520.0102978675,40496.9975549389,0.2120950601
1,175.0000000000,1,6958515.2938165041,40492.1371598018,0.2120950601
1,175.0000000000,1,6958510.5689659333,40487.2849000790,0.2120950601
1,175.0000000000,1,6958505.8367172768,40482.4398551885,0.2120950601
1,175.0000000000,1,6958501.0979279568,40477.6012073279,0.2120950601
1,175.0000000000,1,6958496.3533552084,40472.7682303187,0.2120950601
1,175.0000000000,1,6958491.6036679493,40467.9402795863,0.2120950601
1,175.0000000000,1,6958486.8494572109,40463.1167831789,0.2120950601
1,175.0000000000,1,6958482.0912453150,40458.2972337299,0.2120950601
1,175.0000000000,1,6958477.3294939445,40453.4811812775,0.2120950601
1,175.0000000000,1,6958472.5646112524,40448.6682268559,0.2120950601
1,175.0000000000,1,6958467.7969581196,40443.8580167833,0.2120950601
1,175.0000000000,1,6958463.0268536760,40439.0502375734,0.2120950601
1,175.0000000000,1,6958458.2545801615,40434.2446114081,0.2120950601
1,175.0000000000,1,6958453.4803872202,40429.4408921102,0.2120950601
1,175.0000000000,1,6958448.7044956833,40424.6388615639,0.2120950601
1,175.0000000000,1,6958443.9271009145,40419.8383265357,0.2120950601
1,175.0000000000,1,6958439.1483757570,40415.0391158499,0.2120950601
1,175.0000000000,1,6958434.3684731424,40410.2410778828,0.2120950601
1,175.0000000000,1,6958429.5875283927,40405.4440783380,0.2120950601
1,175.0000000000,1,6958424.8056612527,40400.6479982732,0.2120950601
1,175.0000000000,1,6958420.0229776893,40395.8527323508,0.2120950601
1,175.0000000000,1,6958415.2395714810,40391.0581872851,0.2120950601
1,175.0000000000,1,6958410.4555256236,40386.2642804677,0.2120950601
1,175.0000000000,1,6958405.6709135715,40381.4709387474,0.2120950601
1,175.0000000000,1,6958400.8858003365,40376.6780973497,0.2120950601
1,175.0000000000,1,6958396.1002434595,40371.8856989192,0.2120950601
1,175.0000000000,1,6958391.3142938716,40367.0936926712,0.2120950601
1,175.0000000000,1,6958386.5279966537,40362.3020336395,0.2120950601
1,175.0000000000,1,6958381.7413917072,40357.5106820111,0.2120950601
1,175.0000000000,1,6958376.9545143535,40352.7196025359,0.2120950601
1,175.0000000000,1,6958372.1673958572,40347.9287640041,0.2120950601
1,175.0000000000,1,6958367.3800638933,40343.1381387837,0.2120950601
1,175.0000000000,1,6958362.5925429594,40338.3477024107,0.2120950601
1,175.0000000000,1,6958357.8048547413,40333.5574332258,0.2120950601
1,175.0000000000,1,6958353.0170184355,40328.7673120534,0.2120950601
1,175.0000000000,1,6958348.2290510349,40323.9773219167,0.2120950601
1,175.0000000000,1,6958343.4409675831,40319.1874477855,0.2120950601
1,175.0000000000,1,6958338.6527813952,40314.3976763537,0.2120950601
1,175.0000000000,1,6958333.8645042600,40309.6079958408,0.2120950601
1,175.0000000000,1,6958329.0761466129,40304.8183958178,0.2120950601
1,175.0000000000,1,6958324.2877176916,40300.0288670515,0.2120950601
1,175.0000000000,1,6958319.4992256742,40295.2394013680,0.2120950601
1,175.0000000000,1,6958314.7106777998,40290.4499915308,0.2120950601
1,175.0000000000,1,6958309.9220804768,40285.6606311335,0.2120950601
1,175.0000000000,1,6958305.1334393788,40280.8713145046,0.2120950601
1,175.0000000000,1,6958300.3447595285,40276.0820366231,0.2120950601
1,175.0000000000,1,6958295.5560453720,40271.2927930440,0.2120950601
1,175.0000000000,1,6958290.7673008451,40266.5035798322,0.2120950601
1,175.0000000000,1,6958285.9785294319,40261.7143935040,0.2120950601
1,175.0000000000,1,6958281.1897342168,40256.9252309753,0.2120950601
1,175.0000000000,1,6958276.4009179315,40252.1360895158,0.2120950601
1,175.0000000000,1,6958271.6120829927,40247.3469667083,0.2120950601
1,175.0000000000,1,6958266.8232315406,40242.5578604133,0.2120950601
1,175.0000000000,1,6958262.0343654696,40237.7687687362,0.2120950601
1,175.0000000000,1,6958257.2454864569,40232.9796900001,0.2120950601
1,175.0000000000,1,6958252.4565959880,40228.1906227204,0.2120950601
1,175.0000000000,1,6958247.6676953761,40223.4015655827,0.2120950601
1,175.0000000000,1,6958242.8787857853,40218.6125174236,0.2120950601
1,175.0000000000,1,6958238.0898682456,40213.8234772130,0.2120950601
1,175.0000000000,1,6958233.3009436699,40209.0344440390,0.2120950601
1,175.0000000000,1,6958228.5120128645,40204.2454170944,0.2120950601
1,175.0000000000,1,6958223.7230765438,40199.4563956644,0.2120950601
1,175.0000000000,1,6958218.9341353411,40194.6673791165,0.2120950601
1,175.0000000000,1,6958214.1451898171,40189.8783668906,0.2120950601
1,175.0000000000,1,6958209.3562404662,40185.0893584907,0.2120950601
1,175.0000000000,1,6958204.5672877282,40180.3003534781,0.2120950601
1,175.0000000000,1,6958199.7783319922,40175.5113514640,0.2120950601
1,175.0000000000,1,6958194.9893736010,40170.7223521045,0.2120950601
1,175.0000000000,1,6958190.2004128601,40165.9333550950,0.2120950601
1,175.0000000000,1,6958185.4114500387,40161.1443601660,0.2120950601
1,175.0000000000,1,6958180.6224853750,40156.3553670787,0.2120950601
1,175.0000000000,1,6958175.8335190816,40151.5663756219,0.2120950601
1,175.0000000000,1,6958171.0445513446,40146.7773856085,0.2120950601
1,175.0000000000,1,6958166.2555823298,40141.9883968729,0.2120950601
1,175.0000000000,1,6958161.4666121835,40137.1994092685,0.2120950601
1,175.0000000000,1,6958156.6776410360,40132.4104226656,0.2120950601
1,175.0000000000,1,6958151.8886690019,40127.6214369493,0.2120950601
1,175.0000000000,1,6958147.0996961826,40122.8324520177,0.2120950601
1,175.0000000000,1,6958142.3107226687,40118.0434677810,0.2120950601
1,175.0000000000,1,6958137.5217485400,40113.2544841594,0.2120950601
1,175.0000000000,1,6958132.7327738665,40108.4655010822,0.2120950601
1,175.0000000000,1,6958127.9437987106,40103.6765184872,0.2120950601
1,175.0000000000,1,6958123.1548231281,40098.8875363188,0.2120950601
1,175.0000000000,1,6958118.3658471685,40094.0985545283,0.2120950601
1,175.0000000000,1,6958113.5768708736,40089.3095730722,0.2120950601
1,175.0000000000,1,6958108.7878942834,40084.5205919122,0.2120950601
1,175.0000000000,1,6958103.9989174306,40079.7316110143,0.2120950601
1,175.0000000000,1,6958099.2099403460,40074.9426303484,0.2120950601
1,175.0000000000,1,6958094.4209630555,40070.1536498880,0.2120950601
1,175.0000000000,1,6958089.6319855833,40065.3646696094,0.2120950601
1,175.0000000000,1,6958084.8430079501,40060.5756894918,0.2120950601
1,175.0000000000,1,6958080.0540301744,40055.7867095167,0.2120950601
1,175.0000000000,2,6958634.5310426839,40638.5479763000,0.2033098592
1,175.0000000000,2,6958629.5842014197,40633.9222440504,0.2033098592
1,175.0000000000,2,6958624.8092067614,40629.1193216749,0.2033098592
1,175.0000000000,2,6958620.0369506925,40624.3136781855,0.2033098592
1,175.0000000000,2,6958615.2628938369,40619.5098236415,0.2033098592
1,175.0000000000,2,6958610.4871260813,40614.7076699916,0.2033098592
1,175.0000000000,2,6958605.7098409515,40609.9070258552,0.2033098592
1,175.0000000000,2,6958600.9312128313,40605.1077185489,0.2033098592
1,175.0000000000,2,6958596.1513961004,40600.3095950245,0.2033098592
1,175.0000000000,2,6958591.3705273643,40595.5125197213,0.2033098592
1,175.0000000000,2,6958586.5887275040,40590.7163725764,0.2033098592
1,175.0000000000,2,6958581.8061034922,40585.9210472592,0.2033098592
1,175.0000000000,2,6958577.0227499958,40581.1264496048,0.2033098592
1,175.0000000000,2,6958572.2387507968,40576.3324962256,0.2033098592
1,175.0000000000,2,6958567.4541800451,40571.5391132803,0.2033098592
1,175.0000000000,2,6958562.6691033682,40566.7462353832,0.2033098592
1,175.0000000000,2,6958557.8835788528,40561.9538046378,0.2033098592
1,175.0000000000,2,6958553.0976579115,40557.1617697797,0.2033098592
1,175.0000000000,2,6958548.3113860516,40552.3700854185,0.2033098592
1,175.0000000000,2,6958543.5248035528,40547.5787113649,0.2033098592
1,175.0000000000,2,6958538.7379460707,40542.7876120361,0.2033098592
1,175.0000000000,2,6958533.9508451652,40537.9967559276,0.2033098592
1,175.0000000000,2,6958529.1635287730,40533.2061151463,0.2033098592
1,175.0000000000,2,6958524.3760216236,40528.4156649970,0.2033098592
1,175.0000000000,2,6958519.5883456087,40523.6253836160,0.2033098592
1,175.0000000000,2,6958514.8005201053,40518.8352516463,0.2033098592
1,175.0000000000,2,6958510.0125622684,40514.0452519507,0.2033098592
1,175.0000000000,2,6958505.2244872823,40509.2553693571,0.2033098592
1,175.0000000000,2,6958500.4363085888,40504.4655904335,0.2033098592
1,175.0000000000,2,6958495.6480380883,40499.6759032883,0.2033098592
1,175.0000000000,2,6958490.8596863141,40494.8862973938,0.2033098592
1,175.0000000000,2,6958486.0712625924,40490.0967634295,0.2033098592
1,175.0000000000,2,6958481.2827751776,40485.3072931443,0.2033098592
1,175.0000000000,2,6958476.4942313777,40480.5178792332,0.2033098592
1,175.0000000000,2,6958471.7056376617,40475.7285152295,0.2033098592
1,175.0000000000,2,6958466.9169997573,40470.9391954078,0.2033098592
1,175.0000000000,2,6958462.1283227336,40466.1499146999,0.2033098592
1,175.0000000000,2,6958457.3396110795,40461.3606686186,0.2033098592
1,175.0000000000,2,6958452.5508687673,40456.5714531916,0.2033098592
1,175.0000000000,2,6958447.7620993154,40451.7822649023,0.2033098592
1,175.0000000000,2,6958442.9733058373,40446.9931006374,0.2033098592
1,175.0000000000,2,6958438.1844910886,40442.2039576409,0.2033098592
1,175.0000000000,2,6958433.3956575105,40437.4148334729,0.2033098592
1,175.0000000000,2,6958428.6068072626,40432.6257259733,0.2033098592
1,175.0000000000,2,6958423.8179422580,40427.8366332299,0.2033098592
1,175.0000000000,2,6958419.0290641896,40423.0475535497,0.2033098592
1,175.0000000000,2,6958414.2401745562,40418.2584854343,0.2033098592
1,175.0000000000,2,6958409.4512746846,40413.4694275568,0.2033098592
1,175.0000000000,2,6958404.6623657495,40408.6803787427,0.2033098592
1,175.0000000000,2,6958399.8734487901,40403.8913379523,0.2033098592
1,175.0000000000,2,6958395.0845247274,40399.1023042650,0.2033098592
1,175.0000000000,2,6958390.2955943765,40394.3132768660,0.2033098592
1,175.0000000000,2,6958385.5066584582,40389.5242550338,0.2033098592
1,175.0000000000,2,6958380.7177176122,40384.7352381299,0.2033098592
1,175.0000000000,2,6958375.9287724029,40379.9462255887,0.2033098592
1,175.0000000000,2,6958371.1398233315,40375.1572169098,0.2033098592
1,175.0000000000,2,6958366.3508708412,40370.3682116501,0.2033098592
1,175.0000000000,2,6958361.5619153231,40365.5792094173,0.2033098592
1,175.0000000000,2,6958356.7729571257,40360.7902098643,0.2033098592
1,175.0000000000,2,6958351.9839965561,40356.0012126834,0.2033098592
1,175.0000000000,2,6958347.1950338865,40351.2122176027,0.2033098592
1,175.0000000000,2,6958342.4060693579,40346.4232243811,0.2033098592
1,175.0000000000,2,6958337.6171031827,40341.6342328054,0.2033098592
1,175.0000000000,2,6958332.8281355510,40336.8452426867,0.2033098592
1,175.0000000000,2,6958328.0391666293,40332.0562538580,0.2033098592
1,175.0000000000,2,6958323.2501965659,40327.2672661711,0.2033098592
1,175.0000000000,2,6958318.4612254910,40322.4782794952,0.2033098592
1,175.0000000000,2,6958313.6722535212,40317.6892937142,0.2033098592
1,175.0000000000,2,6958308.8832807597,40312.9003087254,0.2033098592
1,175.0000000000,2,6958304.0943072969,40308.1113244380,0.2033098592
1,175.0000000000,2,6958299.3053332129,40303.3223407715,0.2033098592
1,175.0000000000,2,6958294.5163585795,40298.5333576547,0.2033098592
1,175.0000000000,2,6958289.7273834590,40293.7443750245,0.2033098592
1,175.0000000000,2,6958284.9384079082,40288.9553928251,0.2033098592
1,175.0000000000,2,6958280.1494319756,40284.1664110071,0.2033098592
1,175.0000000000,2,6958275.3604557058,40279.3774295267,0.2033098592
1,175.0000000000,2,6958270.5714791371,40274.5884483451,0.2033098592
1,175.0000000000,2,6958265.7825023038,40269.7994674282,0.2033098592
1,175.0000000000,2,6958260.9935252359,40265.0104867455,0.2033098592
1,175.0000000000,2,6958256.2045479603,40260.2215062702,0.2033098592
1,175.0000000000,2,6958251.4155705012,40255.4325259784,0.2033098592
1,175.0000000000,2,6958246.6265928801,40250.6435458491,0.2033098592
1,175.0000000000,2,6958241.8376151146,40245.8545658637,0.2033098592
1,175.0000000000,2,6958237.0486372225,40241.0655860056,0.2033098592
1,175.0000000000,2,6958232.2596592177,40236.2766062603,0.2033098592
1,175.0000000000,2,6958227.4706811123,40231.4876266148,0.2033098592
1,175.0000000000,2,6958222.6817029184,40226.6986470577,0.2033098592
1,175.0000000000,2,6958217.8927246463,40221.9096675788,0.2033098592
1,175.0000000000,2,6958213.1037463052,40217.1206881691,0.2033098592
1,175.0000000000,2,6958208.3147679027,40212.3317088207,0.2033098592
1,175.0000000000,2,6958203.5257894462,40207.5427295266,0.2033098592
1,175.0000000000,2,6958198.7368109412,40202.7537502805,0.2033098592
1,175.0000000000,2,6958193.9478323944,40197.9647710770,0.2033098592
1,175.0000000000,2,6958189.1588538093,40193.1757919110,0.2033098592
1,175.0000000000,2,6958184.3698751917,40188.3868127785,0.2033098592
1,175.0000000000,2,6958179.5808965443,40183.5978336754,0.2033098592
1,175.0000000000,2,6958174.7919178708,40178.8088545985,0.2033098592
1,175.0000000000,2,6958170.0029391740,40174.0198755447,0.2033098592
1,175.0000000000,2,6958165.2139604567,40169.2308965114,0.2033098592
1,175.0000000000,2,6958160.4249817217,40164.4419174962,0.2033098592
1,175.0000000000,2,6958155.6360029699,40159.6529384971,0.2033098592
1,175.0000000000,2,6958150.8470242042,40154.8639595122,0.2033098592
1,175.0000000000,2,6958146.0580454264,40150.0749805398,0.2033098592
1,175.0000000000,2,6958141.2690666374,40145.2860015786,0.2033098592
1,175.0000000000,2,6958136.4800878381,40140.4970226273,0.2033098592
1,175.0000000000,2,6958131.6911090305,40135.7080436847,0.2033098592
1,175.0000000000,2,6958126.9021302145,40130.9190647499,0.2033098592
1,175.0000000000,2,6958122.1131513920,40126.1300858219,0.2033098592
1,175.0000000000,2,6958117.3241725629,40121.3411068999,0.2033098592
1,175.0000000000,2,6958112.5351937292,40116.5521279833,0.2033098592
1,175.0000000000,2,6958107.7462148909,40111.7631490714,0.2033098592
1,175.0000000000,2,6958102.9572360478,40106.9741701637,0.2033098592
1,175.0000000000,2,6958098.1682572011,40102.1851912597,0.2033098592
1,175.0000000000,2,6958093.3792783516,40097.3962123591,0.2033098592
1,175.0000000000,2,6958088.5902994983,40092.6072334613,0.2033098592
1,175.0000000000,2,6958083.8013206432,40087.8182545661,0.2033098592
1,175.0000000000,2,6958079.0123417852,40083.0292756732,0.2033098592
1,175.0000000000,2,6958074.2233629255,40078.2402967824,0.2033098592
1,175.0000000000,2,6958069.4343840638,40073.4513178933,0.2033098592
1,175.0000000000,2,6958064.6454052003,40068.6623390057,0.2033098592
1,175.0000000000,3,6958634.5310426839,40638.5479763000,0.2077398662
1,175.0000000000,3,6958629.5842014197,40633.9222440504,0.2077398662
1,175.0000000000,3,6958623.5413184138,40630.8641069841,0.2077398662
1,175.0000000000,3,6958617.5866441540,40627.6375776107,0.2077398662
1,175.0000000000,3,6958611.7305063717,40624.2354771411,0.2077398662
1,175.0000000000,3,6958605.9693184020,40620.6749504224,0.2077398662
1,175.0000000000,3,6958600.2982888995,40616.9725104549,0.2077398662
1,175.0000000000,3,6958594.7119133724,40613.1435359441,0.2077398662
1,175.0000000000,3,6958589.2042765850,40609.2021435054,0.2077398662
1,175.0000000000,3,6958583.7692987481,40605.1611469398,0.2077398662
1,175.0000000000,3,6958578.4009268126,40601.0320768142,0.2077398662
1,175.0000000000,3,6958573.0932754660,40596.8252401736,0.2077398662
1,175.0000000000,3,6958567.8407250633,40592.5498043359,0.2077398662
1,175.0000000000,3,6958562.6379845664,40588.2138928217,0.2077398662
1,175.0000000000,3,6958557.4801272163,40583.8246850471,0.2077398662
1,175.0000000000,3,6958552.3626057319,40579.3885142662,0.2077398662
1,175.0000000000,3,6958547.2812526980,40574.9109603936,0.2077398662
1,175.0000000000,3,6958542.2322706394,40570.3969358581,0.2077398662
1,175.0000000000,3,6958537.2122152755,40565.8507636789,0.2077398662
1,175.0000000000,3,6958532.2179745752,40561.2762476212,0.2077398662
1,175.0000000000,3,6958527.2467455287,40556.6767347011,0.2077398662
1,175.0000000000,3,6958522.2960100230,40552.0551705406,0.2077398662
1,175.0000000000,3,6958517.3635107744,40547.4141481852,0.2077398662
1,175.0000000000,3,6958512.4472279679,40542.7559510335,0.2077398662
1,175.0000000000,3,6958507.5453570141,40538.0825905199,0.2077398662
1,175.0000000000,3,6958502.6562876785,40533.3958391540,0.2077398662
1,175.0000000000,3,6958497.7785847019,40528.6972594739,0.2077398662
1,175.0000000000,3,6958492.9109699652,40523.9882294135,0.2077398662
1,175.0000000000,3,6958488.0523061743,40519.2699645306,0.2077398662
1,175.0000000000,3,6958483.2015820239,40514.5435374916,0.2077398662
1,175.0000000000,3,6958478.3578987578,40509.8098951572,0.2077398662
1,175.0000000000,3,6958473.5204580361,40505.0698735749,0.2077398662
1,175.0000000000,3,6958468.6885510217,40500.3242111403,0.2077398662
1,175.0000000000,3,6958463.8615485774,40495.5735601597,0.2077398662
1,175.0000000000,3,6958459.0388924833,40490.8184970127,0.2077398662
1,175.0000000000,3,6958454.2200875804,40486.0595310912,0.2077398662
1,175.0000000000,3,6958449.4046947537,40481.2971126657,0.2077398662
1,175.0000000000,3,6958444.5923246713,40476.5316398117,0.2077398662
1,175.0000000000,3,6958439.7826322028,40471.7634645114,0.2077398662
1,175.0000000000,3,6958434.9753114525,40466.9928980316,0.2077398662
1,175.0000000000,3,6958430.1700913357,40462.2202156660,0.2077398662
1,175.0000000000,3,6958425.3667316474,40457.4456609184,0.2077398662
1,175.0000000000,3,6958420.5650195675,40452.6694491935,0.2077398662
1,175.0000000000,3,6958415.7647665590,40447.8917710558,0.2077398662
1,175.0000000000,3,6958410.9658056078,40443.1127951066,0.2077398662
1,175.0000000000,3,6958406.1679887790,40438.3326705256,0.2077398662
1,175.0000000000,3,6958401.3711850448,40433.5515293156,0.2077398662
1,175.0000000000,3,6958396.5752783595,40428.7694882867,0.2077398662
1,175.0000000000,3,6958391.7801659517,40423.9866508096,0.2077398662
1,175.0000000000,3,6958386.9857568089,40419.2031083659,0.2077398662
1,175.0000000000,3,6958382.1919703372,40414.4189419185,0.2077398662
1,175.0000000000,3,6958377.3987351684,40409.6342231231,0.2077398662
1,175.0000000000,3,6958372.6059881076,40404.8490154005,0.2077398662
1,175.0000000000,3,6958367.8136731992,40400.0633748839,0.2077398662
1,175.0000000000,3,6958363.0217408966,40395.2773512579,0.2077398662
1,175.0000000000,3,6958358.2301473320,40390.4909885000,0.2077398662
1,175.0000000000,3,6958353.4388536643,40385.7043255369,0.2077398662
1,175.0000000000,3,6958348.6478255028,40380.9173968251,0.2077398662
1,175.0000000000,3,6958343.8570323996,40376.1302328648,0.2077398662
1,175.0000000000,3,6958339.0664473986,40371.3428606544,0.2077398662
1,175.0000000000,3,6958334.2760466319,40366.5553040928,0.2077398662
1,175.0000000000,3,6958329.4858089695,40361.7675843356,0.2077398662
1,175.0000000000,3,6958324.6957157040,40356.9797201098,0.2077398662
1,175.0000000000,3,6958319.9057502728,40352.1917279933,0.2077398662
1,175.0000000000,3,6958315.1158980140,40347.4036226610,0.2077398662
1,175.0000000000,3,6958310.3261459451,40342.6154171038,0.2077398662
1,175.0000000000,3,6958305.5364825744,40337.8271228217,0.2077398662
1,175.0000000000,3,6958300.7468977273,40333.0387499950,0.2077398662
1,175.0000000000,3,6958295.9573823959,40328.2503076358,0.2077398662
1,175.0000000000,3,6958291.1679286063,40323.4618037220,0.2077398662
1,175.0000000000,3,6958286.3785292981,40318.6732453160,0.2077398662
1,175.0000000000,3,6958281.5891782222,40313.8846386701,0.2077398662
1,175.0000000000,3,6958276.7998698456,40309.0959893188,0.2077398662
1,175.0000000000,3,6958272.0105992695,40304.3073021619,0.2077398662
1,175.0000000000,3,6958267.2213621577,40299.5185815368,0.2077398662
1,175.0000000000,3,6958262.4321546713,40294.7298312834,0.2077398662
1,175.0000000000,3,6958257.6429734118,40289.9410548008,0.2077398662
1,175.0000000000,3,6958252.8538153702,40285.1522550984,0.2077398662
1,175.0000000000,3,6958248.0646778829,40280.3634348402,0.2077398662
1,175.0000000000,3,6958243.2755585918,40275.5745963844,0.2077398662
1,175.0000000000,3,6958238.4864554098,40270.7857418189,0.2077398662
1,175.0000000000,3,6958233.6973664891,40265.9968729917,0.2077398662
1,175.0000000000,3,6958228.9082901934,40261.2079915392,0.2077398662
1,175.0000000000,3,6958224.1192250736,40256.4190989099,0.2077398662
1,175.0000000000,3,6958219.3301698482,40251.6301963859,0.2077398662
1,175.0000000000,3,6958214.5411233818,40246.8412851025,0.2077398662
1,175.0000000000,3,6958209.7520846697,40242.0523660647,0.2077398662
1,175.0000000000,3,6958204.9630528223,40237.2634401619,0.2077398662
1,175.0000000000,3,6958200.1740270518,40232.4745081819,0.2077398662
1,175.0000000000,3,6958195.3850066615,40227.6855708218,0.2077398662
1,175.0000000000,3,6958190.5959910341,40222.8966286988,0.2077398662
1,175.0000000000,3,6958185.8069796227,40218.1076823595,0.2077398662
1,175.0000000000,3,6958181.0179719441,40213.3187322874,0.2077398662
1,175.0000000000,3,6958176.2289675698,40208.5297789109,0.2077398662
1,175.0000000000,3,6958171.4399661208,40203.7408226090,0.2077398662
1,175.0000000000,3,6958166.6509672618,40198.9518637174,0.2077398662
1,175.0000000000,3,6958161.8619706957,40194.1629025331,0.2077398662
1,175.0000000000,3,6958157.0729761589,40189.3739393192,0.2077398662
1,175.0000000000,3,6958152.2839834187,40184.5849743086,0.2077398662
1,175.0000000000,3,6958147.4949922692,40179.7960077074,0.2077398662
1,175.0000000000,3,6958142.7060025278,40175.0070396980,0.2077398662
1,175.0000000000,3,6958137.9170140335,40170.2180704420,0.2077398662
1,175.0000000000,3,6958133.1280266428,40165.4291000824,0.2077398662
1,175.0000000000,3,6958128.3390402291,40160.6401287459,0.2077398662
1,175.0000000000,3,6958123.5500546796,40155.8511565445,0.2077398662
1,175.0000000000,3,6958118.7610698957,40151.0621835775,0.2077398662
1,175.0000000000,3,6958113.9720857898,40146.2732099326,0.2077398662
1,175.0000000000,3,6958109.1831022846,40141.4842356876,0.2077398662
1,175.0000000000,3,6958104.3941193102,40136.6952609115,0.2077398662
1,175.0000000000,3,6958099.6051368061,40131.9062856650,0.2077398662
1,175.0000000000,3,6958094.8161547184,40127.1173100023,0.2077398662
1,175.0000000000,3,6958090.0271729995,40122.3283339710,0.2077398662
1,175.0000000000,3,6958085.2381916065,40117.5393576134,0.2077398662
1,175.0000000000,3,6958080.4492105022,40112.7503809670,0.2077398662
1,175.0000000000,3,6958075.6602296541,40107.9614040649,0.2077398662
1,175.0000000000,3,6958070.8712490322,40103.1724269365,0.2077398662
1,175.0000000000,3,6958066.0822686106,40098.3834496076,0.2077398662
1,175.0000000000,3,6958061.2932883659,40093.5944721014,0.2077398662
1,175.0000000000,3,6958056.5043082787,40088.8054944380,0.2077398662
1,175.0000000000,3,6958051.7153283302,40084.0165166357,0.2077398662
1,175.0000000000,4,6958634.5310426839,40638.5479763000,0.1674181902
1,175.0000000000,4,6958629.5842014197,40633.9222440504,0.1674181902
1,175.0000000000,4,6958622.9413286196,40632.6028205803,0.1674181902
1,175.0000000000,4,6958616.3744688900,40630.9460192543,0.1674181902
1,175.0000000000,4,6958609.8833228648,40629.0137509974,0.1674181902
1,175.0000000000,4,6958603.4776368896,40626.8147001744,0.1674181902
1,175.0000000000,4,6958597.1648498066,40624.3616700926,0.1674181902
1,175.0000000000,4,6958590.9501345474,40621.6698395660,0.1674181902
1,175.0000000000,4,6958584.8363350341,40618.7560631761,0.1674181902
1,175.0000000000,4,6958578.8240802325,40615.6381424680,0.1674181902
1,175.0000000000,4,6958572.9120326871,40612.3341553073,0.1674181902
1,175.0000000000,4,6958567.0972216967,40608.8618922863,0.1674181902
1,175.0000000000,4,6958561.3754113875,40605.2384237649,0.1674181902
1,175.0000000000,4,6958555.7414626740,40601.4797991190,0.1674181902
1,175.0000000000,4,6958550.1896608127,40597.6008645452,0.1674181902
1,175.0000000000,4,6958544.7139929561,40593.6151777965,0.1674181902
1,175.0000000000,4,6958539.3083704486,40589.5349961041,0.1674181902
1,175.0000000000,4,6958533.9667977393,40585.3713152411,0.1674181902
1,175.0000000000,4,6958528.6834939020,40581.1339413017,0.1674181902
1,175.0000000000,4,6958523.4529745448,40576.8315809510,0.1674181902
1,175.0000000000,4,6958518.2701021284,40572.4719398130,0.1674181902
1,175.0000000000,4,6958513.1301120762,40568.0618219463,0.1674181902
1,175.0000000000,4,6958508.0286209825,40563.6072258976,0.1674181902
1,175.0000000000,4,6958502.9616220798,40559.1134346860,0.1674181902
1,175.0000000000,4,6958497.9254720099,40554.5850983678,0.1674181902
1,175.0000000000,4,6958492.9168719985,40550.0263086974,0.1674181902
1,175.0000000000,4,6958487.9328457257,40545.4406659454,0.1674181902
1,175.0000000000,4,6958482.9707155740,40540.8313382620,0.1674181902
1,175.0000000000,4,6958478.0280784294,40536.2011141432,0.1674181902
1,175.0000000000,4,6958473.1027818527,40531.5524486391,0.1674181902
1,175.0000000000,4,6958468.1929011615,40526.8875039517,0.1674181902
1,175.0000000000,4,6958463.2967177536,40522.2081850513,0.1674181902
1,175.0000000000,4,6958458.4126988668,40517.5161708948,0.1674181902
1,175.0000000000,4,6958453.5394788608,40512.8129417800,0.1674181902
1,175.0000000000,4,6958448.6758420402,40508.0998033127,0.1674181902
1,175.0000000000,4,6958443.8207069840,40503.3779074098,0.1674181902
1,175.0000000000,4,6958438.9731123168,40498.6482707138,0.1674181902
1,175.0000000000,4,6958434.1322038444,40493.9117907445,0.1674181902
1,175.0000000000,4,6958429.2972229579,40489.1692600735,0.1674181902
1,175.0000000000,4,6958424.4674962070,40484.4213787731,0.1674181902
1,175.0000000000,4,6958419.6424259469,40479.6687653534,0.1674181902
1,175.0000000000,4,6958414.8214819664,40474.9119663800,0.1674181902
1,175.0000000000,4,6958410.0041940035,40470.1514649340,0.1674181902
1,175.0000000000,4,6958405.1901450604,40465.3876880595,0.1674181902
1,175.0000000000,4,6958400.3789654458,40460.6210133223,0.1674181902
1,175.0000000000,4,6958395.5703274636,40455.8517745893,0.1674181902
1,175.0000000000,4,6958390.7639406882,40451.0802671227,0.1674181902
1,175.0000000000,4,6958385.9595477600,40446.3067520735,0.1674181902
1,175.0000000000,4,6958381.1569206454,40441.5314604457,0.1674181902
1,175.0000000000,4,6958376.3558573173,40436.7545965940,0.1674181902
1,175.0000000000,4,6958371.5561788063,40431.9763413136,0.1674181902
1,175.0000000000,4,6958366.7577265799,40427.1968545668,0.1674181902
1,175.0000000000,4,6958361.9603602188,40422.4162778933,0.1674181902
1,175.0000000000,4,6958357.1639553560,40417.6347365387,0.1674181902
1,175.0000000000,4,6958352.3684018468,40412.8523413356,0.1674181902
1,175.0000000000,4,6958347.5736021483,40408.0691903671,0.1674181902
1,175.0000000000,4,6958342.7794698793,40403.2853704367,0.1674181902
1,175.0000000000,4,6958337.9859285485,40398.5009583679,0.1674181902
1,175.0000000000,4,6958333.1929104216,40393.7160221542,0.1674181902
1,175.0000000000,4,6958328.4003555216,40388.9306219756,0.1674181902
1,175.0000000000,4,6958323.6082107434,40384.1448110973,0.1674181902
1,175.0000000000,4,6958318.8164290655,40379.3586366660,0.1674181902
1,175.0000000000,4,6958314.0249688542,40374.5721404130,0.1674181902
1,175.0000000000,4,6958309.2337932475,40369.7853592771,0.1674181902
1,175.0000000000,4,6958304.4428696083,40364.9983259556,0.1674181902
1,175.0000000000,4,6958299.6521690413,40360.2110693912,0.1674181902
1,175.0000000000,4,6958294.8616659632,40355.4236152042,0.1674181902
1,175.0000000000,4,6958290.0713377241,40350.6359860734,0.1674181902
1,175.0000000000,4,6958285.2811642708,40345.8482020745,0.1674181902
1,175.0000000000,4,6958280.4911278496,40341.0602809789,0.1674181902
1,175.0000000000,4,6958275.7012127424,40336.2722385182,0.1674181902
1,175.0000000000,4,6958270.9114050353,40331.4840886186,0.1674181902
1,175.0000000000,4,6958266.1216924079,40326.6958436078,0.1674181902
1,175.0000000000,4,6958261.3320639543,40321.9075143990,0.1674181902
1,175.0000000000,4,6958256.5425100187,40317.1191106531,0.1674181902
1,175.0000000000,4,6958251.7530220533,40312.3306409223,0.1674181902
1,175.0000000000,4,6958246.9635924902,40307.5421127773,0.1674181902
1,175.0000000000,4,6958242.1742146295,40302.7535329204,0.1674181902
1,175.0000000000,4,6958237.3848825404,40297.9649072847,0.1674181902
1,175.0000000000,4,6958232.5955909723,40293.1762411223,0.1674181902
1,175.0000000000,4,6958227.8063352769,40288.3875390831,0.1674181902
1,175.0000000000,4,6958223.0171113387,40283.5988052831,0.1674181902
1,175.0000000000,4,6958218.2279155143,40278.8100433664,0.1674181902
1,175.0000000000,4,6958213.4387445794,40274.0212565586,0.1674181902
1,175.0000000000,4,6958208.6495956779,40269.2324477157,0.1674181902
1,175.0000000000,4,6958203.8604662819,40264.4436193655,0.1674181902
1,175.0000000000,4,6958199.0713541545,40259.6547737462,0.1674181902
1,175.0000000000,4,6958194.2822573138,40254.8659128389,0.1674181902
1,175.0000000000,4,6958189.4931740072,40250.0770383977,0.1674181902
1,175.0000000000,4,6958184.7041026810,40245.2881519752,0.1674181902
1,175.0000000000,4,6958179.9150419608,40240.4992549461,0.1674181902
1,175.0000000000,4,6958175.1259906301,40235.7103485271,0.1674181902
1,175.0000000000,4,6958170.3369476115,40230.9214337955,0.1674181902
1,175.0000000000,4,6958165.5479119522,40226.1325117050,0.1674181902
1,175.0000000000,4,6958160.7588828076,40221.3435830999,0.1674181902
1,175.0000000000,4,6958155.9698594296,40216.5546487275,0.1674181902
1,175.0000000000,4,6958151.1808411572,40211.7657092495,0.1674181902
1,175.0000000000,4,6958146.3918274045,40206.9767652517,0.1674181902
1,175.0000000000,4,6958141.6028176537,40202.1878172526,0.1674181902
1,175.0000000000,4,6958136.8138114447,40197.3988657111,0.1674181902
1,175.0000000000,4,6958132.0248083714,40192.6099110339,0.1674181902
1,175.0000000000,4,6958127.2358080745,40187.8209535805,0.1674181902
1,175.0000000000,4,6958122.4468102353,40183.0319936695,0.1674181902
1,175.0000000000,4,6958117.6578145716,40178.2430315828,0.1674181902
1,175.0000000000,4,6958112.8688208340,40173.4540675701,0.1674181902
1,175.0000000000,4,6958108.0798288016,40168.6651018523,0.1674181902
1,175.0000000000,4,6958103.2908382779,40163.8761346250,0.1674181902
1,175.0000000000,4,6958098.5018490907,40159.0871660614,0.1674181902
1,175.0000000000,4,6958093.7128610872,40154.2981963148,0.1674181902
1,175.0000000000,4,6958088.9238741305,40149.5092255208,0.1674181902
1,175.0000000000,4,6958084.1348881014,40144.7202537998,0.1674181902
1,175.0000000000,4,6958079.3459028928,40139.9312812580,0.1674181902
1,175.0000000000,4,6958074.5569184106,40135.1423079896,0.1674181902
1,175.0000000000,4,6958069.7679345720,40130.3533340780,0.1674181902
1,175.0000000000,4,6958064.9789513024,40125.5643595969,0.1674181902
1,175.0000000000,4,6958060.1899685366,40120.7753846118,0.1674181902
1,175.0000000000,4,6958055.4009862179,40115.9864091803,0.1674181902
1,175.0000000000,4,6958050.6120042941,40111.1974333537,0.1674181902
1,175.0000000000,4,6958045.8230227195,40106.4084571774,0.1674181902
1,175.0000000000,4,6958041.0340414550,40101.6194806914,0.1674181902
1,180.0000000000,0,6958610.7034739684,40607.9154399305,0.2771508746
1,180.0000000000,0,6958605.9995522946,40602.7680408736,0.2771508746
1,180.0000000000,0,6958604.6342852926,40595.9300117590,0.2771508746
1,180.0000000000,0,6958602.9219859177,40589.1705275324,0.2771508746
1,180.0000000000,0,6958600.9168052850,40582.4920661235,0.2771508746
1,180.0000000000,0,6958598.6287652105,40575.9051496388,0.2771508746
1,180.0000000000,0,6958596.0721043404,40569.4177710192,0.2771508746
1,180.0000000000,0,6958593.2637019744,40563.0353363498,0.2771508746
1,180.0000000000,0,6958590.2222464709,40556.7606136800,0.2771508746
1,180.0000000000,0,6958586.9673871780,40550.5938894974,0.2771508746
1,180.0000000000,0,6958583.5189657621,40544.5332801303,0.2771508746
1,180.0000000000,0,6958579.8963834047,40538.5751350142,0.2771508746
1,180.0000000000,0,6958576.1181280017,40532.7144710357,0.2771508746
1,180.0000000000,0,6958572.2014586730,40526.9453898671,0.2771508746
1,180.0000000000,0,6958568.1622274145,40521.2614469572,0.2771508746
1,180.0000000000,0,6958564.0148095665,40515.6559566705,0.2771508746
1,180.0000000000,0,6958559.7721137134,40510.1222302532,0.2771508746
1,180.0000000000,0,6958555.4456448378,40504.6537511932,0.2771508746
1,180.0000000000,0,6958551.0455996245,40499.2442966660,0.2771508746
1,180.0000000000,0,6958546.5809781756,40493.8880151687,0.2771508746
1,180.0000000000,0,6958542.0597011326,40488.5794701651,0.2771508746
1,180.0000000000,0,6958537.4887250131,40483.3136584069,0.2771508746
1,180.0000000000,0,6958532.8741514143,40478.0860101149,0.2771508746
1,180.0000000000,0,6958528.2213277351,40472.8923767074,0.2771508746
1,180.0000000000,0,6958523.5349384127,40467.7290104338,0.2771508746
1,180.0000000000,0,6958518.8190865386,40462.5925391491,0.2771508746
1,180.0000000000,0,6958514.0773662245,40457.4799385757,0.2771508746
1,180.0000000000,0,6958509.3129263707,40452.3885037051,0.2771508746
1,180.0000000000,0,6958504.5285266219,40447.3158204704,0.2771508746
1,180.0000000000,0,6958499.7265863260,40442.2597384342,0.2771508746
1,180.0000000000,0,6958494.9092273042,40437.2183449550,0.2771508746
1,180.0000000000,0,6958490.0783111630,40432.1899410932,0.2771508746
1,180.0000000000,0,6958485.2354718428,40427.1730193795,0.2771508746
1,180.0000000000,0,6958480.3821439994,40422.1662434701,0.2771508746
1,180.0000000000,0,6958475.5195877627,40417.1684296476,0.2771508746
1,180.0000000000,0,6958470.6489103409,40412.1785300885,0.2771508746
1,180.0000000000,0,6958465.7710848833,40407.1956177910,0.2771508746
1,180.0000000000,0,6958460.8869669614,40402.2188730435,0.2771508746
1,180.0000000000,0,6958455.9973089723,40397.2475713115,0.2771508746
1,180.0000000000,0,6958451.1027727434,40392.2810724179,0.2771508746
1,180.0000000000,0,6958446.2039405592,40387.3188108981,0.2771508746
1,180.0000000000,0,6958441.3013248248,40382.3602874157,0.2771508746
1,180.0000000000,0,6958436.3953765333,40377.4050611324,0.2771508746
1,180.0000000000,0,6958431.4864926860,40372.4527429342,0.2771508746
1,180.0000000000,0,6958426.5750228101,40367.5029894233,0.2771508746
1,180.0000000000,0,6958421.6612746725,40362.5554975938,0.2771508746
1,180.0000000000,0,6958416.7455193019,40357.6100001165,0.2771508746
1,180.0000000000,0,6958411.8279953972,40352.6662611664,0.2771508746
1,180.0000000000,0,6958406.9089132035,40347.7240727309,0.2771508746
1,180.0000000000,0,6958401.9884579191,40342.7832513464,0.2771508746
1,180.0000000000,0,6958397.0667926902,40337.8436352139,0.2771508746
1,180.0000000000,0,6958392.1440612469,40332.9050816506,0.2771508746
1,180.0000000000,0,6958387.2203902202,40327.9674648388,0.2771508746
1,180.0000000000,0,6958382.2958911816,40323.0306738386,0.2771508746
1,180.0000000000,0,6958377.3706624396,40318.0946108328,0.2771508746
1,180.0000000000,0,6958372.4447906176,40313.1591895786,0.2771508746
1,180.0000000000,0,6958367.5183520485,40308.2243340406,0.2771508746
1,180.0000000000,0,6958362.5914139953,40303.2899771847,0.2771508746
1,180.0000000000,0,6958357.6640357338,40298.3560599144,0.2771508746
1,180.0000000000,0,6958352.7362695010,40293.4225301320,0.2771508746
1,180.0000000000,0,6958347.8081613313,40288.4893419108,0.2771508746
1,180.0000000000,0,6958342.8797517940,40283.5564547646,0.2771508746
1,180.0000000000,0,6958337.9510766445,40278.6238330045,0.2771508746
1,180.0000000000,0,6958333.0221673930,40273.6914451701,0.2771508746
1,180.0000000000,0,6958328.0930518107,40268.7592635295,0.2771508746
1,180.0000000000,0,6958323.1637543738,40263.8272636374,0.2771508746
1,180.0000000000,0,6958318.2342966534,40258.8954239458,0.2771508746
1,180.0000000000,0,6958313.3046976626,40253.9637254609,0.2771508746
1,180.0000000000,0,6958308.3749741567,40249.0321514404,0.2771508746
1,180.0000000000,0,6958303.4451409057,40244.1006871267,0.2771508746
1,180.0000000000,0,6958298.5152109256,40239.1693195116,0.2771508746
1,180.0000000000,0,6958293.5851956895,40234.2380371293,0.2771508746
1,180.0000000000,0,6958288.6551053096,40229.3068298732,0.2771508746
1,180.0000000000,0,6958283.7249486968,40224.3756888352,0.2771508746
1,180.0000000000,0,6958278.7947337078,40219.4446061631,0.2771508746
1,180.0000000000,0,6958273.8644672651,40214.5135749359,0.2771508746
1,180.0000000000,0,6958268.9341554716,40209.5825890532,0.2771508746
1,180.0000000000,0,6958264.0038037049,40204.6516431380,0.2771508746
1,180.0000000000,0,6958259.0734167062,40199.7207324508,0.2771508746
1,180.0000000000,0,6958254.1429986544,40194.7898528142,0.2771508746
1,180.0000000000,0,6958249.2125532310,40189.8590005459,0.2771508746
1,180.0000000000,0,6958244.2820836836,40184.9281724006,0.2771508746
1,180.0000000000,0,6958239.3515928723,40179.9973655176,0.2771508746
1,180.0000000000,0,6958234.4210833190,40175.0665773754,0.2771508746
1,180.0000000000,0,6958229.4905572459,40170.1358057517,0.2771508746
1,180.0000000000,0,6958224.5600166125,40165.2050486876,0.2771508746
1,180.0000000000,0,6958219.6294631455,40160.2743044565,0.2771508746
1,180.0000000000,0,6958214.6988983676,40155.3435715365,0.2771508746
1,180.0000000000,0,6958209.7683236189,40150.4128485863,0.2771508746
1,180.0000000000,0,6958204.8377400832,40145.4821344236,0.2771508746
1,180.0000000000,0,6958199.9071488017,40140.5514280063,0.2771508746
1,180.0000000000,0,6958194.9765506927,40135.6207284158,0.2771508746
1,180.0000000000,0,6958190.0459465664,40130.6900348427,0.2771508746
1,180.0000000000,0,6958185.1153371362,40125.7593465733,0.2771508746
1,180.0000000000,0,6958180.1847230317,40120.8286629786,0.2771508746
1,180.0000000000,0,6958175.2541048070,40115.8979835043,0.2771508746
1,180.0000000000,0,6958170.3234829502,40110.9673076617,0.2771508746
1,180.0000000000,0,6958165.3928578924,40106.0366350202,0.2771508746
1,180.0000000000,0,6958160.4622300128,40101.1059652002,0.2771508746
1,180.0000000000,0,6958155.5315996464,40096.1752978670,0.2771508746
1,180.0000000000,0,6958150.6009670878,40091.2446327258,0.2771508746
1,180.0000000000,0,6958145.6703325976,40086.3139695165,0.2771508746
1,180.0000000000,0,6958140.7396964040,40081.3833080101,0.2771508746
1,180.0000000000,0,6958135.8090587100,40076.4526480047,0.2771508746
1,180.0000000000,0,6958130.8784196926,40071.5219893222,0.2771508746
1,180.0000000000,0,6958125.9477795092,40066.5913318057,0.2771508746
1,180.0000000000,0,6958121.0171382986,40061.6606753170,0.2771508746
1,180.0000000000,0,6958116.0864961818,40056.7300197342,0.2771508746
1,180.0000000000,0,6958111.1558532668,40051.7993649499,0.2771508746
1,180.0000000000,0,6958106.2252096478,40046.8687108693,0.2771508746
1,180.0000000000,0,6958101.2945654085,40041.9380574091,0.2771508746
1,180.0000000000,0,6958096.3639206225,40037.0074044956,0.2771508746
1,180.0000000000,0,6958091.4332753541,40032.0767520640,0.2771508746
1,180.0000000000,0,6958086.5026296610,40027.1461000572,0.2771508746
1,180.0000000000,0,6958081.5719835935,40022.2154484248,0.2771508746
1,180.0000000000,0,6958076.6413371963,40017.2847971224,0.2771508746
1,180.0000000000,0,6958071.7106905086,40012.3541461107,0.2771508746
1,180.0000000000,0,6958066.7800435638,40007.4234953555,0.2771508746
1,180.0000000000,0,6958061.8493963936,40002.4928448262,0.2771508746
1,180.0000000000,0,6958056.9187490242,39997.5621944961,0.2771508746
1,180.0000000000,1,6958610.7034739684,40607.9154399305,0.2375497154
1,180.0000000000,1,6958605.9995522946,40602.7680408736,0.2375497154
1,180.0000000000,1,6958602.8447523843,40596.5495335216,0.2375497154
1,180.0000000000,1,6958599.5152877821,40590.4227675211,0.2375497154
1,180.0000000000,1,6958595.9999941057,40584.4006992276,0.2375497154
1,180.0000000000,1,6958592.3175358744,40578.4793735709,0.2375497154
1,180.0000000000,1,6958588.4859661330,40572.6534256243,0.2375497154
1,180.0000000000,1,6958584.5220359471,40566.9167145772,0.2375497154
1,180.0000000000,1,6958580.4410525030,40561.2626744032,0.2375497154
1,180.0000000000,1,6958576.2568422351,40555.6845940350,0.2375497154
1,180.0000000000,1,6958571.9817832913,40550.1758312710,0.2375497154
1,180.0000000000,1,6958567.6268827906,40544.7299669882,0.2375497154
1,180.0000000000,1,6958563.2018797817,40539.3409091361,0.2375497154
1,180.0000000000,1,6958558.7153600268,40534.0029566585,0.2375497154
1,180.0000000000,1,6958554.1748731285,40528.7108328046,0.2375497154
1,180.0000000000,1,6958549.5870459732,40523.4596959612,0.2375497154
1,180.0000000000,1,6958544.9576889751,40518.2451346232,0.2375497154
1,180.0000000000,1,6958540.2918933434,40513.0631516746,0.2375497154
1,180.0000000000,1,6958535.5941187274,40507.9101418923,0.2375497154
1,180.0000000000,1,6958530.8682713397,40502.7828655558,0.2375497154
1,180.0000000000,1,6958526.1177730439,40497.6784202282,0.2375497154
1,180.0000000000,1,6958521.3456221279,40492.5942121488,0.2375497154
1,180.0000000000,1,6958516.5544465678,40487.5279282137,0.2375497154
1,180.0000000000,1,6958511.7465505991,40482.4775091700,0.2375497154
1,180.0000000000,1,6958506.9239553781,40477.4411244059,0.2375497154
1,180.0000000000,1,6958502.0884344485,40472.4171485400,0.2375497154
1,180.0000000000,1,6958497.2415446779,40467.4041398912,0.2375497154
1,180.0000000000,1,6958492.3846532349,40462.4008208255,0.2375497154
1,180.0000000000,1,6958487.5189611251,40457.4060599248,0.2375497154
1,180.0000000000,1,6958482.6455237344,40452.4188558829,0.2375497154
1,180.0000000000,1,6958477.7652687663,40447.4383230196,0.2375497154
1,180.0000000000,1,6958472.8790119188,40442.4636782905,0.2375497154
1,180.0000000000,1,6958467.9874705924,40437.4942296680,0.2375497154
1,180.0000000000,1,6958463.0912758810,40432.5293657714,0.2375497154
1,180.0000000000,1,6958458.1909830747,40427.5685466282,0.2375497154
1,180.0000000000,1,6958453.2870808551,40422.6112954565,0.2375497154
1,180.0000000000,1,6958448.3799993601,40417.6571913635,0.2375497154
1,180.0000000000,1,6958443.4701172570,40412.7058628656,0.2375497154
1,180.0000000000,1,6958438.5577679453,40407.7569821440,0.2375497154
1,180.0000000000,1,6958433.6432450041,40402.8102599542,0.2375497154
1,180.0000000000,1,6958428.7268069787,40397.8654411199,0.2375497154
1,180.0000000000,1,6958423.8086815812,40392.9223005456,0.2375497154
1,180.0000000000,1,6958418.8890693868,40387.9806396897,0.2375497154
1,180.0000000000,1,6958413.9681470795,40383.0402834473,0.2375497154
1,180.0000000000,1,6958409.0460703094,40378.1010773952,0.2375497154
1,180.0000000000,1,6958404.1229762044,40373.1628853580,0.2375497154
1,180.0000000000,1,6958399.1989855831,40368.2255872589,0.2375497154
1,180.0000000000,1,6958394.2742048968,40363.2890772217,0.2375497154
1,180.0000000000,1,6958389.3487279424,40358.3532618956,0.2375497154
1,180.0000000000,1,6958384.4226373713,40353.4180589768,0.2375497154
1,180.0000000000,1,6958379.4960060157,40348.4833959035,0.2375497154
1,180.0000000000,1,6958374.5688980557,40343.5492087049,0.2375497154
1,180.0000000000,1,6958369.6413700497,40338.6154409854,0.2375497154
1,180.0000000000,1,6958364.7134718401,40333.6820430287,0.2375497154
1,180.0000000000,1,6958359.7852473529,40328.7489710078,0.2375497154
1,180.0000000000,1,6958354.8567352984,40323.8161862880,0.2375497154
1,180.0000000000,1,6958349.9279697938,40318.8836548122,0.2375497154
1,180.0000000000,1,6958344.9989809059,40313.9513465591,0.2375497154
1,180.0000000000,1,6958340.0697951345,40309.0192350651,0.2375497154
1,180.0000000000,1,6958335.1404358344,40304.0872970031,0.2375497154
1,180.0000000000,1,6958330.2109235888,40299.1555118110,0.2375497154
1,180.0000000000,1,6958325.2812765399,40294.2238613639,0.2375497154
1,180.0000000000,1,6958320.3515106766,40289.2923296853,0.2375497154
1,180.0000000000,1,6958315.4216400925,40284.3609026930,0.2375497154
1,180.0000000000,1,6958310.4916772069,40279.4295679741,0.2375497154
1,180.0000000000,1,6958305.5616329685,40274.4983145873,0.2375497154
1,180.0000000000,1,6958300.6315170256,40269.5671328885,0.2375497154
1,180.0000000000,1,6958295.7013378823,40264.6360143772,0.2375497154
1,180.0000000000,1,6958290.7711030338,40259.7049515607,0.2375497154
1,180.0000000000,1,6958285.8408190869,40254.7739378347,0.2375497154
1,180.0000000000,1,6958280.9104918651,40249.8429673778,0.2375497154
1,180.0000000000,1,6958275.9801265001,40244.9120350591,0.2375497154
1,180.0000000000,1,6958271.0497275162,40239.9811363561,0.2375497154
1,180.0000000000,1,6958266.1192989005,40235.0502672825,0.2375497154
1,180.0000000000,1,6958261.1888441667,40230.1194243247,0.2375497154
1,180.0000000000,1,6958256.2583664125,40225.1886043857,0.2375497154
1,180.0000000000,1,6958251.3278683675,40220.2578047359,0.2375497154
1,180.0000000000,1,6958246.3973524384,40215.3270229692,0.2375497154
1,180.0000000000,1,6958241.4668207457,40210.3962569649,0.2375497154
1,180.0000000000,1,6958236.5362751596,40205.4655048538,0.2375497154
1,180.0000000000,1,6958231.6057173274,40200.5347649884,0.2375497154
1,180.0000000000,1,6958226.6751487013,40195.6040359164,0.2375497154
1,180.0000000000,1,6958221.7445705617,40190.6733163579,0.2375497154
1,180.0000000000,1,6958216.8139840364,40185.7426051846,0.2375497154
1,180.0000000000,1,6958211.8833901202,40180.8119014023,0.2375497154
1,180.0000000000,1,6958206.9527896894,40175.8812041344,0.2375497154
1,180.0000000000,1,6958202.0221835161,40170.9505126085,0.2375497154
1,180.0000000000,1,6958197.0915722819,40166.0198261434,0.2375497154
1,180.0000000000,1,6958192.1609565867,40161.0891441392,0.2375497154
1,180.0000000000,1,6958187.2303369595,40156.1584660667,0.2375497154
1,180.0000000000,1,6958182.2997138668,40151.2277914597,0.2375497154
1,180.0000000000,1,6958177.3690877194,40146.2971199072,0.2375497154
1,180.0000000000,1,6958172.4384588804,40141.3664510471,0.2375497154
1,180.0000000000,1,6958167.5078276685,40136.4357845599,0.2375497154
1,180.0000000000,1,6958162.5771943647,40131.5051201644,0.2375497154
1,180.0000000000,1,6958157.6465592170,40126.5744576124,0.2375497154
1,180.0000000000,1,6958152.7159224441,40121.6437966854,0.2375497154
1,180.0000000000,1,6958147.7852842398,40116.7131371906,0.2375497154
1,180.0000000000,1,6958142.8546447726,40111.7824789582,0.2375497154
1,180.0000000000,1,6958137.9240041925,40106.8518218385,0.2375497154
1,180.0000000000,1,6958132.9933626316,40101.9211656995,0.2375497154
1,180.0000000000,1,6958128.0627202066,40096.9905104249,0.2375497154
1,180.0000000000,1,6958123.1320770197,40092.0598559123,0.2375497154
1,180.0000000000,1,6958118.2014331613,40087.1292020712,0.2375497154
1,180.0000000000,1,6958113.2707887106,40082.1985488220,0.2375497154
1,180.0000000000,1,6958108.3401437383,40077.2678960945,0.2375497154
1,180.0000000000,1,6958103.4094983060,40072.3372438269,0.2375497154
1,180.0000000000,1,6958098.4788524685,40067.4065919645,0.2375497154
1,180.0000000000,1,6958093.5482062744,40062.4759404595,0.2375497154
1,180.0000000000,1,6958088.6175597655,40057.5452892692,0.2375497154
1,180.0000000000,1,6958083.6869129781,40052.6146383566,0.2375497154
1,180.0000000000,1,6958078.7562659467,40047.6839876886,0.2375497154
1,180.0000000000,1,6958073.8256186992,40042.7533372362,0.2375497154
1,180.0000000000,1,6958068.8949712617,40037.8226869739,0.2375497154
1,180.0000000000,1,6958063.9643236566,40032.8920368791,0.2375497154
1,180.0000000000,1,6958059.0336759044,40027.9613869319,0.2375497154
1,180.0000000000,1,6958054.1030280218,40023.0307371148,0.2375497154
1,180.0000000000,1,6958049.1723800246,40018.1000874125,0.2375497154
1,180.0000000000,1,6958044.2417319259,40013.1694378112,0.2375497154
1,180.0000000000,1,6958039.3110837387,40008.2387882991,0.2375497154
1,180.0000000000,2,6958610.7034739684,40607.9154399305,0.2515391329
1,180.0000000000,2,6958605.9995522946,40602.7680408736,0.2515391329
1,180.0000000000,2,6958601.0496530896,40597.8567178317,0.2515391329
1,180.0000000000,2,6958596.0952750016,40592.9499129726,0.2515391329
1,180.0000000000,2,6958591.1434911508,40588.0404901086,0.2515391329
1,180.0000000000,2,6958586.1942021064,40583.1285521903,0.2515391329
1,180.0000000000,2,6958581.2471196391,40578.2143919141,0.2515391329
1,180.0000000000,2,6958576.3019831190,40573.2982734295,0.2515391329
1,180.0000000000,2,6958571.3585624341,40568.3804295835,0.2515391329
1,180.0000000000,2,6958566.4166546101,40563.4610654767,0.2515391329
1,180.0000000000,2,6958561.4760806281,40558.5403617784,0.2515391329
1,180.0000000000,2,6958556.5366826123,40553.6184776474,0.2515391329
1,180.0000000000,2,6958551.5983213400,40548.6955533021,0.2515391329
1,180.0000000000,2,6958546.6608740482,40543.7717122812,0.2515391329
1,180.0000000000,2,6958541.7242324892,40538.8470634328,0.2515391329
1,180.0000000000,2,6958536.7883012220,40533.9217026657,0.2515391329
1,180.0000000000,2,6958531.8529960988,40528.9957144908,0.2515391329
1,180.0000000000,2,6958526.9182429314,40524.0691733780,0.2515391329
1,180.0000000000,2,6958521.9839763148,40519.1421449512,0.2515391329
1,180.0000000000,2,6958517.0501385899,40514.2146870405,0.2515391329
1,180.0000000000,2,6958512.1166789252,40509.2868506092,0.2515391329
1,180.0000000000,2,6958507.1835525101,40504.3586805701,0.2515391329
1,180.0000000000,2,6958502.2507198444,40499.4302165043,0.2515391329
1,180.0000000000,2,6958497.3181461059,40494.5014932948,0.2515391329
1,180.0000000000,2,6958492.3858006001,40489.5725416847,0.2515391329
1,180.0000000000,2,6958487.4536562702,40484.6433887688,0.2515391329
1,180.0000000000,2,6958482.5216892650,40479.7140584266,0.2515391329
1,180.0000000000,2,6958477.5898785619,40474.7845717043,0.2515391329
1,180.0000000000,2,6958472.6582056284,40469.8549471513,0.2515391329
1,180.0000000000,2,6958467.7266541291,40464.9252011160,0.2515391329
1,180.0000000000,2,6958462.7952096667,40459.9953480074,0.2515391329
1,180.0000000000,2,6958457.8638595492,40455.0654005253,0.2515391329
1,180.0000000000,2,6958452.9325925894,40450.1353698629,0.2515391329
1,180.0000000000,2,6958448.0013989275,40445.2052658858,0.2515391329
1,180.0000000000,2,6958443.0702698715,40440.2750972891,0.2515391329
1,180.0000000000,2,6958438.1391977603,40435.3448717369,0.2515391329
1,180.0000000000,2,6958433.2081758417,40430.4145959840,0.2515391329
1,180.0000000000,2,6958428.2771981638,40425.4842759841,0.2515391329
1,180.0000000000,2,6958423.3462594803,40420.5539169848,0.2515391329
1,180.0000000000,2,6958418.4153551674,40415.6235236113,0.2515391329
1,180.0000000000,2,6958413.4844811494,40410.6930999402,0.2515391329
1,180.0000000000,2,6958408.5536338333,40405.7626495646,0.2515391329
1,180.0000000000,2,6958403.6228100527,40400.8321756516,0.2515391329
1,180.0000000000,2,6958398.6920070173,40395.9016809926,0.2515391329
1,180.0000000000,2,6958393.7612222666,40390.9711680478,0.2515391329
1,180.0000000000,2,6958388.8304536315,40386.0406389859,0.2515391329
1,180.0000000000,2,6958383.8996992018,40381.1100957182,0.2515391329
1,180.0000000000,2,6958378.9689572928,40376.1795399295,0.2515391329
1,180.0000000000,2,6958374.0382264191,40371.2489731045,0.2515391329
1,180.0000000000,2,6958369.1075052731,40366.3183965522,0.2515391329
1,180.0000000000,2,6958364.1767927008,40361.3878114260,0.2515391329
1,180.0000000000,2,6958359.2460876852,40356.4572187429,0.2515391329
1,180.0000000000,2,6958354.3153893305,40351.5266193989,0.2515391329
1,180.0000000000,2,6958349.3846968459,40346.5960141840,0.2515391329
1,180.0000000000,2,6958344.4540095357,40341.6654037945,0.2515391329
1,180.0000000000,2,6958339.5233267872,40336.7347888440,0.2515391329
1,180.0000000000,2,6958334.5926480582,40331.8041698733,0.2515391329
1,180.0000000000,2,6958329.6619728729,40326.8735473592,0.2515391329
1,180.0000000000,2,6958324.7313008104,40321.9429217220,0.2515391329
1,180.0000000000,2,6958319.8006315008,40317.0122933320,0.2515391329
1,180.0000000000,2,6958314.8699646173,40312.0816625157,0.2515391329
1,180.0000000000,2,6958309.9392998731,40307.1510295607,0.2515391329
1,180.0000000000,2,6958305.0086370138,40302.2203947208,0.2515391329
1,180.0000000000,2,6958300.0779758152,40297.2897582195,0.2515391329
1,180.0000000000,2,6958295.1473160814,40292.3591202538,0.2515391329
1,180.0000000000,2,6958290.2166576385,40287.4284809973,0.2515391329
1,180.0000000000,2,6958285.2860003328,40282.4978406031,0.2515391329
1,180.0000000000,2,6958280.3553440301,40277.5671992062,0.2515391329
1,180.0000000000,2,6958275.4246886112,40272.6365569255,0.2515391329
1,180.0000000000,2,6958270.4940339718,40267.7059138657,0.2515391329
1,180.0000000000,2,6958265.5633800188,40262.7752701193,0.2515391329
1,180.0000000000,2,6958260.6327266712,40257.8446257677,0.2515391329
1,180.0000000000,2,6958255.7020738563,40252.9139808827,0.2515391329
1,180.0000000000,2,6958250.7714215117,40247.9833355275,0.2515391329
1,180.0000000000,2,6958245.8407695815,40243.0526897579,0.2515391329
1,180.0000000000,2,6958240.9101180164,40238.1220436230,0.2515391329
1,180.0000000000,2,6958235.9794667736,40233.1913971661,0.2515391329
1,180.0000000000,2,6958231.0488158148,40228.2607504254,0.2515391329
1,180.0000000000,2,6958226.1181651056,40223.3301034346,0.2515391329
1,180.0000000000,2,6958221.1875146171,40218.3994562233,0.2515391329
1,180.0000000000,2,6958216.2568643233,40213.4688088177,0.2515391329
1,180.0000000000,2,6958211.3262142008,40208.5381612408,0.2515391329
1,180.0000000000,2,6958206.3955642292,40203.6075135130,0.2515391329
1,180.0000000000,2,6958201.4649143908,40198.6768656521,0.2515391329
1,180.0000000000,2,6958196.5342646698,40193.7462176740,0.2515391329
1,180.0000000000,2,6958191.6036150521,40188.8155695925,0.2515391329
1,180.0000000000,2,6958186.6729655247,40183.8849214200,0.2515391329
1,180.0000000000,2,6958181.7423160784,40178.9542731671,0.2515391329
1,180.0000000000,2,6958176.8116667029,40174.0236248434,0.2515391329
1,180.0000000000,2,6958171.8810173897,40169.0929764574,0.2515391329
1,180.0000000000,2,6958166.9503681315,40164.1623280164,0.2515391329
1,180.0000000000,2,6958162.0197189217,40159.2316795269,0.2515391329
1,180.0000000000,2,6958157.0890697539,40154.3010309947,0.2515391329
1,180.0000000000,2,6958152.1584206242,40149.3703824249,0.2515391329
1,180.0000000000,2,6958147.2277715281,40144.4397338219,0.2515391329
1,180.0000000000,2,6958142.2971224608,40139.5090851896,0.2515391329
1,180.0000000000,2,6958137.3664734196,40134.5784365315,0.2515391329
1,180.0000000000,2,6958132.4358244007,40129.6477878507,0.2515391329
1,180.0000000000,2,6958127.5051754024,40124.7171391498,0.2515391329
1,180.0000000000,2,6958122.5745264217,40119.7864904313,0.2515391329
1,180.0000000000,2,6958117.6438774560,40114.8558416973,0.2515391329
1,180.0000000000,2,6958112.7132285042,40109.9251929495,0.2515391329
1,180.0000000000,2,6958107.7825795645,40104.9945441897,0.2515391329
1,180.0000000000,2,6958102.8519306350,40100.0638954192,0.2515391329
1,180.0000000000,2,6958097.9212817159,40095.1332466392,0.2515391329
1,180.0000000000,2,6958092.9906328041,40090.2025978510,0.2515391329
1,180.0000000000,2,6958088.0599838998,40085.2719490555,0.2515391329
1,180.0000000000,2,6958083.1293350020,40080.3413002535,0.2515391329
1,180.0000000000,2,6958078.1986861099,40075.4106514459,0.2515391329
1,180.0000000000,2,6958073.2680372233,40070.4800026332,0.2515391329
1,180.0000000000,2,6958068.3373883404,40065.5493538162,0.2515391329
1,180.0000000000,2,6958063.4067394622,40060.6187049952,0.2515391329
1,180.0000000000,2,6958058.4760905867,40055.6880561708,0.2515391329
1,180.0000000000,2,6958053.5454417141,40050.7574073435,0.2515391329
1,180.0000000000,2,6958048.6147928443,40045.8267585134,0.2515391329
1,180.0000000000,2,6958043.6841439772,40040.8961096810,0.2515391329
1,180.0000000000,2,6958038.7534951121,40035.9654608465,0.2515391329
1,180.0000000000,2,6958033.8228462487,40031.0348120102,0.2515391329
1,180.0000000000,2,6958028.8921973873,40026.1041631723,0.2515391329
1,180.0000000000,2,6958023.9615485268,40021.1735143330,0.2515391329
1,180.0000000000,3,6958610.7034739684,40607.9154399305,0.1727754648
1,180.0000000000,3,6958605.9995522946,40602.7680408736,0.1727754648
1,180.0000000000,3,6958599.7565530874,40599.6619891912,0.1727754648
1,180.0000000000,3,6958593.6007914431,40596.3864442373,0.1727754648
1,180.0000000000,3,6958587.5505529754,40592.9198593701,0.1727754648
1,180.0000000000,3,6958581.6023309352,40589.2810064297,0.1727754648
1,180.0000000000,3,6958575.7510385299,40585.4882536901,0.1727754648
1,180.0000000000,3,6958569.9907077570,40581.5587262955,0.1727754648
1,180.0000000000,3,6958564.3148575826,40577.5081311595,0.1727754648
1,180.0000000000,3,6958558.7167924978,40573.3506964376,0.1727754648
1,180.0000000000,3,6958553.1898339726,40569.0991878091,0.1727754648
1,180.0000000000,3,6958547.7274900293,40564.7649756766,0.1727754648
1,180.0000000000,3,6958542.3235718822,40560.3581327223,0.1727754648
1,180.0000000000,3,6958536.9722677702,40555.8875465799,0.1727754648
1,180.0000000000,3,6958531.6681837188,40551.3610370484,0.1727754648
1,180.0000000000,3,6958526.4063597694,40546.7854709759,0.1727754648
1,180.0000000000,3,6958521.1822686875,40542.1668706981,0.1727754648
1,180.0000000000,3,6958515.9918027148,40537.5105138446,0.1727754648
1,180.0000000000,3,6958510.8312525917,40532.8210236179,0.1727754648
1,180.0000000000,3,6958505.6972819893,40528.1024494671,0.1727754648
1,180.0000000000,3,6958500.5868996223,40523.3583385676,0.1727754648
1,180.0000000000,3,6958495.4974306347,40518.5917987762,0.1727754648
1,180.0000000000,3,6958490.4264883436,40513.8055538559,0.1727754648
1,180.0000000000,3,6958485.3719470575,40509.0019917871,0.1727754648
1,180.0000000000,3,6958480.3319164086,40504.1832069595,0.1727754648
1,180.0000000000,3,6958475.3047174374,40499.3510369852,0.1727754648
1,180.0000000000,3,6958470.2888605502,40494.5070948051,0.1727754648
1,180.0000000000,3,6958465.2830253597,40489.6527966885,0.1727754648
1,180.0000000000,3,6958460.2860423662,40484.7893866581,0.1727754648
1,180.0000000000,3,6958455.2968763942,40479.9179578054,0.1727754648
1,180.0000000000,3,6958450.3146116799,40475.0394709013,0.1727754648
1,180.0000000000,3,6958445.3384384839,40470.1547706566,0.1727754648
1,180.0000000000,3,6958440.3676411137,40465.2645999374,0.1727754648
1,180.0000000000,3,6958435.4015872264,40460.3696122005,0.1727754648
1,180.0000000000,3,6958430.4397182921,40455.4703823795,0.1727754648
1,180.0000000000,3,6958425.4815411111,40450.5674164194,0.1727754648
1,180.0000000000,3,6958420.5266202725,40445.6611596337,0.1727754648
1,180.0000000000,3,6958415.5745714605,40440.7520040320,0.1727754648
1,180.0000000000,3,6958410.6250555161,40435.8402947497,0.1727754648
1,180.0000000000,3,6958405.6777731776,40430.9263356913,0.1727754648
1,180.0000000000,3,6958400.7324604243,40426.0103944862,0.1727754648
1,180.0000000000,3,6958395.7888843510,40421.0927068420,0.1727754648
1,180.0000000000,3,6958390.8468395220,40416.1734803712,0.1727754648
1,180.0000000000,3,6958385.9061447494,40411.2528979540,0.1727754648
1,180.0000000000,3,6958380.9666402414,40406.3311206961,0.1727754648
1,180.0000000000,3,6958376.0281850863,40401.4082905301,0.1727754648
1,180.0000000000,3,6958371.0906550298,40396.4845325043,0.1727754648
1,180.0000000000,3,6958366.1539405091,40391.5599567968,0.1727754648
1,180.0000000000,3,6958361.2179449229,40386.6346604876,0.1727754648
1,180.0000000000,3,6958356.2825831007,40381.7087291192,0.1727754648
1,180.0000000000,3,6958351.3477799529,40376.7822380707,0.1727754648
1,180.0000000000,3,6958346.4134692792,40371.8552537667,0.1727754648
1,180.0000000000,3,6958341.4795927173,40366.9278347429,0.1727754648
1,180.0000000000,3,6958336.5460988190,40362.0000325844,0.1727754648
1,180.0000000000,3,6958331.6129422281,40357.0718927515,0.1727754648
1,180.0000000000,3,6958326.6800829628,40352.1434553081,0.1727754648
1,180.0000000000,3,6958321.7474857792,40347.2147555627,0.1727754648
1,180.0000000000,3,6958316.8151196074,40342.2858246331,0.1727754648
1,180.0000000000,3,6958311.8829570618,40337.3566899444,0.1727754648
1,180.0000000000,3,6958306.9509740006,40332.4273756673,0.1727754648
1,180.0000000000,3,6958302.0191491442,40327.4979031046,0.1727754648
1,180.0000000000,3,6958297.0874637356,40322.5682910316,0.1727754648
1,180.0000000000,3,6958292.1559012411,40317.6385559960,0.1727754648
1,180.0000000000,3,6958287.2244470865,40312.7087125825,0.1727754648
1,180.0000000000,3,6958282.2930884259,40307.7787736456,0.1727754648
1,180.0000000000,3,6958277.3618139364,40302.8487505149,0.1727754648
1,180.0000000000,3,6958272.4306136370,40297.9186531761,0.1727754648
1,180.0000000000,3,6958267.4994787313,40292.9884904304,0.1727754648
1,180.0000000000,3,6958262.5684014643,40288.0582700353,0.1727754648
1,180.0000000000,3,6958257.6373750009,40283.1279988278,0.1727754648
1,180.0000000000,3,6958252.7063933173,40278.1976828344,0.1727754648
1,180.0000000000,3,6958247.7754511032,40273.2673273663,0.1727754648
1,180.0000000000,3,6958242.8445436787,40268.3369371053,0.1727754648
1,180.0000000000,3,6958237.9136669170,40263.4065161775,0.1727754648
1,180.0000000000,3,6958232.9828171832,40258.4760682200,0.1727754648
1,180.0000000000,3,6958228.0519912718,40253.5455964382,0.1727754648
1,180.0000000000,3,6958223.1211863579,40248.6151036577,0.1727754648
1,180.0000000000,3,6958218.1903999513,40243.6845923687,0.1727754648
1,180.0000000000,3,6958213.2596298568,40238.7540647661,0.1727754648
1,180.0000000000,3,6958208.3288741410,40233.8235227848,0.1727754648
1,180.0000000000,3,6958203.3981310986,40228.8929681297,0.1727754648
1,180.0000000000,3,6958198.4673992265,40223.9624023041,0.1727754648
1,180.0000000000,3,6958193.5366771994,40219.0318266326,0.1727754648
1,180.0000000000,3,6958188.6059638504,40214.1012422828,0.1727754648
1,180.0000000000,3,6958183.6752581503,40209.1706502840,0.1727754648
1,180.0000000000,3,6958178.7445591921,40204.2400515431,0.1727754648
1,180.0000000000,3,6958173.8138661766,40199.3094468599,0.1727754648
1,180.0000000000,3,6958168.8831783980,40194.3788369389,0.1727754648
1,180.0000000000,3,6958163.9524952359,40189.4482224013,0.1727754648
1,180.0000000000,3,6958159.0218161428,40184.5176037947,0.1727754648
1,180.0000000000,3,6958154.0911406362,40179.5869816015,0.1727754648
1,180.0000000000,3,6958149.1604682915,40174.6563562470,0.1727754648
1,180.0000000000,3,6958144.2297987323,40169.7257281062,0.1727754648
1,180.0000000000,3,6958139.2991316291,40164.7950975096,0.1727754648
1,180.0000000000,3,6958134.3684666911,40159.8644647483,0.1727754648
1,180.0000000000,3,6958129.4378036605,40154.9338300790,0.1727754648
1,180.0000000000,3,6958124.5071423119,40150.0031937281,0.1727754648
1,180.0000000000,3,6958119.5764824459,40145.0725558949,0.1727754648
1,180.0000000000,3,6958114.6458238857,40140.1419167553,0.1727754648
1,180.0000000000,3,6958109.7151664775,40135.2112764641,0.1727754648
1,180.0000000000,3,6958104.7845100844,40130.2806351580,0.1727754648
1,180.0000000000,3,6958099.8538545854,40125.3499929573,0.1727754648
1,180.0000000000,3,6958094.9231998753,40120.4193499681,0.1727754648
1,180.0000000000,3,6958089.9925458599,40115.4887062838,0.1727754648
1,180.0000000000,3,6958085.0618924573,40110.5580619871,0.1727754648
1,180.0000000000,3,6958080.1312395949,40105.6274171503,0.1727754648
1,180.0000000000,3,6958075.2005872084,40100.6967718377,0.1727754648
1,180.0000000000,3,6958070.2699352410,40095.7661261056,0.1727754648
1,180.0000000000,3,6958065.3392836433,40090.8354800038,0.1727754648
1,180.0000000000,3,6958060.4086323716,40085.9048335762,0.1727754648
1,180.0000000000,3,6958055.4779813867,40080.9741868613,0.1727754648
1,180.0000000000,3,6958050.5473306552,40076.0435398932,0.1727754648
1,180.0000000000,3,6958045.6166801471,40071.1128927020,0.1727754648
1,180.0000000000,3,6958040.6860298356,40066.1822453141,0.1727754648
1,180.0000000000,3,6958035.7553796973,40061.2515977528,0.1727754648
1,180.0000000000,3,6958030.8247297117,40056.3209500388,0.1727754648
1,180.0000000000,3,6958025.8940798612,40051.3903021900,0.1727754648
1,180.0000000000,3,6958020.9634301290,40046.4596542226,0.1727754648
1,180.0000000000,3,6958016.0327805011,40041.5290061505,0.1727754648
1,180.0000000000,3,6958011.1021309653,40036.5983579862,0.1727754648
1,180.0000000000,4,6958610.7034739684,40607.9154399305,0.0609848122
1,180.0000000000,4,6958605.9995522946,40602.7680408736,0.0609848122
1,180.0000000000,4,6958599.1510510361,40601.4563142754,0.0609848122
1,180.0000000000,4,6958592.3799564792,40599.7905187700,0.0609848122
1,180.0000000000,4,6958585.6880572075,40597.8306513524,0.0609848122
1,180.0000000000,4,6958579.0862337081,40595.5859859794,0.0609848122
1,180.0000000000,4,6958572.5828641225,40593.0702792815,0.0609848122
1,180.0000000000,4,6958566.1837684093,40590.3000500114,0.0609848122
1,180.0000000000,4,6958559.8921215944,40587.2937605189,0.0609848122
1,180.0000000000,4,6958553.7085809428,40584.0709634154,0.0609848122
1,180.0000000000,4,6958547.6315771537,40580.6515159292,0.0609848122
1,180.0000000000,4,6958541.6577074826,40577.0549234702,0.0609848122
1,180.0000000000,4,6958535.7821687981,40573.2998414033,0.0609848122
1,180.0000000000,4,6958529.9991800785,40569.4037359595,0.0609848122
1,180.0000000000,4,6958524.3023603540,40565.3826861973,0.0609848122
1,180.0000000000,4,6958518.6850443110,40561.2512994288,0.0609848122
1,180.0000000000,4,6958513.1405306114,40557.0227105392,0.0609848122
1,180.0000000000,4,6958507.6622665413,40552.7086383407,0.0609848122
1,180.0000000000,4,6958502.2439772291,40548.3194770210,0.0609848122
1,180.0000000000,4,6958496.8797494667,40543.8644061270,0.0609848122
1,180.0000000000,4,6958491.5640800595,40539.3515074003,0.0609848122
1,180.0000000000,4,6958486.2918975987,40534.7878807437,0.0609848122
1,180.0000000000,4,6958481.0585650643,40530.1797545795,0.0609848122
1,180.0000000000,4,6958475.8598691840,40525.5325879906,0.0609848122
1,180.0000000000,4,6958470.6920010932,40520.8511634688,0.0609848122
1,180.0000000000,4,6958465.5515316930,40516.1396700209,0.0609848122
1,180.0000000000,4,6958460.4353841841,40511.4017769423,0.0609848122
1,180.0000000000,4,6958455.3408055119,40506.6406988799,0.0609848122
1,180.0000000000,4,6958450.2653379440,40501.8592529556,0.0609848122
1,180.0000000000,4,6958445.2067915592,40497.0599087678,0.0609848122
1,180.0000000000,4,6958440.1632181630,40492.2448320756,0.0609848122
1,180.0000000000,4,6958435.1328869080,40487.4159229206,0.0609848122
1,180.0000000000,4,6958430.1142617716,40482.5748488763,0.0609848122
1,180.0000000000,4,6958425.1059809141,40477.7230740453,0.0609848122
1,180.0000000000,4,6958420.1068378957,40472.8618843509,0.0609848122
1,180.0000000000,4,6958415.1157646766,40467.9924096074,0.0609848122
1,180.0000000000,4,6958410.1318162885,40463.1156427862,0.0609848122
1,180.0000000000,4,6958405.1541570751,40458.2324568470,0.0609848122
1,180.0000000000,4,6958400.1820483627,40453.3436194485,0.0609848122
1,180.0000000000,4,6958395.2148374449,40448.4498058168,0.0609848122
1,180.0000000000,4,6958390.2519477662,40443.5516100066,0.0609848122
1,180.0000000000,4,6958385.2928701742,40438.6495547649,0.0609848122
1,180.0000000000,4,6958380.3371551493,40433.7441001733,0.0609848122
1,180.0000000000,4,6958375.3844059026,40428.8356512265,0.0609848122
1,180.0000000000,4,6958370.4342722557,40423.9245644797,0.0609848122
1,180.0000000000,4,6958365.4864452109,40419.0111538830,0.0609848122
1,180.0000000000,4,6958360.5406521475,40414.0956959050,0.0609848122
1,180.0000000000,4,6958355.5966525683,40409.1784340322,0.0609848122
1,180.0000000000,4,6958350.6542343376,40404.2595827239,0.0609848122
1,180.0000000000,4,6958345.7132103518,40399.3393308878,0.0609848122
1,180.0000000000,4,6958340.7734155999,40394.4178449367,0.0609848122
1,180.0000000000,4,6958335.8347045649,40389.4952714765,0.0609848122
1,180.0000000000,4,6958330.8969489289,40384.5717396712,0.0609848122
1,180.0000000000,4,6958325.9600355467,40379.6473633234,0.0609848122
1,180.0000000000,4,6958321.0238646558,40374.7222427059,0.0609848122
1,180.0000000000,4,6958316.0883482983,40369.7964661741,0.0609848122
1,180.0000000000,4,6958311.1534089250,40364.8701115843,0.0609848122
1,180.0000000000,4,6958306.2189781684,40359.9432475443,0.0609848122
1,180.0000000000,4,6958301.2849957552,40355.0159345129,0.0609848122
1,180.0000000000,4,6958296.3514085505,40350.0882257699,0.0609848122
1,180.0000000000,4,6958291.4181697136,40345.1601682686,0.0609848122
1,180.0000000000,4,6958286.4852379514,40340.2318033887,0.0609848122
1,180.0000000000,4,6958281.5525768641,40335.3031675981,0.0609848122
1,180.0000000000,4,6958276.6201543650,40330.3742930362,0.0609848122
1,180.0000000000,4,6958271.6879421687,40325.4452080285,0.0609848122
1,180.0000000000,4,6958266.7559153438,40320.5159375392,0.0609848122
1,180.0000000000,4,6958261.8240519129,40315.5865035702,0.0609848122
1,180.0000000000,4,6958256.8923325026,40310.6569255130,0.0609848122
1,180.0000000000,4,6958251.9607400382,40305.7272204586,0.0609848122
1,180.0000000000,4,6958247.0292594675,40300.7974034703,0.0609848122
1,180.0000000000,4,6958242.0978775229,40295.8674878243,0.0609848122
1,180.0000000000,4,6958237.1665825099,40290.9374852221,0.0609848122
1,180.0000000000,4,6958232.2353641214,40286.0074059770,0.0609848122
1,180.0000000000,4,6958227.3042132705,40281.0772591792,0.0609848122
1,180.0000000000,4,6958222.3731219498,40276.1470528405,0.0609848122
1,180.0000000000,4,6958217.4420830989,40271.2167940223,0.0609848122
1,180.0000000000,4,6958212.5110904966,40266.2864889488,0.0609848122
1,180.0000000000,4,6958207.5801386591,40261.3561431057,0.0609848122
1,180.0000000000,4,6958202.6492227521,40256.4257613280,0.0609848122
1,180.0000000000,4,6958197.7183385137,40251.4953478776,0.0609848122
1,180.0000000000,4,6958192.7874821899,40246.5649065106,0.0609848122
1,180.0000000000,4,6958187.8566504698,40241.6344405378,0.0609848122
1,180.0000000000,4,6958182.9258404355,40236.7039528773,0.0609848122
1,180.0000000000,4,6958177.9950495167,40231.7734461011,0.0609848122
1,180.0000000000,4,6958173.0642754454,40226.8429224762,0.0609848122
1,180.0000000000,4,6958168.1335162241,40221.9123840008,0.0609848122
1,180.0000000000,4,6958163.2027700916,40216.9818324359,0.0609848122
1,180.0000000000,4,6958158.2720354954,40212.0512693340,0.0609848122
1,180.0000000000,4,6958153.3413110673,40207.1206960632,0.0609848122
1,180.0000000000,4,6958148.4105956024,40202.1901138294,0.0609848122
1,180.0000000000,4,6958143.4798880368,40197.2595236956,0.0609848122
1,180.0000000000,4,6958138.5491874348,40192.3289265986,0.0609848122
1,180.0000000000,4,6958133.6184929702,40187.3983233642,0.0609848122
1,180.0000000000,4,6958128.6878039148,40182.4677147202,0.0609848122
1,180.0000000000,4,6958123.7571196277,40177.5371013083,0.0609848122
1,180.0000000000,4,6958118.8264395427,40172.6064836937,0.0609848122
1,180.0000000000,4,6958113.8957631616,40167.6758623750,0.0609848122
1,180.0000000000,4,6958108.9650900457,40162.7452377914,0.0609848122
1,180.0000000000,4,6958104.0344198076,40157.8146103300,0.0609848122
1,180.0000000000,4,6958099.1037521055,40152.8839803321,0.0609848122
1,180.0000000000,4,6958094.1730866395,40147.9533480986,0.0609848122
1,180.0000000000,4,6958089.2424231442,40143.0227138946,0.0609848122
1,180.0000000000,4,6958084.3117613858,40138.0920779537,0.0609848122
1,180.0000000000,4,6958079.3811011575,40133.1614404819,0.0609848122
1,180.0000000000,4,6958074.4504422788,40128.2308016609,0.0609848122
1,180.0000000000,4,6958069.5197845893,40123.3001616505,0.0609848122
1,180.0000000000,4,6958064.5891279485,40118.3695205918,0.0609848122
1,180.0000000000,4,6958059.6584722316,40113.4388786092,0.0609848122
1,180.0000000000,4,6958054.7278173286,40108.5082358122,0.0609848122
1,180.0000000000,4,6958049.7971631438,40103.5775922974,0.0609848122
1,180.0000000000,4,6958044.8665095912,40098.6469481499,0.0609848122
1,180.0000000000,4,6958039.9358565966,40093.7163034447,0.0609848122
1,180.0000000000,4,6958035.0052040936,40088.7856582481,0.0609848122
1,180.0000000000,4,6958030.0745520238,40083.8550126181,0.0609848122
1,180.0000000000,4,6958025.1439003358,40078.9243666064,0.0609848122
1,180.0000000000,4,6958020.2132489849,40073.9937202580,0.0609848122
1,180.0000000000,4,6958015.2825979302,40069.0630736130,0.0609848122
1,180.0000000000,4,6958010.3519471372,40064.1324267066,0.0609848122
1,180.0000000000,4,6958005.4212965742,40059.2017795697,0.0609848122
1,180.0000000000,4,6958000.4906462142,40054.2711322296,0.0609848122
1,185.0000000000,0,6958587.7737346608,40583.5322483427,0.1286083583
1,185.0000000000,0,6958583.2180339536,40578.4402994745,0.1286083583
1,185.0000000000,0,6958581.8741441537,40571.7413210139,0.1286083583
1,185.0000000000,0,6958580.1916271998,40565.1192753401,0.1286083583
1,185.0000000000,0,6958578.2287336392,40558.5748577893,0.1286083583
1,185.0000000000,0,6958575.9946891703,40552.1179701861,0.1286083583
1,185.0000000000,0,6958573.5028034588,40545.7561420046,0.1286083583
1,185.0000000000,0,6958570.7688167868,40539.4945392477,0.1286083583
1,185.0000000000,0,6958567.8101600306,40533.3359109584,0.1286083583
1,185.0000000000,0,6958564.6451926865,40527.2807202992,0.1286083583
1,185.0000000000,0,6958561.2925069612,40521.3274144413,0.1286083583
1,185.0000000000,0,6958557.7703481643,40515.4727795579,0.1286083583
1,185.0000000000,0,6958554.0961743994,40509.7123282426,0.1286083583
1,185.0000000000,0,6958550.2863553725,40504.0406767027,0.1286083583
1,185.0000000000,0,6958546.3559944928,40498.4518829543,0.1286083583
1,185.0000000000,0,6958542.3188506216,40492.9397307822,0.1286083583
1,185.0000000000,0,6958538.1873341268,40487.4979550002,0.1286083583
1,185.0000000000,0,6958533.9725541081,40482.1204108017,0.1286083583
1,185.0000000000,0,6958529.6843977161,40476.8011940392,0.1286083583
1,185.0000000000,0,6958525.3316270020,40471.5347209005,0.1286083583
1,185.0000000000,0,6958520.9219828816,40466.3157755147,0.1286083583
1,185.0000000000,0,6958516.4622891936,40461.1395332083,0.1286083583
1,185.0000000000,0,6958511.9585524518,40456.0015659483,0.1286083583
1,185.0000000000,0,6958507.4160547722,40450.8978352499,0.1286083583
1,185.0000000000,0,6958502.8394387588,40445.8246766604,0.1286083583
1,185.0000000000,0,6958498.2327839741,40440.7787789305,0.1286083583
1,185.0000000000,0,6958493.5996751655,40435.7571601705,0.1286083583
1,185.0000000000,0,6958488.9432627158,40430.7571426398,0.1286083583
1,185.0000000000,0,6958484.2663159491,40425.7763273304,0.1286083583
1,185.0000000000,0,6958479.5712699750,40420.8125691267,0.1286083583
1,185.0000000000,0,6958474.8602667740,40415.8639530522,0.1286083583
1,185.0000000000,0,6958470.1351911826,40410.9287719146,0.1286083583
1,185.0000000000,0,6958465.3977023801,40406.0055055141,0.1286083583
1,185.0000000000,0,6958460.6492614448,40401.0928014837,0.1286083583
1,185.0000000000,0,6958455.8911554627,40396.1894577598,0.1286083583
1,185.0000000000,0,6958451.1245186310,40391.2944066338,0.1286083583
1,185.0000000000,0,6958446.3503507338,40386.4067003107,0.1286083583
1,185.0000000000,0,6958441.5695333304,40381.5254978804,0.1286083583
1,185.0000000000,0,6958436.7828439465,40376.6500535979,0.1286083583
1,185.0000000000,0,6958431.9909685217,40371.7797063701,0.1286083583
1,185.0000000000,0,6958427.1945123337,40366.9138703428,0.1286083583
1,185.0000000000,0,6958422.3940095948,40362.0520264885,0.1286083583
1,185.0000000000,0,6958417.5899318829,40357.1937151000,0.1286083583
1,185.0000000000,0,6958412.7826955551,40352.3385290998,0.1286083583
1,185.0000000000,0,6958407.9726682687,40347.4861080838,0.1286083583
1,185.0000000000,0,6958403.1601747237,40342.6361330236,0.1286083583
1,185.0000000000,0,6958398.3455017135,40337.7883215573,0.1286083583
1,185.0000000000,0,6958393.5289025800,40332.9424238078,0.1286083583
1,185.0000000000,0,6958388.7106011380,40328.0982186700,0.1286083583
1,185.0000000000,0,6958383.8907951303,40323.2555105171,0.1286083583
1,185.0000000000,0,6958379.0696592806,40318.4141262800,0.1286083583
1,185.0000000000,0,6958374.2473479854,40313.5739128573,0.1286083583
1,185.0000000000,0,6958369.4239976825,40308.7347348209,0.1286083583
1,185.0000000000,0,6958364.5997289512,40303.8964723830,0.1286083583
1,185.0000000000,0,6958359.7746483581,40299.0590195948,0.1286083583
1,185.0000000000,0,6958354.9488500897,40294.2222827527,0.1286083583
1,185.0000000000,0,6958350.1224173941,40289.3861789856,0.1286083583
1,185.0000000000,0,6958345.2954238551,40284.5506350058,0.1286083583
1,185.0000000000,0,6958340.4679345135,40279.7155860025,0.1286083583
1,185.0000000000,0,6958335.6400068626,40274.8809746629,0.1286083583
1,185.0000000000,0,6958330.8116917238,40270.0467503061,0.1286083583
1,185.0000000000,0,6958325.9830340240,40265.2128681164,0.1286083583
1,185.0000000000,0,6958321.1540734768,40260.3792884656,0.1286083583
1,185.0000000000,0,6958316.3248451902,40255.5459763129,0.1286083583
1,185.0000000000,0,6958311.4953802014,40250.7129006744,0.1286083583
1,185.0000000000,0,6958306.6657059472,40245.8800341538,0.1286083583
1,185.0000000000,0,6958301.8358466839,40241.0473525271,0.1286083583
1,185.0000000000,0,6958297.0058238553,40236.2148343757,0.1286083583
1,185.0000000000,0,6958292.1756564192,40231.3824607616,0.1286083583
1,185.0000000000,0,6958287.3453611350,40226.5502149401,0.1286083583
1,185.0000000000,0,6958282.5149528207,40221.7180821062,0.1286083583
1,185.0000000000,0,6958277.6844445756,40216.8860491696,0.1286083583
1,185.0000000000,0,6958272.8538479805,40212.0541045565,0.1286083583
1,185.0000000000,0,6958268.0231732745,40207.2222380337,0.1286083583
1,185.0000000000,0,6958263.1924295099,40202.3904405536,0.1286083583
1,185.0000000000,0,6958258.3616246898,40197.5587041168,0.1286083583
1,185.0000000000,0,6958253.5307658892,40192.7270216505,0.1286083583
1,185.0000000000,0,6958248.6998593640,40187.8953869014,0.1286083583
1,185.0000000000,0,6958243.8689106442,40183.0637943406,0.1286083583
1,185.0000000000,0,6958239.0379246194,40178.2322390800,0.1286083583
1,185.0000000000,0,6958234.2069056127,40173.4007167976,0.1286083583
1,185.0000000000,0,6958229.3758574463,40168.5692236722,0.1286083583
1,185.0000000000,0,6958224.5447834991,40163.7377563254,0.1286083583
1,185.0000000000,0,6958219.7136867587,40158.9063117704,0.1286083583
1,185.0000000000,0,6958214.8825698653,40154.0748873660,0.1286083583
1,185.0000000000,0,6958210.0514351558,40149.2434807776,0.1286083583
1,185.0000000000,0,6958205.2202846939,40144.4120899407,0.1286083583
1,185.0000000000,0,6958200.3891203050,40139.5807130301,0.1286083583
1,185.0000000000,0,6958195.5579436021,40134.7493484322,0.1286083583
1,185.0000000000,0,6958190.7267560130,40129.9179947204,0.1286083583
1,185.0000000000,0,6958185.8955587996,40125.0866506330,0.1286083583
1,185.0000000000,0,6958181.0643530767,40120.2553150550,0.1286083583
1,185.0000000000,0,6958176.2331398297,40115.4239870004,0.1286083583
1,185.0000000000,0,6958171.4019199312,40110.5926655974,0.1286083583
1,185.0000000000,0,6958166.5706941513,40105.7613500752,0.1286083583
1,185.0000000000,0,6958161.7394631719,40100.9300397524,0.1286083583
1,185.0000000000,0,6958156.9082275955,40096.0987340265,0.1286083583
1,185.0000000000,0,6958152.0769879548,40091.2674323649,0.1286083583
1,185.0000000000,0,6958147.2457447210,40086.4361342966,0.1286083583
1,185.0000000000,0,6958142.4144983105,40081.6048394052,0.1286083583
1,185.0000000000,0,6958137.5832490912,40076.7735473227,0.1286083583
1,185.0000000000,0,6958132.7519973880,40071.9422577235,0.1286083583
1,185.0000000000,0,6958127.9207434896,40067.1109703199,0.1286083583
1,185.0000000000,0,6958123.0894876495,40062.2796848575,0.1286083583
1,185.0000000000,0,6958118.2582300939,40057.4484011114,0.1286083583
1,185.0000000000,0,6958113.4269710202,40052.6171188826,0.1286083583
1,185.0000000000,0,6958108.5957106054,40047.7858379955,0.1286083583
1,185.0000000000,0,6958103.7644490041,40042.9545582944,0.1286083583
1,185.0000000000,0,6958098.9331863541,40038.1232796419,0.1286083583
1,185.0000000000,0,6958094.1019227775,40033.2920019166,0.1286083583
1,185.0000000000,0,6958089.2706583813,40028.4607250111,0.1286083583
1,185.0000000000,0,6958084.4393932596,40023.6294488302,0.1286083583
1,185.0000000000,0,6958079.6081274971,40018.7981732902,0.1286083583
1,185.0000000000,0,6958074.7768611684,40013.9668983166,0.1286083583
1,185.0000000000,0,6958069.9455943387,40009.1356238439,0.1286083583
1,185.0000000000,0,6958065.1143270666,40004.3043498140,0.1286083583
1,185.0000000000,0,6958060.2830594024,39999.4730761756,0.1286083583
1,185.0000000000,0,6958055.4517913926,39994.6418028834,0.1286083583
1,185.0000000000,0,6958050.6205230765,39989.8105298972,0.1286083583
1,185.0000000000,0,6958045.7892544903,39984.9792571816,0.1286083583
1,185.0000000000,1,6958587.7737346608,40583.5322483427,0.1332256476
1,185.0000000000,1,6958583.2180339536,40578.4402994745,0.1332256476
1,185.0000000000,1,6958580.1212367043,40572.3499629479,0.1332256476
1,185.0000000000,1,6958576.8534005228,40566.3496630471,0.1332256476
1,185.0000000000,1,6958573.4079756187,40560.4495444518,0.1332256476
1,185.0000000000,1,6958569.8025259562,40554.6458314212,0.1332256476
1,185.0000000000,1,6958566.0539528774,40548.9335155963,0.1332256476
1,185.0000000000,1,6958562.1779649490,40543.3068762983,0.1332256476
1,185.0000000000,1,6958558.1889519636,40537.7597934964,0.1332256476
1,185.0000000000,1,6958554.0999493692,40532.2860004794,0.1332256476
1,185.0000000000,1,6958549.9226642931,40526.8792785886,0.1332256476
1,185.0000000000,1,6958545.6675419910,40521.5335993614,0.1332256476
1,185.0000000000,1,6958541.3438560599,40516.2432220422,0.1332256476
1,185.0000000000,1,6958536.9598101526,40511.0027551080,0.1332256476
1,185.0000000000,1,6958532.5226426758,40505.8071899809,0.1332256476
1,185.0000000000,1,6958528.0387289645,40500.6519140389,0.1332256476
1,185.0000000000,1,6958523.5136776073,40495.5327087860,0.1332256476
1,185.0000000000,1,6958518.9524191665,40490.4457378167,0.1332256476
1,185.0000000000,1,6958514.3592865756,40485.3875281325,0.1332256476
1,185.0000000000,1,6958509.7380871642,40480.3549474615,0.1332256476
1,185.0000000000,1,6958505.0921666613,40475.3451795143,0.1332256476
1,185.0000000000,1,6958500.4244657420,40470.3556985457,0.1332256476
1,185.0000000000,1,6958495.7375697996,40465.3842441677,0.1332256476
1,185.0000000000,1,6958491.0337526286,40460.4287970404,0.1332256476
1,185.0000000000,1,6958486.3150147060,40455.4875558373,0.1332256476
1,185.0000000000,1,6958481.5831167018,40450.5589157116,0.1332256476
1,185.0000000000,1,6958476.8396088034,40445.6414483730,0.1332256476
1,185.0000000000,1,6958472.0858563716,40440.7338838016,0.1332256476
1,185.0000000000,1,6958467.3230623920,40435.8350935715,0.1332256476
1,185.0000000000,1,6958462.5522871343,40430.9440757177,0.1332256476
1,185.0000000000,1,6958457.7744653644,40426.0599410616,0.1332256476
1,185.0000000000,1,6958452.9904214330,40421.1819008942,0.1332256476
1,185.0000000000,1,6958448.2008825094,40416.3092559139,0.1332256476
1,185.0000000000,1,6958443.4064901844,40411.4413863135,0.1332256476
1,185.0000000000,1,6958438.6078106686,40406.5777429140,0.1332256476
1,185.0000000000,1,6958433.8053437443,40401.7178392474,0.1332256476
1,185.0000000000,1,6958428.9995306358,40396.8612444969,0.1332256476
1,185.0000000000,1,6958424.1907609329,40392.0075772081,0.1332256476
1,185.0000000000,1,6958419.3793786829,40387.1564996935,0.1332256476
1,185.0000000000,1,6958414.5656877533,40382.3077130571,0.1332256476
1,185.0000000000,1,6958409.7499565557,40377.4609527744,0.1332256476
1,185.0000000000,1,6958404.9324222049,40372.6159847680,0.1332256476
1,185.0000000000,1,6958400.1132941889,40367.7726019242,0.1332256476
1,185.0000000000,1,6958395.2927576024,40362.9306210046,0.1332256476
1,185.0000000000,1,6958390.4709759997,40358.0898799062,0.1332256476
1,185.0000000000,1,6958385.6480939100,40353.2502352340,0.1332256476
1,185.0000000000,1,6958380.8242390575,40348.4115601501,0.1332256476
1,185.0000000000,1,6958375.9995243223,40343.5737424677,0.1332256476
1,185.0000000000,1,6958371.1740494687,40338.7366829636,0.1332256476
1,185.0000000000,1,6958366.3479026742,40333.9002938842,0.1332256476
1,185.0000000000,1,6958361.5211618776,40329.0644976222,0.1332256476
1,185.0000000000,1,6958356.6938959686,40324.2292255462,0.1332256476
1,185.0000000000,1,6958351.8661658410,40319.3944169640,0.1332256476
1,185.0000000000,1,6958347.0380253242,40314.5600182054,0.1332256476
1,185.0000000000,1,6958342.2095220005,40309.7259818115,0.1332256476
1,185.0000000000,1,6958337.3806979321,40304.8922658160,0.1332256476
1,185.0000000000,1,6958332.5515903030,40300.0588331106,0.1332256476
1,185.0000000000,1,6958327.7222319851,40295.2256508831,0.1332256476
1,185.0000000000,1,6958322.8926520376,40290.3926901201,0.1332256476
1,185.0000000000,1,6958318.0628761500,40285.5599251682,0.1332256476
1,185.0000000000,1,6958313.2329270327,40280.7273333442,0.1332256476
1,185.0000000000,1,6958308.4028247651,40275.8948945924,0.1332256476
1,185.0000000000,1,6958303.5725870971,40271.0625911794,0.1332256476
1,185.0000000000,1,6958298.7422297206,40266.2304074261,0.1332256476
1,185.0000000000,1,6958293.9117665095,40261.3983294695,0.1332256476
1,185.0000000000,1,6958289.0812097304,40256.5663450522,0.1332256476
1,185.0000000000,1,6958284.2505702255,40251.7344433371,0.1332256476
1,185.0000000000,1,6958279.4198575830,40246.9026147421,0.1332256476
1,185.0000000000,1,6958274.5890802778,40242.0708507954,0.1332256476
1,185.0000000000,1,6958269.7582458034,40237.2391440066,0.1332256476
1,185.0000000000,1,6958264.9273607852,40232.4074877531,0.1332256476
1,185.0000000000,1,6958260.0964310803,40227.5758761797,0.1332256476
1,185.0000000000,1,6958255.2654618677,40222.7443041092,0.1332256476
1,185.0000000000,1,6958250.4344577249,40217.9127669647,0.1332256476
1,185.0000000000,1,6958245.6034226995,40213.0812606993,0.1332256476
1,185.0000000000,1,6958240.7723603705,40208.2497817351,0.1332256476
1,185.0000000000,1,6958235.9412739016,40203.4183269086,0.1332256476
1,185.0000000000,1,6958231.1101660905,40198.5868934231,0.1332256476
1,185.0000000000,1,6958226.2790394099,40193.7554788057,0.1332256476
1,185.0000000000,1,6958221.4478960466,40188.9240808701,0.1332256476
1,185.0000000000,1,6958216.6167379338,40184.0926976834,0.1332256476
1,185.0000000000,1,6958211.7855667807,40179.2613275366,0.1332256476
1,185.0000000000,1,6958206.9543840978,40174.4299689187,0.1332256476
1,185.0000000000,1,6958202.1231912216,40169.5986204939,0.1332256476
1,185.0000000000,1,6958197.2919893330,40164.7672810810,0.1332256476
1,185.0000000000,1,6958192.4607794769,40159.9359496358,0.1332256476
1,185.0000000000,1,6958187.6295625763,40155.1046252351,0.1332256476
1,185.0000000000,1,6958182.7983394470,40150.2733070626,0.1332256476
1,185.0000000000,1,6958177.9671108108,40145.4419943966,0.1332256476
1,185.0000000000,1,6958173.1358773066,40140.6106865990,0.1332256476
1,185.0000000000,1,6958168.3046394978,40135.7793831057,0.1332256476
1,185.0000000000,1,6958163.4733978836,40130.9480834181,0.1332256476
1,185.0000000000,1,6958158.6421529045,40126.1167870950,0.1332256476
1,185.0000000000,1,6958153.8109049508,40121.2854937466,0.1332256476
1,185.0000000000,1,6958148.9796543671,40116.4542030283,0.1332256476
1,185.0000000000,1,6958144.1484014578,40111.6229146352,0.1332256476
1,185.0000000000,1,6958139.3171464931,40106.7916282980,0.1332256476
1,185.0000000000,1,6958134.4858897105,40101.9603437784,0.1332256476
1,185.0000000000,1,6958129.6546313213,40097.1290608659,0.1332256476
1,185.0000000000,1,6958124.8233715110,40092.2977793741,0.1332256476
1,185.0000000000,1,6958119.9921104442,40087.4664991385,0.1332256476
1,185.0000000000,1,6958115.1608482674,40082.6352200135,0.1332256476
1,185.0000000000,1,6958110.3295851080,40077.8039418704,0.1332256476
1,185.0000000000,1,6958105.4983210806,40072.9726645954,0.1332256476
1,185.0000000000,1,6958100.6670562858,40068.1413880880,0.1332256476
1,185.0000000000,1,6958095.8357908120,40063.3101122592,0.1332256476
1,185.0000000000,1,6958091.0045247385,40058.4788370303,0.1332256476
1,185.0000000000,1,6958086.1732581351,40053.6475623319,0.1332256476
1,185.0000000000,1,6958081.3419910623,40048.8162881024,0.1332256476
1,185.0000000000,1,6958076.5107235750,40043.9850142876,0.1332256476
1,185.0000000000,1,6958071.6794557208,40039.1537408394,0.1332256476
1,185.0000000000,1,6958066.8481875425,40034.3224677153,0.1332256476
1,185.0000000000,1,6958062.0169190783,40029.4911948777,0.1332256476
1,185.0000000000,1,6958057.1856503608,40024.6599222935,0.1332256476
1,185.0000000000,1,6958052.3543814188,40019.8286499333,0.1332256476
1,185.0000000000,1,6958047.5231122784,40014.9973777712,0.1332256476
1,185.0000000000,1,6958042.6918429630,40010.1661057842,0.1332256476
1,185.0000000000,1,6958037.8605734929,40005.3348339520,0.1332256476
1,185.0000000000,1,6958033.0293038860,40000.5035622566,0.1332256476
1,185.0000000000,1,6958028.1980341580,39995.6722906822,0.1332256476
1,185.0000000000,2,6958587.7737346608,40583.5322483427,0.1547959502
1,185.0000000000,2,6958583.2180339536,40578.4402994745,0.1547959502
1,185.0000000000,2,6958578.3634925866,40573.6324121710,0.1547959502
1,185.0000000000,2,6958573.5041624773,40568.8293648990,0.1547959502
1,185.0000000000,2,6958568.6478589699,40564.0232574878,0.1547959502
1,185.0000000000,2,6958563.7944430821,40559.2142340496,0.1547959502
1,185.0000000000,2,6958558.9435877791,40554.4026277651,0.1547959502
1,185.0000000000,2,6958554.0949976956,40549.5887388578,0.1547959502
1,185.0000000000,2,6958549.2484112643,40544.7728326943,0.1547959502
1,185.0000000000,2,6958544.4035970224,40539.9551437078,0.1547959502
1,185.0000000000,2,6958539.5603501713,40535.1358790184,0.1547959502
1,185.0000000000,2,6958534.7184895212,40530.3152216301,0.1547959502
1,185.0000000000,2,6958529.8778547840,40525.4933332503,0.1547959502
1,185.0000000000,2,6958525.0383041697,40520.6703567770,0.1547959502
1,185.0000000000,2,6958520.1997122616,40515.8464184942,0.1547959502
1,185.0000000000,2,6958515.3619681299,40511.0216300090,0.1547959502
1,185.0000000000,2,6958510.5249736644,40506.1960899617,0.1547959502
1,185.0000000000,2,6958505.6886420948,40501.3698855358,0.1547959502
1,185.0000000000,2,6958500.8528966857,40496.5430937914,0.1547959502
1,185.0000000000,2,6958496.0176695744,40491.7157828431,0.1547959502
1,185.0000000000,2,6958491.1829007501,40486.8880128996,0.1547959502
1,185.0000000000,2,6958486.3485371461,40482.0598371830,0.1547959502
1,185.0000000000,2,6958481.5145318350,40477.2313027404,0.1547959502
1,185.0000000000,2,6958476.6808433225,40472.4024511611,0.1547959502
1,185.0000000000,2,6958471.8474349175,40467.5733192105,0.1547959502
1,185.0000000000,2,6958467.0142741753,40462.7439393902,0.1547959502
1,185.0000000000,2,6958462.1813324094,40457.9143404325,0.1547959502
1,185.0000000000,2,6958457.3485842533,40453.0845477382,0.1547959502
1,185.0000000000,2,6958452.5160072800,40448.2545837629,0.1547959502
1,185.0000000000,2,6958447.6835816577,40443.4244683588,0.1547959502
1,185.0000000000,2,6958442.8512898535,40438.5942190766,0.1547959502
1,185.0000000000,2,6958438.0191163644,40433.7638514324,0.1547959502
1,185.0000000000,2,6958433.1870474825,40428.9333791440,0.1547959502
1,185.0000000000,2,6958428.3550710883,40424.1028143387,0.1547959502
1,185.0000000000,2,6958423.5231764670,40419.2721677384,0.1547959502
1,185.0000000000,2,6958418.6913541444,40414.4414488222,0.1547959502
1,185.0000000000,2,6958413.8595957430,40409.6106659707,0.1547959502
1,185.0000000000,2,6958409.0278938571,40404.7798265930,0.1547959502
1,185.0000000000,2,6958404.1962419385,40399.9489372397,0.1547959502
1,185.0000000000,2,6958399.3646341972,40395.1180037020,0.1547959502
1,185.0000000000,2,6958394.5330655156,40390.2870311003,0.1547959502
1,185.0000000000,2,6958389.7015313664,40385.4560239611,0.1547959502
1,185.0000000000,2,6958384.8700277498,40380.6249862869,0.1547959502
1,185.0000000000,2,6958380.0385511275,40375.7939216159,0.1547959502
1,185.0000000000,2,6958375.2070983713,40370.9628330766,0.1547959502
1,185.0000000000,2,6958370.3756667161,40366.1317234348,0.1547959502
1,185.0000000000,2,6958365.5442537172,40361.3005951358,0.1547959502
1,185.0000000000,2,6958360.7128572129,40356.4694503416,0.1547959502
1,185.0000000000,2,6958355.8814752912,40351.6382909636,0.1547959502
1,185.0000000000,2,6958351.0501062628,40346.8071186917,0.1547959502
1,185.0000000000,2,6958346.2187486337,40341.9759350200,0.1547959502
1,185.0000000000,2,6958341.3874010835,40337.1447412695,0.1547959502
1,185.0000000000,2,6958336.5560624432,40332.3135386082,0.1547959502
1,185.0000000000,2,6958331.7247316819,40327.4823280685,0.1547959502
1,185.0000000000,2,6958326.8934078850,40322.6511105633,0.1547959502
1,185.0000000000,2,6958322.0620902469,40317.8198868999,0.1547959502
1,185.0000000000,2,6958317.2307780534,40312.9886577917,0.1547959502
1,185.0000000000,2,6958312.3994706739,40308.1574238698,0.1547959502
1,185.0000000000,2,6958307.5681675496,40303.3261856918,0.1547959502
1,185.0000000000,2,6958302.7368681887,40298.4949437511,0.1547959502
1,185.0000000000,2,6958297.9055721546,40293.6636984835,0.1547959502
1,185.0000000000,2,6958293.0742790615,40288.8324502747,0.1547959502
1,185.0000000000,2,6958288.2429885687,40284.0011994653,0.1547959502
1,185.0000000000,2,6958283.4117003754,40279.1699463569,0.1547959502
1,185.0000000000,2,6958278.5804142142,40274.3386912156,0.1547959502
1,185.0000000000,2,6958273.7491298504,40269.5074342772,0.1547959502
1,185.0000000000,2,6958268.9178470755,40264.6761757498,0.1547959502
1,185.0000000000,2,6958264.0865657059,40259.8449158176,0.1547959502
1,185.0000000000,2,6958259.2552855778,40255.0136546433,0.1547959502
1,185.0000000000,2,6958254.4240065478,40250.1823923709,0.1547959502
1,185.0000000000,2,6958249.5927284891,40245.3511291276,0.1547959502
1,185.0000000000,2,6958244.7614512881,40240.5198650259,0.1547959502
1,185.0000000000,2,6958239.9301748462,40235.6886001654,0.1547959502
1,185.0000000000,2,6958235.0988990758,40230.8573346338,0.1547959502
1,185.0000000000,2,6958230.2676238986,40226.0260685090,0.1547959502
1,185.0000000000,2,6958225.4363492457,40221.1948018597,0.1547959502
1,185.0000000000,2,6958220.6050750567,40216.3635347467,0.1547959502
1,185.0000000000,2,6958215.7738012774,40211.5322672237,0.1547959502
1,185.0000000000,2,6958210.9425278604,40206.7009993383,0.1547959502
1,185.0000000000,2,6958206.1112547638,40201.8697311324,0.1547959502
1,185.0000000000,2,6958201.2799819512,40197.0384626431,0.1547959502
1,185.0000000000,2,6958196.4487093892,40192.2071939034,0.1547959502
1,185.0000000000,2,6958191.6174370479,40187.3759249422,0.1547959502
1,185.0000000000,2,6958186.7861649031,40182.5446557851,0.1547959502
1,185.0000000000,2,6958181.9548929306,40177.7133864550,0.1547959502
1,185.0000000000,2,6958177.1236211117,40172.8821169718,0.1547959502
1,185.0000000000,2,6958172.2923494279,40168.0508473532,0.1547959502
1,185.0000000000,2,6958167.4610778643,40163.2195776150,0.1547959502
1,185.0000000000,2,6958162.6298064059,40158.3883077710,0.1547959502
1,185.0000000000,2,6958157.7985350415,40153.5570378335,0.1547959502
1,185.0000000000,2,6958152.9672637591,40148.7257678133,0.1547959502
1,185.0000000000,2,6958148.1359925503,40143.8944977201,0.1547959502
1,185.0000000000,2,6958143.3047214057,40139.0632275621,0.1547959502
1,185.0000000000,2,6958138.4734503189,40134.2319573470,0.1547959502
1,185.0000000000,2,6958133.6421792824,40129.4006870814,0.1547959502
1,185.0000000000,2,6958128.8109082906,40124.5694167712,0.1547959502
1,185.0000000000,2,6958123.9796373378,40119.7381464214,0.1547959502
1,185.0000000000,2,6958119.1483664205,40114.9068760367,0.1547959502
1,185.0000000000,2,6958114.3170955339,40110.0756056212,0.1547959502
1,185.0000000000,2,6958109.4858246744,40105.2443351783,0.1547959502
1,185.0000000000,2,6958104.6545538390,40100.4130647114,0.1547959502
1,185.0000000000,2,6958099.8232830251,40095.5817942230,0.1547959502
1,185.0000000000,2,6958094.9920122297,40090.7505237159,0.1547959502
1,185.0000000000,2,6958090.1607414512,40085.9192531920,0.1547959502
1,185.0000000000,2,6958085.3294706875,40081.0879826534,0.1547959502
1,185.0000000000,2,6958080.4981999369,40076.2567121017,0.1547959502
1,185.0000000000,2,6958075.6669291975,40071.4254415385,0.1547959502
1,185.0000000000,2,6958070.8356584683,40066.5941709651,0.1547959502
1,185.0000000000,2,6958066.0043877484,40061.7629003827,0.1547959502
1,185.0000000000,2,6958061.1731170369,40056.9316297923,0.1547959502
1,185.0000000000,2,6958056.3418463320,40052.1003591949,0.1547959502
1,185.0000000000,2,6958051.5105756335,40047.2690885912,0.1547959502
1,185.0000000000,2,6958046.6793049406,40042.4378179821,0.1547959502
1,185.0000000000,2,6958041.8480342524,40037.6065473681,0.1547959502
1,185.0000000000,2,6958037.0167635689,40032.7752767498,0.1547959502
1,185.0000000000,2,6958032.1854928890,40027.9440061277,0.1547959502
1,185.0000000000,2,6958027.3542222120,40023.1127355022,0.1547959502
1,185.0000000000,2,6958022.5229515377,40018.2814648738,0.1547959502
1,185.0000000000,2,6958017.6916808663,40013.4501942428,0.1547959502
1,185.0000000000,2,6958012.8604101976,40008.6189236094,0.1547959502
1,185.0000000000,3,6958587.7737346608,40583.5322483427,0.2359366562
1,185.0000000000,3,6958583.2180339536,40578.4402994745,0.2359366562
1,185.0000000000,3,6958577.0980769433,40575.4024583980,0.2359366562
1,185.0000000000,3,6958571.0634776652,40572.1984041280,0.2359366562
1,185.0000000000,3,6958565.1300294930,40568.8106991528,0.2359366562
1,185.0000000000,3,6958559.2944485834,40565.2570605027,0.2359366562
1,185.0000000000,3,6958553.5520441048,40561.5547446036,0.2359366562
1,185.0000000000,3,6958547.8972964231,40557.7198807387,0.2359366562
1,185.0000000000,3,6958542.3241885072,40553.7673093776,0.2359366562
1,185.0000000000,3,6958536.8264783891,40549.7105205411,0.2359366562
1,185.0000000000,3,6958531.3979129540,40545.5616617193,0.2359366562
1,185.0000000000,3,6958526.0323869428,40541.3315928278,0.2359366562
1,185.0000000000,3,6958520.7240544921,40537.0299700175,0.2359366562
1,185.0000000000,3,6958515.4674017970,40532.6653446439,0.2359366562
1,185.0000000000,3,6958510.2572893100,40528.2452677117,0.2359366562
1,185.0000000000,3,6958505.0889709909,40523.7763933609,0.2359366562
1,185.0000000000,3,6958499.9580968833,40519.2645774177,0.2359366562
1,185.0000000000,3,6958494.8607040625,40514.7149687927,0.2359366562
1,185.0000000000,3,6958489.7931998465,40510.1320927058,0.2359366562
1,185.0000000000,3,6958484.7523402106,40505.5199254994,0.2359366562
1,185.0000000000,3,6958479.7352055600,40500.8819612799,0.2359366562
1,185.0000000000,3,6958474.7391753979,40496.2212708985,0.2359366562
1,185.0000000000,3,6958469.7619029740,40491.5405539203,0.2359366562
1,185.0000000000,3,6958464.8012906248,40486.8421842748,0.2359366562
1,185.0000000000,3,6958459.8554662764,40482.1282502786,0.2359366562
1,185.0000000000,3,6958454.9227613918,40477.4005896806,0.2359366562
1,185.0000000000,3,6958450.0016905004,40472.6608203312,0.2359366562
1,185.0000000000,3,6958445.0909323609,40467.9103670159,0.2359366562
1,185.0000000000,3,6958440.1893127514,40463.1504849361,0.2359366562
1,185.0000000000,3,6958435.2957888274,40458.3822802616,0.2359366562
1,185.0000000000,3,6958430.4094349677,40453.6067281299,0.2359366562
1,185.0000000000,3,6958425.5294300104,40448.8246884159,0.2359366562
1,185.0000000000,3,6958420.6550457850,40444.0369195587,0.2359366562
1,185.0000000000,3,6958415.7856368227,40439.2440906901,0.2359366562
1,185.0000000000,3,6958410.9206311498,40434.4467922828,0.2359366562
1,185.0000000000,3,6958406.0595220635,40429.6455455014,0.2359366562
1,185.0000000000,3,6958401.2018607920,40424.8408104220,0.2359366562
1,185.0000000000,3,6958396.3472499596,40420.0329932593,0.2359366562
1,185.0000000000,3,6958391.4953377610,40415.2224527252,0.2359366562
1,185.0000000000,3,6958386.6458127918,40410.4095056260,0.2359366562
1,185.0000000000,3,6958381.7983994428,40405.5944317911,0.2359366562
1,185.0000000000,3,6958376.9528538203,40400.7774784148,0.2359366562
1,185.0000000000,3,6958372.1089601172,40395.9588638838,0.2359366562
1,185.0000000000,3,6958367.2665273976,40391.1387811498,0.2359366562
1,185.0000000000,3,6958362.4253867446,40386.3174007055,0.2359366562
1,185.0000000000,3,6958357.5853887331,40381.4948732086,0.2359366562
1,185.0000000000,3,6958352.7464011880,40376.6713317970,0.2359366562
1,185.0000000000,3,6958347.9083072003,40371.8468941329,0.2359366562
1,185.0000000000,3,6958343.0710033681,40367.0216642063,0.2359366562
1,185.0000000000,3,6958338.2343982412,40362.1957339276,0.2359366562
1,185.0000000000,3,6958333.3984109424,40357.3691845337,0.2359366562
1,185.0000000000,3,6958328.5629699472,40352.5420878300,0.2359366562
1,185.0000000000,3,6958323.7280120039,40347.7145072873,0.2359366562
1,185.0000000000,3,6958318.8934811801,40342.8864990103,0.2359366562
1,185.0000000000,3,6958314.0593280150,40338.0581125940,0.2359366562
1,185.0000000000,3,6958309.2255087718,40333.2293918798,0.2359366562
1,185.0000000000,3,6958304.3919847775,40328.4003756235,0.2359366562
1,185.0000000000,3,6958299.5587218348,40323.5710980860,0.2359366562
1,185.0000000000,3,6958294.7256897064,40318.7415895550,0.2359366562
1,185.0000000000,3,6958289.8928616559,40313.9118768058,0.2359366562
1,185.0000000000,3,6958285.0602140427,40309.0819835095,0.2359366562
1,185.0000000000,3,6958280.2277259640,40304.2519305925,0.2359366562
1,185.0000000000,3,6958275.3953789389,40299.4217365551,0.2359366562
1,185.0000000000,3,6958270.5631566262,40294.5914177531,0.2359366562
1,185.0000000000,3,6958265.7310445774,40289.7609886463,0.2359366562
1,185.0000000000,3,6958260.8990300177,40284.9304620182,0.2359366562
1,185.0000000000,3,6958256.0671016527,40280.0998491707,0.2359366562
1,185.0000000000,3,6958251.2352494951,40275.2691600958,0.2359366562
1,185.0000000000,3,6958246.4034647159,40270.4384036274,0.2359366562
1,185.0000000000,3,6958241.5717395088,40265.6075875754,0.2359366562
1,185.0000000000,3,6958236.7400669707,40260.7767188446,0.2359366562
1,185.0000000000,3,6958231.9084409997,40255.9458035397,0.2359366562
1,185.0000000000,3,6958227.0768561997,40251.1148470578,0.2359366562
1,185.0000000000,3,6958222.2453078004,40246.2838541706,0.2359366562
1,185.0000000000,3,6958217.4137915848,40241.4528290967,0.2359366562
1,185.0000000000,3,6958212.5823038230,40236.6217755660,0.2359366562
1,185.0000000000,3,6958207.7508412180,40231.7906968760,0.2359366562
1,185.0000000000,3,6958202.9194008559,40226.9595959422,0.2359366562
1,185.0000000000,3,6958198.0879801586,40222.1284753421,0.2359366562
1,185.0000000000,3,6958193.2565768473,40217.2973373547,0.2359366562
1,185.0000000000,3,6958188.4251889084,40212.4661839947,0.2359366562
1,185.0000000000,3,6958183.5938145593,40207.6350170435,0.2359366562
1,185.0000000000,3,6958178.7624522261,40202.8038380760,0.2359366562
1,185.0000000000,3,6958173.9311005166,40197.9726484846,0.2359366562
1,185.0000000000,3,6958169.0997581994,40193.1414495003,0.2359366562
1,185.0000000000,3,6958164.2684241869,40188.3102422116,0.2359366562
1,185.0000000000,3,6958159.4370975159,40183.4790275807,0.2359366562
1,185.0000000000,3,6958154.6057773363,40178.6478064585,0.2359366562
1,185.0000000000,3,6958149.7744628955,40173.8165795971,0.2359366562
1,185.0000000000,3,6958144.9431535294,40168.9853476615,0.2359366562
1,185.0000000000,3,6958140.1118486496,40164.1541112398,0.2359366562
1,185.0000000000,3,6958135.2805477353,40159.3228708517,0.2359366562
1,185.0000000000,3,6958130.4492503284,40154.4916269569,0.2359366562
1,185.0000000000,3,6958125.6179560218,40149.6603799617,0.2359366562
1,185.0000000000,3,6958120.7866644561,40144.8291302254,0.2359366562
1,185.0000000000,3,6958115.9553753138,40139.9978780657,0.2359366562
1,185.0000000000,3,6958111.1240883144,40135.1666237632,0.2359366562
1,185.0000000000,3,6958106.2928032093,40130.3353675664,0.2359366562
1,185.0000000000,3,6958101.4615197787,40125.5041096946,0.2359366562
1,185.0000000000,3,6958096.6302378289,40120.6728503421,0.2359366562
1,185.0000000000,3,6958091.7989571886,40115.8415896804,0.2359366562
1,185.0000000000,3,6958086.9676777059,40111.0103278611,0.2359366562
1,185.0000000000,3,6958082.1363992468,40106.1790650185,0.2359366562
1,185.0000000000,3,6958077.3051216919,40101.3478012710,0.2359366562
1,185.0000000000,3,6958072.4738449370,40096.5165367236,0.2359366562
1,185.0000000000,3,6958067.6425688891,40091.6852714690,0.2359366562
1,185.0000000000,3,6958062.8112934669,40086.8540055890,0.2359366562
1,185.0000000000,3,6958057.9800185980,40082.0227391562,0.2359366562
1,185.0000000000,3,6958053.1487442171,40077.1914722346,0.2359366562
1,185.0000000000,3,6958048.3174702683,40072.3602048808,0.2359366562
1,185.0000000000,3,6958043.4861967023,40067.5289371450,0.2359366562
1,185.0000000000,3,6958038.6549234735,40062.6976690713,0.2359366562
1,185.0000000000,3,6958033.8236505436,40057.8664006990,0.2359366562
1,185.0000000000,3,6958028.9923778782,40053.0351320626,0.2359366562
1,185.0000000000,3,6958024.1611054456,40048.2038631927,0.2359366562
1,185.0000000000,3,6958019.3298332198,40043.3725941165,0.2359366562
1,185.0000000000,3,6958014.4985611765,40038.5413248578,0.2359366562
1,185.0000000000,3,6958009.6672892943,40033.7100554377,0.2359366562
1,185.0000000000,3,6958004.8360175546,40028.8787858750,0.2359366562
1,185.0000000000,3,6958000.0047459416,40024.0475161862,0.2359366562
1,185.0000000000,4,6958587.7737346608,40583.5322483427,0.3474333877
1,185.0000000000,4,6958583.2180339536,40578.4402994745,0.3474333877
1,185.0000000000,4,6958576.5063904673,40577.1611615123,0.3474333877
1,185.0000000000,4,6958569.8706167238,40575.5336299345,0.3474333877
1,185.0000000000,4,6958563.3103456469,40573.6243903988,0.3474333877
1,185.0000000000,4,6958556.8358954201,40571.4417666420,0.3474333877
1,185.0000000000,4,6958550.4552291492,40568.9985208186,0.3474333877
1,185.0000000000,4,6958544.1739800293,40566.3099781467,0.3474333877
1,185.0000000000,4,6958537.9953588424,40563.3933032531,0.3474333877
1,185.0000000000,4,6958531.9202528112,40560.2667334203,0.3474333877
1,185.0000000000,4,6958525.9474726869,40556.9488651601,0.3474333877
1,185.0000000000,4,6958520.0740955966,40553.4580495293,0.3474333877
1,185.0000000000,4,6958514.2958499212,40549.8119243081,0.3474333877
1,185.0000000000,4,6958508.6074971501,40546.0270868001,0.3474333877
1,185.0000000000,4,6958503.0031791860,40542.1188938210,0.3474333877
1,185.0000000000,4,6958497.4767134124,40538.1013661903,0.3474333877
1,185.0000000000,4,6958492.0218292531,40533.9871723431,0.3474333877
1,185.0000000000,4,6958486.6323478706,40529.7876672961,0.3474333877
1,185.0000000000,4,6958481.3023112919,40525.5129670401,0.3474333877
1,185.0000000000,4,6958476.0260692444,40521.1720429370,0.3474333877
1,185.0000000000,4,6958470.7983323243,40516.7728249493,0.3474333877
1,185.0000000000,4,6958465.6141994046,40512.3223060938,0.3474333877
1,185.0000000000,4,6958460.4691660721,40507.8266432709,0.3474333877
1,185.0000000000,4,6958455.3591195997,40503.2912516386,0.3474333877
1,185.0000000000,4,6958450.2803247869,40498.7208910995,0.3474333877
1,185.0000000000,4,6958445.2294039559,40494.1197443981,0.3474333877
1,185.0000000000,4,6958440.2033135435,40489.4914869102,0.3474333877
1,185.0000000000,4,6958435.1993190516,40484.8393485493,0.3474333877
1,185.0000000000,4,6958430.2149695978,40480.1661683978,0.3474333877
1,185.0000000000,4,6958425.2480729176,40475.4744427471,0.3474333877
1,185.0000000000,4,6958420.2966713738,40470.7663672421,0.3474333877
1,185.0000000000,4,6958415.3590193111,40466.0438737995,0.3474333877
1,185.0000000000,4,6958410.4335619565,40461.3086629217,0.3474333877
1,185.0000000000,4,6958405.5189159429,40456.5622319706,0.3474333877
1,185.0000000000,4,6958400.6138514671,40451.8058999069,0.3474333877
1,185.0000000000,4,6958395.7172760414,40447.0408289408,0.3474333877
1,185.0000000000,4,6958390.8282197677,40442.2680434894,0.3474333877
1,185.0000000000,4,6958385.9458220443,40437.4884467830,0.3474333877
1,185.0000000000,4,6958381.0693196002,40432.7028354200,0.3474333877
1,185.0000000000,4,6958376.1980357580,40427.9119121337,0.3474333877
1,185.0000000000,4,6958371.3313708166,40423.1162969953,0.3474333877
1,185.0000000000,4,6958366.4687934527,40418.3165372522,0.3474333877
1,185.0000000000,4,6958361.6098330477,40413.5131159725,0.3474333877
1,185.0000000000,4,6958356.7540728441,40408.7064596444,0.3474333877
1,185.0000000000,4,6958351.9011438554,40403.8969448619,0.3474333877
1,185.0000000000,4,6958347.0507194465,40399.0849042072,0.3474333877
1,185.0000000000,4,6958342.2025105143,40394.2706314313,0.3474333877
1,185.0000000000,4,6958337.3562612105,40389.4543860162,0.3474333877
1,185.0000000000,4,6958332.5117451428,40384.6363971957,0.3474333877
1,185.0000000000,4,6958327.6687620003,40379.8168674993,0.3474333877
1,185.0000000000,4,6958322.8271345692,40374.9959758773,0.3474333877
1,185.0000000000,4,6958317.9867060790,40370.1738804568,0.3474333877
1,185.0000000000,4,6958313.1473378548,40365.3507209739,0.3474333877
1,185.0000000000,4,6958308.3089072341,40360.5266209191,0.3474333877
1,185.0000000000,4,6958303.4713057261,40355.7016894319,0.3474333877
1,185.0000000000,4,6958298.6344373766,40350.8760229720,0.3474333877
1,185.0000000000,4,6958293.7982173255,40346.0497067967,0.3474333877
1,185.0000000000,4,6958288.9625705238,40341.2228162637,0.3474333877
1,185.0000000000,4,6958284.1274306038,40336.3954179830,0.3474333877
1,185.0000000000,4,6958279.2927388744,40331.5675708340,0.3474333877
1,185.0000000000,4,6958274.4584434377,40326.7393268637,0.3474333877
1,185.0000000000,4,6958269.6244983999,40321.9107320806,0.3474333877
1,185.0000000000,4,6958264.7908631796,40317.0818271563,0.3474333877
1,185.0000000000,4,6958259.9575018939,40312.2526480448,0.3474333877
1,185.0000000000,4,6958255.1243828135,40307.4232265304,0.3474333877
1,185.0000000000,4,6958250.2914778832,40302.5935907115,0.3474333877
1,185.0000000000,4,6958245.4587622965,40297.7637654286,0.3474333877
1,185.0000000000,4,6958240.6262141187,40292.9337726419,0.3474333877
1,185.0000000000,4,6958235.7938139569,40288.1036317656,0.3474333877
1,185.0000000000,4,6958230.9615446636,40283.2733599635,0.3474333877
1,185.0000000000,4,6958226.1293910770,40278.4429724094,0.3474333877
1,185.0000000000,4,6958221.2973397914,40273.6124825185,0.3474333877
1,185.0000000000,4,6958216.4653789559,40268.7819021507,0.3474333877
1,185.0000000000,4,6958211.6334980903,40263.9512417914,0.3474333877
1,185.0000000000,4,6958206.8016879288,40259.1205107108,0.3474333877
1,185.0000000000,4,6958201.9699402796,40254.2897171046,0.3474333877
1,185.0000000000,4,6958197.1382479006,40249.4588682184,0.3474333877
1,185.0000000000,4,6958192.3066043872,40244.6279704585,0.3474333877
1,185.0000000000,4,6958187.4750040779,40239.7970294884,0.3474333877
1,185.0000000000,4,6958182.6434419658,40234.9660503154,0.3474333877
1,185.0000000000,4,6958177.8119136263,40230.1350373666,0.3474333877
1,185.0000000000,4,6958172.9804151459,40225.3039945559,0.3474333877
1,185.0000000000,4,6958168.1489430638,40220.4729253438,0.3474333877
1,185.0000000000,4,6958163.3174943225,40215.6418327895,0.3474333877
1,185.0000000000,4,6958158.4860662166,40210.8107195979,0.3474333877
1,185.0000000000,4,6958153.6546563562,40205.9795881605,0.3474333877
1,185.0000000000,4,6958148.8232626263,40201.1484405915,0.3474333877
1,185.0000000000,4,6958143.9918831578,40196.3172787603,0.3474333877
1,185.0000000000,4,6958139.1605162984,40191.4861043194,0.3474333877
1,185.0000000000,4,6958134.3291605869,40186.6549187302,0.3474333877
1,185.0000000000,4,6958129.4978147317,40181.8237232843,0.3474333877
1,185.0000000000,4,6958124.6664775908,40176.9925191240,0.3474333877
1,185.0000000000,4,6958119.8351481538,40172.1613072590,0.3474333877
1,185.0000000000,4,6958115.0038255285,40167.3300885822,0.3474333877
1,185.0000000000,4,6958110.1725089261,40162.4988638828,0.3474333877
1,185.0000000000,4,6958105.3411976481,40157.6676338588,0.3474333877
1,185.0000000000,4,6958100.5098910779,40152.8363991270,0.3474333877
1,185.0000000000,4,6958095.6785886697,40148.0051602331,0.3474333877
1,185.0000000000,4,6958090.8472899413,40143.1739176593,0.3474333877
1,185.0000000000,4,6958086.0159944668,40138.3426718321,0.3474333877
1,185.0000000000,4,6958081.1847018683,40133.5114231283,0.3474333877
1,185.0000000000,4,6958076.3534118133,40128.6801718815,0.3474333877
1,185.0000000000,4,6958071.5221240064,40123.8489183862,0.3474333877
1,185.0000000000,4,6958066.6908381879,40119.0176629029,0.3474333877
1,185.0000000000,4,6958061.8595541269,40114.1864056621,0.3474333877
1,185.0000000000,4,6958057.0282716192,40109.3551468674,0.3474333877
1,185.0000000000,4,6958052.1969904853,40104.5238866988,0.3474333877
1,185.0000000000,4,6958047.3657105668,40099.6926253156,0.3474333877
1,185.0000000000,4,6958042.5344317220,40094.8613628585,0.3474333877
1,185.0000000000,4,6958037.7031538263,40090.0300994519,0.3474333877
1,185.0000000000,4,6958032.8718767697,40085.1988352058,0.3474333877
1,185.0000000000,4,6958028.0406004554,40080.3675702176,0.3474333877
1,185.0000000000,4,6958023.2093247976,40075.5363045731,0.3474333877
1,185.0000000000,4,6958018.3780497201,40070.7050383485,0.3474333877
1,185.0000000000,4,6958013.5467751557,40065.8737716110,0.3474333877
1,185.0000000000,4,6958008.7155010449,40061.0425044200,0.3474333877
1,185.0000000000,4,6958003.8842273345,40056.2112368281,0.3474333877
1,185.0000000000,4,6957999.0529539790,40051.3799688817,0.3474333877
1,185.0000000000,4,6957994.2216809364,40046.5487006219,0.3474333877
1,185.0000000000,4,6957989.3904081713,40041.7174320850,0.3474333877
1,190.0000000000,0,6958562.8821948580,40557.8595040092,0.3066135312
1,190.0000000000,0,6958558.0251293210,40552.7987673182,0.3066135312
1,190.0000000000,0,6958556.6663798401,40545.9172019920,0.3066135312
1,190.0000000000,0,6958554.9565822072,40539.1143545334,0.3066135312
1,190.0000000000,0,6958552.9498586934,40532.3931044839,0.3066135312
1,190.0000000000,0,6958550.6562930802,40525.7642510182,0.3066135312
1,190.0000000000,0,6958548.0902902847,40519.2360222274,0.3066135312
1,190.0000000000,0,6958545.2689904738,40512.8139969341,0.3066135312
1,190.0000000000,0,6958542.2114118543,40506.5010456054,0.3066135312
1,190.0000000000,0,6958538.9375742348,40500.2974878574,0.3066135312
1,190.0000000000,0,6958535.4677034747,40494.2014122018,0.3066135312
1,190.0000000000,0,6958531.8215764919,40488.2090921571,0.3066135312
1,190.0000000000,0,6958528.0180324633,40482.3154350315,0.3066135312
1,190.0000000000,0,6958524.0746475281,40476.5144129887,0.3066135312
1,190.0000000000,0,6958520.0075518936,40470.7994436459,0.3066135312
1,190.0000000000,0,6958515.8313596835,40465.1637041099,0.3066135312
1,190.0000000000,0,6958511.5591808083,40459.6003751474,0.3066135312
1,190.0000000000,0,6958507.2026875550,40454.1028204164,0.3066135312
1,190.0000000000,0,6958502.7722139899,40448.6647099467,0.3066135312
1,190.0000000000,0,6958498.2768718731,40443.2800984710,0.3066135312
1,190.0000000000,0,6958493.7246717587,40437.9434688598,0.3066135312
1,190.0000000000,0,6958489.1226419257,40432.6497496658,0.3066135312
1,190.0000000000,0,6958484.4769407194,40427.3943142135,0.3066135312
1,190.0000000000,0,6958479.7929599592,40422.1729670951,0.3066135312
1,190.0000000000,0,6958475.0754184388,40416.9819225474,0.3066135312
1,190.0000000000,0,6958470.3284454290,40411.8177780165,0.3066135312
1,190.0000000000,0,6958465.5556546049,40406.6774852975,0.3066135312
1,190.0000000000,0,6958460.7602090985,40401.5583209234,0.3066135312
1,190.0000000000,0,6958455.9448785139,40396.4578569391,0.3066135312
1,190.0000000000,0,6958451.1120887520,40391.3739328044,0.3066135312
1,190.0000000000,0,6958446.2639654828,40386.3046288821,0.3066135312
1,190.0000000000,0,6958441.4023720399,40381.2482417642,0.3066135312
1,190.0000000000,0,6958436.5289424360,40376.2032615473,0.3066135312
1,190.0000000000,0,6958431.6451101303,40371.1683510714,0.3066135312
1,190.0000000000,0,6958426.7521330947,40366.1423270739,0.3066135312
1,190.0000000000,0,6958421.8511156738,40361.1241431665,0.3066135312
1,190.0000000000,0,6958416.9430276472,40356.1128745229,0.3066135312
1,190.0000000000,0,6958412.0287208771,40351.1077041505,0.3066135312
1,190.0000000000,0,6958407.1089438396,40346.1079106158,0.3066135312
1,190.0000000000,0,6958402.1843543323,40341.1128570947,0.3066135312
1,190.0000000000,0,6958397.2555305874,40336.1219816221,0.3066135312
1,190.0000000000,0,6958392.3229809934,40331.1347884244,0.3066135312
1,190.0000000000,0,6958387.3871526103,40326.1508402239,0.3066135312
1,190.0000000000,0,6958382.4484386323,40321.1697514140,0.3066135312
1,190.0000000000,0,6958377.5071849246,40316.1911820128,0.3066135312
1,190.0000000000,0,6958372.5636957595,40311.2148323102,0.3066135312
1,190.0000000000,0,6958367.6182388486,40306.2404381325,0.3066135312
1,190.0000000000,0,6958362.6710497607,40301.2677666555,0.3066135312
1,190.0000000000,0,6958357.7223357968,40296.2966127054,0.3066135312
1,190.0000000000,0,6958352.7722793994,40291.3267954904,0.3066135312
1,190.0000000000,0,6958347.8210411416,40286.3581557160,0.3066135312
1,190.0000000000,0,6958342.8687623609,40281.3905530378,0.3066135312
1,190.0000000000,0,6958337.9155674670,40276.4238638150,0.3066135312
1,190.0000000000,0,6958332.9615659770,40271.4579791277,0.3066135312
1,190.0000000000,0,6958328.0068543004,40266.4928030285,0.3066135312
1,190.0000000000,0,6958323.0515173133,40261.5282510011,0.3066135312
1,190.0000000000,0,6958318.0956297377,40256.5642486008,0.3066135312
1,190.0000000000,0,6958313.1392573612,40251.6007302564,0.3066135312
1,190.0000000000,0,6958308.1824581046,40246.6376382141,0.3066135312
1,190.0000000000,0,6958303.2252829652,40241.6749216066,0.3066135312
1,190.0000000000,0,6958298.2677768441,40236.7125356331,0.3066135312
1,190.0000000000,0,6958293.3099792767,40231.7504408363,0.3066135312
1,190.0000000000,0,6958288.3519250741,40226.7886024657,0.3066135312
1,190.0000000000,0,6958283.3936448880,40221.8269899168,0.3066135312
1,190.0000000000,0,6958278.4351657080,40216.8655762363,0.3066135312
1,190.0000000000,0,6958273.4765112987,40211.9043376874,0.3066135312
1,190.0000000000,0,6958268.5177025869,40206.9432533655,0.3066135312
1,190.0000000000,0,6958263.5587579990,40201.9823048610,0.3066135312
1,190.0000000000,0,6958258.5996937612,40197.0214759611,0.3066135312
1,190.0000000000,0,6958253.6405241610,40192.0607523883,0.3066135312
1,190.0000000000,0,6958248.6812617797,40187.1001215690,0.3066135312
1,190.0000000000,0,6958243.7219176963,40182.1395724305,0.3066135312
1,190.0000000000,0,6958238.7625016673,40177.1790952217,0.3066135312
1,190.0000000000,0,6958233.8030222822,40172.2186813555,0.3066135312
1,190.0000000000,0,6958228.8434871072,40167.2583232699,0.3066135312
1,190.0000000000,0,6958223.8839028031,40162.2980143056,0.3066135312
1,190.0000000000,0,6958218.9242752362,40157.3377485983,0.3066135312
1,190.0000000000,0,6958213.9646095717,40152.3775209836,0.3066135312
1,190.0000000000,0,6958209.0049103592,40147.4173269137,0.3066135312
1,190.0000000000,0,6958204.0451816041,40142.4571623838,0.3066135312
1,190.0000000000,0,6958199.0854268335,40137.4970238672,0.3066135312
1,190.0000000000,0,6958194.1256491533,40132.5369082582,0.3066135312
1,190.0000000000,0,6958189.1658512997,40127.5768128218,0.3066135312
1,190.0000000000,0,6958184.2060356801,40122.6167351496,0.3066135312
1,190.0000000000,0,6958179.2462044172,40117.6566731208,0.3066135312
1,190.0000000000,0,6958174.2863593772,40112.6966248676,0.3066135312
1,190.0000000000,0,6958169.3265022058,40107.7365887454,0.3066135312
1,190.0000000000,0,6958164.3666343521,40102.7765633058,0.3066135312
1,190.0000000000,0,6958159.4067570902,40097.8165472734,0.3066135312
1,190.0000000000,0,6958154.4468715442,40092.8565395251,0.3066135312
1,190.0000000000,0,6958149.4869787032,40087.8965390718,0.3066135312
1,190.0000000000,0,6958144.5270794379,40082.9365450425,0.3066135312
1,190.0000000000,0,6958139.5671745157,40077.9765566703,0.3066135312
1,190.0000000000,0,6958134.6072646119,40073.0165732797,0.3066135312
1,190.0000000000,0,6958129.6473503206,40068.0565942760,0.3066135312
1,190.0000000000,0,6958124.6874321662,40063.0966191355,0.3066135312
1,190.0000000000,0,6958119.7275106106,40058.1366473968,0.3066135312
1,190.0000000000,0,6958114.7675860589,40053.1766786538,0.3066135312
1,190.0000000000,0,6958109.8076588688,40048.2167125489,0.3066135312
1,190.0000000000,0,6958104.8477293560,40043.2567487671,0.3066135312
1,190.0000000000,0,6958099.8877977971,40038.2967870310,0.3066135312
1,190.0000000000,0,6958094.9278644370,40033.3368270965,0.3066135312
1,190.0000000000,0,6958089.9679294899,40028.3768687483,0.3066135312
1,190.0000000000,0,6958085.0079931458,40023.4169117971,0.3066135312
1,190.0000000000,0,6958080.0480555724,40018.4569560761,0.3066135312
1,190.0000000000,0,6958075.0881169150,40013.4970014384,0.3066135312
1,190.0000000000,0,6958070.1281773038,40008.5370477547,0.3066135312
1,190.0000000000,0,6958065.1682368526,40003.5770949110,0.3066135312
1,190.0000000000,0,6958060.2082956620,39998.6171428072,0.3066135312
1,190.0000000000,0,6958055.2483538194,39993.6571913548,0.3066135312
1,190.0000000000,0,6958050.2884114031,39988.6972404761,0.3066135312
1,190.0000000000,0,6958045.3284684820,39983.7372901026,0.3066135312
1,190.0000000000,0,6958040.3685251158,39978.7773401740,0.3066135312
1,190.0000000000,0,6958035.4085813574,39973.8173906371,0.3066135312
1,190.0000000000,0,6958030.4486372545,39968.8574414452,0.3066135312
1,190.0000000000,0,6958025.4886928480,39963.8974925571,0.3066135312
1,190.0000000000,0,6958020.5287481742,39958.9375439365,0.3066135312
1,190.0000000000,0,6958015.5688032648,39953.9775955515,0.3066135312
1,190.0000000000,0,6958010.6088581476,39949.0176473740,0.3066135312
1,190.0000000000,0,6958005.6489128480,39944.0576993792,0.3066135312
1,190.0000000000,1,6958562.8821948580,40557.8595040092,0.2390162944
1,190.0000000000,1,6958558.0251293210,40552.7987673182,0.2390162944
1,190.0000000000,1,6958554.8648924604,40546.5365756513,0.2390162944
1,190.0000000000,1,6958551.5303082382,40540.3654582845,0.2390162944
1,190.0000000000,1,6958548.0061572082,40534.3006004123,0.2390162944
1,190.0000000000,1,6958544.3114589099,40528.3381054669,0.2390162944
1,190.0000000000,1,6958540.4646957954,40522.4725658471,0.2390162944
1,190.0000000000,1,6958536.4830286233,40516.6977526018,0.2390162944
1,190.0000000000,1,6958532.3821412735,40511.0069824927,0.2390162944
1,190.0000000000,1,6958528.1761978343,40505.3934113229,0.2390162944
1,190.0000000000,1,6958523.8778733099,40499.8502580893,0.2390162944
1,190.0000000000,1,6958519.4984319620,40494.3709666234,0.2390162944
1,190.0000000000,1,6958515.0478330646,40488.9493145742,0.2390162944
1,190.0000000000,1,6958510.5348493364,40483.5794803723,0.2390162944
1,190.0000000000,1,6958505.9671880146,40478.2560781197,0.2390162944
1,190.0000000000,1,6958501.3516081870,40472.9741689622,0.2390162944
1,190.0000000000,1,6958496.6940306546,40467.7292559013,0.2390162944
1,190.0000000000,1,6958491.9996384541,40462.5172674748,0.2390162944
1,190.0000000000,1,6958487.2729673795,40457.3345344079,0.2390162944
1,190.0000000000,1,6958482.5179865845,40452.1777622464,0.2390162944
1,190.0000000000,1,6958477.7381697968,40447.0440021267,0.2390162944
1,190.0000000000,1,6958472.9365579030,40441.9306211798,0.2390162944
1,190.0000000000,1,6958468.1158137377,40436.8352735780,0.2390162944
1,190.0000000000,1,6958463.2782699456,40431.7558728704,0.2390162944
1,190.0000000000,1,6958458.4259707211,40426.6905659966,0.2390162944
1,190.0000000000,1,6958453.5607081866,40421.6377091844,0.2390162944
1,190.0000000000,1,6958448.6840540878,40416.5958458090,0.2390162944
1,190.0000000000,1,6958443.7973874090,40411.5636862070,0.2390162944
1,190.0000000000,1,6958438.9019184401,40406.5400893812,0.2390162944
1,190.0000000000,1,6958433.9987097681,40401.5240464973,0.2390162944
1,190.0000000000,1,6958429.0886945873,40396.5146660546,0.2390162944
1,190.0000000000,1,6958424.1726926873,40391.5111606023,0.2390162944
1,190.0000000000,1,6958419.2514244188,40386.5128348705,0.2390162944
1,190.0000000000,1,6958414.3255229034,40381.5190751892,0.2390162944
1,190.0000000000,1,6958409.3955447152,40376.5293400707,0.2390162944
1,190.0000000000,1,6958404.4619792271,40371.5431518408,0.2390162944
1,190.0000000000,1,6958399.5252567995,40366.5600892123,0.2390162944
1,190.0000000000,1,6958394.5857559536,40361.5797806995,0.2390162944
1,190.0000000000,1,6958389.6438096622,40356.6018987861,0.2390162944
1,190.0000000000,1,6958384.6997108664,40351.6261547628,0.2390162944
1,190.0000000000,1,6958379.7537173154,40346.6522941614,0.2390162944
1,190.0000000000,1,6958374.8060558168,40341.6800927188,0.2390162944
1,190.0000000000,1,6958369.8569259690,40336.7093528105,0.2390162944
1,190.0000000000,1,6958364.9065034362,40331.7399003014,0.2390162944
1,190.0000000000,1,6958359.9549428327,40326.7715817652,0.2390162944
1,190.0000000000,1,6958355.0023802491,40321.8042620303,0.2390162944
1,190.0000000000,1,6958350.0489354823,40316.8378220147,0.2390162944
1,190.0000000000,1,6958345.0947139869,40311.8721568161,0.2390162944
1,190.0000000000,1,6958340.1398085989,40306.9071740275,0.2390162944
1,190.0000000000,1,6958335.1843010494,40301.9427922517,0.2390162944
1,190.0000000000,1,6958330.2282632915,40296.9789397926,0.2390162944
1,190.0000000000,1,6958325.2717586765,40292.0155535001,0.2390162944
1,190.0000000000,1,6958320.3148429794,40287.0525777533,0.2390162944
1,190.0000000000,1,6958315.3575653089,40282.0899635641,0.2390162944
1,190.0000000000,1,6958310.3999689044,40277.1276677867,0.2390162944
1,190.0000000000,1,6958305.4420918375,40272.1656524217,0.2390162944
1,190.0000000000,1,6958300.4839676311,40267.2038840029,0.2390162944
1,190.0000000000,1,6958295.5256258016,40262.2423330566,0.2390162944
1,190.0000000000,1,6958290.5670923395,40257.2809736261,0.2390162944
1,190.0000000000,1,6958285.6083901310,40252.3197828516,0.2390162944
1,190.0000000000,1,6958280.6495393282,40247.3587406015,0.2390162944
1,190.0000000000,1,6958275.6905576764,40242.3978291466,0.2390162944
1,190.0000000000,1,6958270.7314608004,40237.4370328736,0.2390162944
1,190.0000000000,1,6958265.7722624596,40232.4763380329,0.2390162944
1,190.0000000000,1,6958260.8129747696,40227.5157325157,0.2390162944
1,190.0000000000,1,6958255.8536083996,40222.5552056587,0.2390162944
1,190.0000000000,1,6958250.8941727448,40217.5947480715,0.2390162944
1,190.0000000000,1,6958245.9346760781,40212.6343514845,0.2390162944
1,190.0000000000,1,6958240.9751256844,40207.6740086152,0.2390162944
1,190.0000000000,1,6958236.0155279785,40202.7137130507,0.2390162944
1,190.0000000000,1,6958231.0558886100,40197.7534591433,0.2390162944
1,190.0000000000,1,6958226.0962125538,40192.7932419198,0.2390162944
1,190.0000000000,1,6958221.1365041900,40187.8330570005,0.2390162944
1,190.0000000000,1,6958216.1767673753,40182.8729005289,0.2390162944
1,190.0000000000,1,6958211.2170055080,40177.9127691084,0.2390162944
1,190.0000000000,1,6958206.2572215786,40172.9526597483,0.2390162944
1,190.0000000000,1,6958201.2974182218,40167.9925698147,0.2390162944
1,190.0000000000,1,6958196.3375977566,40163.0324969884,0.2390162944
1,190.0000000000,1,6958191.3777622255,40158.0724392269,0.2390162944
1,190.0000000000,1,6958186.4179134276,40153.1123947316,0.2390162944
1,190.0000000000,1,6958181.4580529472,40148.1523619185,0.2390162944
1,190.0000000000,1,6958176.4981821794,40143.1923393930,0.2390162944
1,190.0000000000,1,6958171.5383023517,40138.2323259268,0.2390162944
1,190.0000000000,1,6958166.5784145463,40133.2723204383,0.2390162944
1,190.0000000000,1,6958161.6185197150,40128.3123219750,0.2390162944
1,190.0000000000,1,6958156.6586186970,40123.3523296982,0.2390162944
1,190.0000000000,1,6958151.6987122316,40118.3923428692,0.2390162944
1,190.0000000000,1,6958146.7388009690,40113.4323608375,0.2390162944
1,190.0000000000,1,6958141.7788854809,40108.4723830306,0.2390162944
1,190.0000000000,1,6958136.8189662732,40103.5124089438,0.2390162944
1,190.0000000000,1,6958131.8590437891,40098.5524381332,0.2390162944
1,190.0000000000,1,6958126.8991184197,40093.5924702074,0.2390162944
1,190.0000000000,1,6958121.9391905107,40088.6325048222,0.2390162944
1,190.0000000000,1,6958116.9792603636,40083.6725416741,0.2390162944
1,190.0000000000,1,6958112.0193282468,40078.7125804961,0.2390162944
1,190.0000000000,1,6958107.0593943950,40073.7526210530,0.2390162944
1,190.0000000000,1,6958102.0994590158,40068.7926631375,0.2390162944
1,190.0000000000,1,6958097.1395222908,40063.8327065674,0.2390162944
1,190.0000000000,1,6958092.1795843812,40058.8727511820,0.2390162944
1,190.0000000000,1,6958087.2196454285,40053.9127968399,0.2390162944
1,190.0000000000,1,6958082.2597055575,40048.9528434164,0.2390162944
1,190.0000000000,1,6958077.2997648772,40043.9928908019,0.2390162944
1,190.0000000000,1,6958072.3398234844,40039.0329388999,0.2390162944
1,190.0000000000,1,6958067.3798814639,40034.0729876253,0.2390162944
1,190.0000000000,1,6958062.4199388912,40029.1130369031,0.2390162944
1,190.0000000000,1,6958057.4599958323,40024.1530866674,0.2390162944
1,190.0000000000,1,6958052.5000523450,40019.1931368602,0.2390162944
1,190.0000000000,1,6958047.5401084805,40014.2331874302,0.2390162944
1,190.0000000000,1,6958042.5801642835,40009.2732383324,0.2390162944
1,190.0000000000,1,6958037.6202197941,40004.3132895272,0.2390162944
1,190.0000000000,1,6958032.6602750467,39999.3533409797,0.2390162944
1,190.0000000000,1,6958027.7003300721,39994.3933926590,0.2390162944
1,190.0000000000,1,6958022.7403848981,39989.4334445381,0.2390162944
1,190.0000000000,1,6958017.7804395482,39984.4734965931,0.2390162944
1,190.0000000000,1,6958012.8204940436,39979.5135488030,0.2390162944
1,190.0000000000,1,6958007.8605484022,39974.5536011493,0.2390162944
1,190.0000000000,1,6958002.9006026406,39969.5936536158,0.2390162944
1,190.0000000000,1,6957997.9406567737,39964.6337061880,0.2390162944
1,190.0000000000,1,6957992.9807108138,39959.6737588535,0.2390162944
1,190.0000000000,1,6957988.0207647718,39954.7138116009,0.2390162944
1,190.0000000000,2,6958562.8821948580,40557.8595040092,0.2425911378
1,190.0000000000,2,6958558.0251293210,40552.7987673182,0.2425911378
1,190.0000000000,2,6958553.0563346948,40547.8476844619,0.2425911378
1,190.0000000000,2,6958548.0854062084,40542.8987440226,0.2425911378
1,190.0000000000,2,6958543.1156841470,40537.9485920935,0.2425911378
1,190.0000000000,2,6958538.1471248288,40532.9972730980,0.2425911378
1,190.0000000000,2,6958533.1795929074,40528.0449233427,0.2425911378
1,190.0000000000,2,6958528.2129660016,40523.0916659632,0.2425911378
1,190.0000000000,2,6958523.2471361998,40518.1376094568,0.2425911378
1,190.0000000000,2,6958518.2820084402,40513.1828493396,0.2425911378
1,190.0000000000,2,6958513.3174989857,40508.2274697002,0.2425911378
1,190.0000000000,2,6958508.3535340801,40503.2715445692,0.2425911378
1,190.0000000000,2,6958503.3900487572,40498.3151391240,0.2425911378
1,190.0000000000,2,6958498.4269857956,40493.3583107496,0.2425911378
1,190.0000000000,2,6958493.4642947987,40488.4011099706,0.2425911378
1,190.0000000000,2,6958488.5019313795,40483.4435812727,0.2425911378
1,190.0000000000,2,6958483.5398564460,40478.4857638253,0.2425911378
1,190.0000000000,2,6958478.5780355679,40473.5276921171,0.2425911378
1,190.0000000000,2,6958473.6164384233,40468.5693965160,0.2425911378
1,190.0000000000,2,6958468.6550383084,40463.6109037617,0.2425911378
1,190.0000000000,2,6958463.6938117063,40458.6522373995,0.2425911378
1,190.0000000000,2,6958458.7327379053,40453.6934181621,0.2425911378
1,190.0000000000,2,6958453.7717986656,40448.7344643057,0.2425911378
1,190.0000000000,2,6958448.8109779246,40443.7753919060,0.2425911378
1,190.0000000000,2,6958443.8502615364,40438.8162151186,0.2425911378
1,190.0000000000,2,6958438.8896370446,40433.8569464086,0.2425911378
1,190.0000000000,2,6958433.9290934782,40428.8975967523,0.2425911378
1,190.0000000000,2,6958428.9686211757,40423.9381758154,0.2425911378
1,190.0000000000,2,6958424.0082116304,40418.9786921090,0.2425911378
1,190.0000000000,2,6958419.0478573497,40414.0191531282,0.2425911378
1,190.0000000000,2,6958414.0875517363,40409.0595654729,0.2425911378
1,190.0000000000,2,6958409.1272889795,40404.0999349548,0.2425911378
1,190.0000000000,2,6958404.1670639636,40399.1402666919,0.2425911378
1,190.0000000000,2,6958399.2068721820,40394.1805651907,0.2425911378
1,190.0000000000,2,6958394.2467096671,40389.2208344201,0.2425911378
1,190.0000000000,2,6958389.2865729248,40384.2610778747,0.2425911378
1,190.0000000000,2,6958384.3264588788,40379.3012986320,0.2425911378
1,190.0000000000,2,6958379.3663648181,40374.3414994018,0.2425911378
1,190.0000000000,2,6958374.4062883575,40369.3816825708,0.2425911378
1,190.0000000000,2,6958369.4462273959,40364.4218502404,0.2425911378
1,190.0000000000,2,6958364.4861800820,40359.4620042611,0.2425911378
1,190.0000000000,2,6958359.5261447877,40354.5021462625,0.2425911378
1,190.0000000000,2,6958354.5661200769,40349.5422776798,0.2425911378
1,190.0000000000,2,6958349.6061046859,40344.5823997766,0.2425911378
1,190.0000000000,2,6958344.6460975027,40339.6225136657,0.2425911378
1,190.0000000000,2,6958339.6860975474,40334.6626203271,0.2425911378
1,190.0000000000,2,6958334.7261039568,40329.7027206237,0.2425911378
1,190.0000000000,2,6958329.7661159709,40324.7428153155,0.2425911378
1,190.0000000000,2,6958324.8061329201,40319.7829050717,0.2425911378
1,190.0000000000,2,6958319.8461542157,40314.8229904815,0.2425911378
1,190.0000000000,2,6958314.8861793382,40309.8630720639,0.2425911378
1,190.0000000000,2,6958309.9262078311,40304.9031502758,0.2425911378
1,190.0000000000,2,6958304.9662392922,40299.9432255197,0.2425911378
1,190.0000000000,2,6958300.0062733674,40294.9832981498,0.2425911378
1,190.0000000000,2,6958295.0463097440,40290.0233684783,0.2425911378
1,190.0000000000,2,6958290.0863481471,40285.0634367800,0.2425911378
1,190.0000000000,2,6958285.1263883356,40280.1035032969,0.2425911378
1,190.0000000000,2,6958280.1664300961,40275.1435682419,0.2425911378
1,190.0000000000,2,6958275.2064732406,40270.1836318030,0.2425911378
1,190.0000000000,2,6958270.2465176033,40265.2236941452,0.2425911378
1,190.0000000000,2,6958265.2865630398,40260.2637554141,0.2425911378
1,190.0000000000,2,6958260.3266094215,40255.3038157379,0.2425911378
1,190.0000000000,2,6958255.3666566350,40250.3438752294,0.2425911378
1,190.0000000000,2,6958250.4067045813,40245.3839339879,0.2425911378
1,190.0000000000,2,6958245.4467531731,40240.4239921010,0.2425911378
1,190.0000000000,2,6958240.4868023340,40235.4640496457,0.2425911378
1,190.0000000000,2,6958235.5268519949,40230.5041066898,0.2425911378
1,190.0000000000,2,6958230.5669020964,40225.5441632933,0.2425911378
1,190.0000000000,2,6958225.6069525862,40220.5842195086,0.2425911378
1,190.0000000000,2,6958220.6470034178,40215.6242753821,0.2425911378
1,190.0000000000,2,6958215.6870545503,40210.6643309546,0.2425911378
1,190.0000000000,2,6958210.7271059481,40205.7043862621,0.2425911378
1,190.0000000000,2,6958205.7671575788,40200.7444413361,0.2425911378
1,190.0000000000,2,6958200.8072094154,40195.7844962046,0.2425911378
1,190.0000000000,2,6958195.8472614326,40190.8245508922,0.2425911378
1,190.0000000000,2,6958190.8873136099,40185.8646054203,0.2425911378
1,190.0000000000,2,6958185.9273659270,40180.9046598080,0.2425911378
1,190.0000000000,2,6958180.9674183680,40175.9447140722,0.2425911378
1,190.0000000000,2,6958176.0074709179,40170.9847682275,0.2425911378
1,190.0000000000,2,6958171.0475235637,40166.0248222870,0.2425911378
1,190.0000000000,2,6958166.0875762934,40161.0648762620,0.2425911378
1,190.0000000000,2,6958161.1276290976,40156.1049301628,0.2425911378
1,190.0000000000,2,6958156.1676819678,40151.1449839981,0.2425911378
1,190.0000000000,2,6958151.2077348949,40146.1850377757,0.2425911378
1,190.0000000000,2,6958146.2477878733,40141.2250915027,0.2425911378
1,190.0000000000,2,6958141.2878408963,40136.2651451849,0.2425911378
1,190.0000000000,2,6958136.3278939584,40131.3051988277,0.2425911378
1,190.0000000000,2,6958131.3679470550,40126.3452524359,0.2425911378
1,190.0000000000,2,6958126.4080001824,40121.3853060136,0.2425911378
1,190.0000000000,2,6958121.4480533367,40116.4253595643,0.2425911378
1,190.0000000000,2,6958116.4881065143,40111.4654130914,0.2425911378
1,190.0000000000,2,6958111.5281597134,40106.5054665977,0.2425911378
1,190.0000000000,2,6958106.5682129310,40101.5455200856,0.2425911378
1,190.0000000000,2,6958101.6082661645,40096.5855735573,0.2425911378
1,190.0000000000,2,6958096.6483194120,40091.6256270149,0.2425911378
1,190.0000000000,2,6958091.6883726725,40086.6656804599,0.2425911378
1,190.0000000000,2,6958086.7284259433,40081.7057338938,0.2425911378
1,190.0000000000,2,6958081.7684792243,40076.7457873181,0.2425911378
1,190.0000000000,2,6958076.8085325137,40071.7858407338,0.2425911378
1,190.0000000000,2,6958071.8485858105,40066.8258941419,0.2425911378
1,190.0000000000,2,6958066.8886391139,40061.8659475435,0.2425911378
1,190.0000000000,2,6958061.9286924237,40056.9060009391,0.2425911378
1,190.0000000000,2,6958056.9687457383,40051.9460543296,0.2425911378
1,190.0000000000,2,6958052.0087990575,40046.9861077156,0.2425911378
1,190.0000000000,2,6958047.0488523804,40042.0261610976,0.2425911378
1,190.0000000000,2,6958042.0889057070,40037.0662144761,0.2425911378
1,190.0000000000,2,6958037.1289590364,40032.1062678515,0.2425911378
1,190.0000000000,2,6958032.1690123687,40027.1463212241,0.2425911378
1,190.0000000000,2,6958027.2090657037,40022.1863745944,0.2425911378
1,190.0000000000,2,6958022.2491190406,40017.2264279625,0.2425911378
1,190.0000000000,2,6958017.2891723793,40012.2664813288,0.2425911378
1,190.0000000000,2,6958012.3292257199,40007.3065346934,0.2425911378
1,190.0000000000,2,6958007.3692790614,40002.3465880566,0.2425911378
1,190.0000000000,2,6958002.4093324048,39997.3866414185,0.2425911378
1,190.0000000000,2,6957997.4493857492,39992.4266947792,0.2425911378
1,190.0000000000,2,6957992.4894390944,39987.4667481390,0.2425911378
1,190.0000000000,2,6957987.5294924406,39982.5068014980,0.2425911378
1,190.0000000000,2,6957982.5695457878,39977.5468548562,0.2425911378
1,190.0000000000,2,6957977.6095991358,39972.5869082137,0.2425911378
1,190.0000000000,2,6957972.6496524839,39967.6269615706,0.2425911378
1,190.0000000000,3,6958562.8821948580,40557.8595040092,0.1154966027
1,190.0000000000,3,6958558.0251293210,40552.7987673182,0.1154966027
1,190.0000000000,3,6958551.7516925205,40549.6609126057,0.1154966027
1,190.0000000000,3,6958545.5671731355,40546.3512507700,0.1154966027
1,190.0000000000,3,6958539.4892953057,40542.8496022183,0.1154966027
1,190.0000000000,3,6958533.5143743828,40539.1750326576,0.1154966027
1,190.0000000000,3,6958527.6371326772,40535.3461723280,0.1154966027
1,190.0000000000,3,6958521.8514214912,40531.3803574609,0.1154966027
1,190.0000000000,3,6958516.1505965581,40527.2934593013,0.1154966027
1,190.0000000000,3,6958510.5278201057,40523.0998300314,0.1154966027
1,190.0000000000,3,6958504.9762933236,40518.8123258771,0.1154966027
1,190.0000000000,3,6958499.4894252596,40514.4423807581,0.1154966027
1,190.0000000000,3,6958494.0609477591,40510.0001095468,0.1154966027
1,190.0000000000,3,6958488.6849870728,40505.4944255595,0.1154966027
1,190.0000000000,3,6958483.3561022338,40500.9331617151,0.1154966027
1,190.0000000000,3,6958478.0692989323,40496.3231885765,0.1154966027
1,190.0000000000,3,6958472.8200260606,40491.6705252742,0.1154966027
1,190.0000000000,3,6958467.6041605249,40486.9804412445,0.1154966027
1,190.0000000000,3,6958462.4179845871,40482.2575479963,0.1154966027
1,190.0000000000,3,6958457.2581588626,40477.5058809227,0.1154966027
1,190.0000000000,3,6958452.1216932274,40472.7289716431,0.1154966027
1,190.0000000000,3,6958447.0059172055,40467.9299116114,0.1154966027
1,190.0000000000,3,6958441.9084508959,40463.1114078281,0.1154966027
1,190.0000000000,3,6958436.8271771185,40458.2758315136,0.1154966027
1,190.0000000000,3,6958431.7602152098,40453.4252605667,0.1154966027
1,190.0000000000,3,6958426.7058966784,40448.5615165692,0.1154966027
1,190.0000000000,3,6958421.6627428187,40443.6861970269,0.1154966027
1,190.0000000000,3,6958416.6294442872,40438.8007034609,0.1154966027
1,190.0000000000,3,6958411.6048425762,40433.9062658900,0.1154966027
1,190.0000000000,3,6958406.5879132943,40429.0039641782,0.1154966027
1,190.0000000000,3,6958401.5777511373,40424.0947466585,0.1154966027
1,190.0000000000,3,6958396.5735564195,40419.1794463911,0.1154966027
1,190.0000000000,3,6958391.5746230353,40414.2587953656,0.1154966027
1,190.0000000000,3,6958386.5803277269,40409.3334369156,0.1154966027
1,190.0000000000,3,6958381.5901205260,40404.4039365774,0.1154966027
1,190.0000000000,3,6958376.6035162648,40399.4707915936,0.1154966027
1,190.0000000000,3,6958371.6200870341,40394.5344392362,0.1154966027
1,190.0000000000,3,6958366.6394555029,40389.5952640990,0.1154966027
1,190.0000000000,3,6958361.6612889925,40384.6536044906,0.1154966027
1,190.0000000000,3,6958356.6852942398,40379.7097580419,0.1154966027
1,190.0000000000,3,6958351.7112127580,40374.7639866259,0.1154966027
1,190.0000000000,3,6958346.7388167391,40369.8165206761,0.1154966027
1,190.0000000000,3,6958341.7679054337,40364.8675629789,0.1154966027
1,190.0000000000,3,6958336.7983019510,40359.9172920045,0.1154966027
1,190.0000000000,3,6958331.8298504362,40354.9658648333,0.1154966027
1,190.0000000000,3,6958326.8624135749,40350.0134197279,0.1154966027
1,190.0000000000,3,6958321.8958703987,40345.0600783942,0.1154966027
1,190.0000000000,3,6958316.9301143419,40340.1059479687,0.1154966027
1,190.0000000000,3,6958311.9650515318,40335.1511227670,0.1154966027
1,190.0000000000,3,6958307.0005992800,40330.1956858208,0.1154966027
1,190.0000000000,3,6958302.0366847524,40325.2397102305,0.1154966027
1,190.0000000000,3,6958297.0732437968,40320.2832603549,0.1154966027
1,190.0000000000,3,6958292.1102199089,40315.3263928581,0.1154966027
1,190.0000000000,3,6958287.1475633234,40310.3691576301,0.1154966027
1,190.0000000000,3,6958282.1852302095,40305.4115985984,0.1154966027
1,190.0000000000,3,6958277.2231819639,40300.4537544403,0.1154966027
1,190.0000000000,3,6958272.2613845887,40295.4956592117,0.1154966027
1,190.0000000000,3,6958267.2998081418,40290.5373428993,0.1154966027
1,190.0000000000,3,6958262.3384262547,40285.5788319073,0.1154966027
1,190.0000000000,3,6958257.3772157039,40280.6201494854,0.1154966027
1,190.0000000000,3,6958252.4161560377,40275.6613161061,0.1154966027
1,190.0000000000,3,6958247.4552292461,40270.7023497967,0.1154966027
1,190.0000000000,3,6958242.4944194667,40265.7432664309,0.1154966027
1,190.0000000000,3,6958237.5337127326,40260.7840799870,0.1154966027
1,190.0000000000,3,6958232.5730967419,40255.8248027735,0.1154966027
1,190.0000000000,3,6958227.6125606615,40250.8654456292,0.1154966027
1,190.0000000000,3,6958222.6520949518,40245.9060180983,0.1154966027
1,190.0000000000,3,6958217.6916912124,40240.9465285853,0.1154966027
1,190.0000000000,3,6958212.7313420447,40235.9869844912,0.1154966027
1,190.0000000000,3,6958207.7710409332,40231.0273923332,0.1154966027
1,190.0000000000,3,6958202.8107821411,40226.0677578500,0.1154966027
1,190.0000000000,3,6958197.8505606158,40221.1080860954,0.1154966027
1,190.0000000000,3,6958192.8903719084,40216.1483815196,0.1154966027
1,190.0000000000,3,6958187.9302121010,40211.1886480413,0.1154966027
1,190.0000000000,3,6958182.9700777428,40206.2288891115,0.1154966027
1,190.0000000000,3,6958178.0099657960,40201.2691077691,0.1154966027
1,190.0000000000,3,6958173.0498735849,40196.3093066900,0.1154966027
1,190.0000000000,3,6958168.0897987522,40191.3494882307,0.1154966027
1,190.0000000000,3,6958163.1297392240,40186.3896544665,0.1154966027
1,190.0000000000,3,6958158.1696931729,40181.4298072246,0.1154966027
1,190.0000000000,3,6958153.2096589897,40176.4699481141,0.1154966027
1,190.0000000000,3,6958148.2496352578,40171.5100785523,0.1154966027
1,190.0000000000,3,6958143.2896207292,40166.5501997868,0.1154966027
1,190.0000000000,3,6958138.3296143049,40161.5903129166,0.1154966027
1,190.0000000000,3,6958133.3696150184,40156.6304189093,0.1154966027
1,190.0000000000,3,6958128.4096220164,40151.6705186171,0.1154966027
1,190.0000000000,3,6958123.4496345483,40146.7106127903,0.1154966027
1,190.0000000000,3,6958118.4896519538,40141.7507020899,0.1154966027
1,190.0000000000,3,6958113.5296736518,40136.7907870975,0.1154966027
1,190.0000000000,3,6958108.5696991291,40131.8308683258,0.1154966027
1,190.0000000000,3,6958103.6097279340,40126.8709462258,0.1154966027
1,190.0000000000,3,6958098.6497596698,40121.9110211951,0.1154966027
1,190.0000000000,3,6958093.6897939863,40116.9510935834,0.1154966027
1,190.0000000000,3,6958088.7298305761,40111.9911636990,0.1154966027
1,190.0000000000,3,6958083.7698691674,40107.0312318131,0.1154966027
1,190.0000000000,3,6958078.8099095207,40102.0712981649,0.1154966027
1,190.0000000000,3,6958073.8499514265,40097.1113629646,0.1154966027
1,190.0000000000,3,6958068.8899946986,40092.1514263976,0.1154966027
1,190.0000000000,3,6958063.9300391739,40087.1914886270,0.1154966027
1,190.0000000000,3,6958058.9700847091,40082.2315497967,0.1154966027
1,190.0000000000,3,6958054.0101311784,40077.2716100330,0.1154966027
1,190.0000000000,3,6958049.0501784692,40072.3116694474,0.1154966027
1,190.0000000000,3,6958044.0902264835,40067.3517281381,0.1154966027
1,190.0000000000,3,6958039.1302751349,40062.3917861914,0.1154966027
1,190.0000000000,3,6958034.1703243479,40057.4318436835,0.1154966027
1,190.0000000000,3,6958029.2103740554,40052.4719006814,0.1154966027
1,190.0000000000,3,6958024.2504241979,40047.5119572440,0.1154966027
1,190.0000000000,3,6958019.2904747240,40042.5520134233,0.1154966027
1,190.0000000000,3,6958014.3305255873,40037.5920692652,0.1154966027
1,190.0000000000,3,6958009.3705767477,40032.6321248099,0.1154966027
1,190.0000000000,3,6958004.4106281698,40027.6721800928,0.1154966027
1,190.0000000000,3,6957999.4506798228,40022.7122351453,0.1154966027
1,190.0000000000,3,6957994.4907316789,40017.7522899948,0.1154966027
1,190.0000000000,3,6957989.5307837129,40012.7923446657,0.1154966027
1,190.0000000000,3,6957984.5708359042,40007.8323991791,0.1154966027
1,190.0000000000,3,6957979.6108882343,40002.8724535539,0.1154966027
1,190.0000000000,3,6957974.6509406865,39997.9125078067,0.1154966027
1,190.0000000000,3,6957969.6909932466,39992.9525619520,0.1154966027
1,190.0000000000,3,6957964.7310459008,39987.9926160026,0.1154966027
1,190.0000000000,3,6957959.7710986389,39983.0326699698,0.1154966027
1,190.0000000000,4,6958562.8821948580,40557.8595040092,0.0962824339
1,190.0000000000,4,6958558.0251293210,40552.7987673182,0.0962824339
1,190.0000000000,4,6958551.1387558384,40551.4646002544,0.0962824339
1,190.0000000000,4,6958544.3305413947,40549.7763000494,0.0962824339
1,190.0000000000,4,6958537.6030753534,40547.7905150277,0.0962824339
1,190.0000000000,4,6958530.9673235090,40545.5169849650,0.0962824339
1,190.0000000000,4,6958524.4316945868,40542.9698893489,0.0962824339
1,190.0000000000,4,6958518.0019613365,40540.1662003829,0.0962824339
1,190.0000000000,4,6958511.6811846290,40537.1248317258,0.0962824339
1,190.0000000000,4,6958505.4698571302,40533.8657594353,0.0962824339
1,190.0000000000,4,6958499.3662135806,40530.4092182585,0.0962824339
1,190.0000000000,4,6958493.3666422442,40526.7750353703,0.0962824339
1,190.0000000000,4,6958487.4661332276,40522.9821295142,0.0962824339
1,190.0000000000,4,6958481.6587121086,40519.0481745778,0.0962824339
1,190.0000000000,4,6958475.9378248509,40514.9894074650,0.0962824339
1,190.0000000000,4,6958470.2966568237,40510.8205509339,0.0962824339
1,190.0000000000,4,6958464.7283818694,40506.5548205718,0.0962824339
1,190.0000000000,4,6958459.2263458977,40502.2039882776,0.0962824339
1,190.0000000000,4,6958453.7841939982,40497.7784799235,0.0962824339
1,190.0000000000,4,6958448.3959516445,40493.2874905191,0.0962824339
1,190.0000000000,4,6958443.0560703035,40488.7391052283,0.0962824339
1,190.0000000000,4,6958437.7594465623,40484.1404186294,0.0962824339
1,190.0000000000,4,6958432.5014223224,40479.4976476264,0.0962824339
1,190.0000000000,4,6958427.2777720336,40474.8162355372,0.0962824339
1,190.0000000000,4,6958422.0846815249,40470.1009463143,0.0962824339
1,190.0000000000,4,6958416.9187218258,40465.3559487507,0.0962824339
1,190.0000000000,4,6958411.7768204175,40460.5848910695,0.0962824339
1,190.0000000000,4,6958406.6562316297,40455.7909665855,0.0962824339
1,190.0000000000,4,6958401.5545073608,40450.9769712620,0.0962824339
1,190.0000000000,4,6958396.4694688804,40446.1453540228,0.0962824339
1,190.0000000000,4,6958391.3991801962,40441.2982606520,0.0962824339
1,190.0000000000,4,6958386.3419232406,40436.4375720615,0.0962824339
1,190.0000000000,4,6958381.2961750077,40431.5649376339,0.0962824339
1,190.0000000000,4,6958376.2605866548,40426.6818042722,0.0962824339
1,190.0000000000,4,6958371.2339645177,40421.7894417159,0.0962824339
1,190.0000000000,4,6958366.2152529648,40416.8889646125,0.0962824339
1,190.0000000000,4,6958361.2035189653,40411.9813517702,0.0962824339
1,190.0000000000,4,6958356.1979382522,40407.0674629622,0.0962824339
1,190.0000000000,4,6958351.1977829486,40402.1480536040,0.0962824339
1,190.0000000000,4,6958346.2024105275,40397.2237875808,0.0962824339
1,190.0000000000,4,6958341.2112539792,40392.2952484661,0.0962824339
1,190.0000000000,4,6958336.2238130718,40387.3629493384,0.0962824339
1,190.0000000000,4,6958331.2396465875,40382.4273413774,0.0962824339
1,190.0000000000,4,6958326.2583654402,40377.4888213946,0.0962824339
1,190.0000000000,4,6958321.2796265762,40372.5477384349,0.0962824339
1,190.0000000000,4,6958316.3031275747,40367.6043995655,0.0962824339
1,190.0000000000,4,6958311.3286018698,40362.6590749550,0.0962824339
1,190.0000000000,4,6958306.3558145277,40357.7120023313,0.0962824339
1,190.0000000000,4,6958301.3845585147,40352.7633908958,0.0962824339
1,190.0000000000,4,6958296.4146513976,40347.8134247609,0.0962824339
1,190.0000000000,4,6958291.4459324358,40342.8622659708,0.0962824339
1,190.0000000000,4,6958286.4782600095,40337.9100571549,0.0962824339
1,190.0000000000,4,6958281.5115093542,40332.9569238614,0.0962824339
1,190.0000000000,4,6958276.5455705607,40328.0029766082,0.0962824339
1,190.0000000000,4,6958271.5803468078,40323.0483126863,0.0962824339
1,190.0000000000,4,6958266.6157528115,40318.0930177466,0.0962824339
1,190.0000000000,4,6958261.6517134486,40313.1371671943,0.0962824339
1,190.0000000000,4,6958256.6881625513,40308.1808274174,0.0962824339
1,190.0000000000,4,6958251.7250418402,40303.2240568659,0.0962824339
1,190.0000000000,4,6958246.7622999856,40298.2669070022,0.0962824339
1,190.0000000000,4,6958241.7998917773,40293.3094231377,0.0962824339
1,190.0000000000,4,6958236.8377773995,40288.3516451687,0.0962824339
1,190.0000000000,4,6958231.8759217849,40283.3936082236,0.0962824339
1,190.0000000000,4,6958226.9142940501,40278.4353432336,0.0962824339
1,190.0000000000,4,6958221.9528669966,40273.4768774347,0.0962824339
1,190.0000000000,4,6958216.9916166710,40268.5182348087,0.0962824339
1,190.0000000000,4,6958212.0305219777,40263.5594364729,0.0962824339
1,190.0000000000,4,6958207.0695643397,40258.6005010221,0.0962824339
1,190.0000000000,4,6958202.1087273965,40253.6414448302,0.0962824339
1,190.0000000000,4,6958197.1479967404,40248.6822823151,0.0962824339
1,190.0000000000,4,6958192.1873596832,40243.7230261731,0.0962824339
1,190.0000000000,4,6958187.2268050518,40238.7636875842,0.0962824339
1,190.0000000000,4,6958182.2663230058,40233.8042763930,0.0962824339
1,190.0000000000,4,6958177.3059048802,40228.8448012687,0.0962824339
1,190.0000000000,4,6958172.3455430437,40223.8852698453,0.0962824339
1,190.0000000000,4,6958167.3852307759,40218.9256888449,0.0962824339
1,190.0000000000,4,6958162.4249621592,40213.9660641872,0.0962824339
1,190.0000000000,4,6958157.4647319829,40209.0064010849,0.0962824339
1,190.0000000000,4,6958152.5045356574,40204.0467041282,0.0962824339
1,190.0000000000,4,6958147.5443691406,40199.0869773594,0.0962824339
1,190.0000000000,4,6958142.5842288751,40194.1272243380,0.0962824339
1,190.0000000000,4,6958137.6241117259,40189.1674481985,0.0962824339
1,190.0000000000,4,6958132.6640149327,40184.2076517011,0.0962824339
1,190.0000000000,4,6958127.7039360655,40179.2478372766,0.0962824339
1,190.0000000000,4,6958122.7438729843,40174.2880070653,0.0962824339
1,190.0000000000,4,6958117.7838238049,40169.3281629521,0.0962824339
1,190.0000000000,4,6958112.8237868669,40164.3683065968,0.0962824339
1,190.0000000000,4,6958107.8637607088,40159.4084394611,0.0962824339
1,190.0000000000,4,6958102.9037440438,40154.4485628322,0.0962824339
1,190.0000000000,4,6958097.9437357383,40149.4886778435,0.0962824339
1,190.0000000000,4,6958092.9837347949,40144.5287854930,0.0962824339
1,190.0000000000,4,6958088.0237403335,40139.5688866598,0.0962824339
1,190.0000000000,4,6958083.0637515811,40134.6089821179,0.0962824339
1,190.0000000000,4,6958078.1037678560,40129.6490725488,0.0962824339
1,190.0000000000,4,6958073.1437885575,40124.6891585529,0.0962824339
1,190.0000000000,4,6958068.1838131575,40119.7292406585,0.0962824339
1,190.0000000000,4,6958063.2238411903,40114.7693193312,0.0962824339
1,190.0000000000,4,6958058.2638722463,40109.8093949809,0.0962824339
1,190.0000000000,4,6958053.3039059639,40104.8494679684,0.0962824339
1,190.0000000000,4,6958048.3439420257,40099.8895386117,0.0962824339
1,190.0000000000,4,6958043.3839801522,40094.9296071906,0.0962824339
1,190.0000000000,4,6958038.4240200967,40089.9696739515,0.0962824339
1,190.0000000000,4,6958033.4640616421,40085.0097391116,0.0962824339
1,190.0000000000,4,6958028.5041045966,40080.0498028619,0.0962824339
1,190.0000000000,4,6958023.5441487925,40075.0898653709,0.0962824339
1,190.0000000000,4,6958018.5841940818,40070.1299267866,0.0962824339
1,190.0000000000,4,6958013.6242403341,40065.1699872396,0.0962824339
1,190.0000000000,4,6958008.6642874340,40060.2100468448,0.0962824339
1,190.0000000000,4,6958003.7043352807,40055.2501057036,0.0962824339
1,190.0000000000,4,6957998.7443837849,40050.2901639049,0.0962824339
1,190.0000000000,4,6957993.7844328675,40045.3302215273,0.0962824339
1,190.0000000000,4,6957988.8244824596,40040.3702786400,0.0962824339
1,190.0000000000,4,6957983.8645325014,40035.4103353037,0.0962824339
1,190.0000000000,4,6957978.9045829382,40030.4503915721,0.0962824339
1,190.0000000000,4,6957973.9446337232,40025.4904474923,0.0962824339
1,190.0000000000,4,6957968.9846848147,40020.5305031060,0.0962824339
1,190.0000000000,4,6957964.0247361762,40015.5705584498,0.0962824339
1,190.0000000000,4,6957959.0647877753,40010.6106135558,0.0962824339
1,190.0000000000,4,6957954.1048395839,40005.6506684525,0.0962824339
1,190.0000000000,4,6957949.1448915768,40000.6907231648,0.0962824339
1,195.0000000000,0,6958532.1561769005,40533.9890702222,0.2069243121
1,195.0000000000,0,6958526.8463539556,40529.0510207158,0.2069243121
1,195.0000000000,0,6958525.4769069236,40521.9304050499,0.2069243121
1,195.0000000000,0,6958523.7408528021,40514.8901871044,0.2069243121
1,195.0000000000,0,6958521.6853502467,40507.9365217487,0.2069243121
1,195.0000000000,0,6958519.3215167094,40501.0815349768,0.2069243121
1,195.0000000000,0,6958516.6651821593,40494.3345030819,0.2069243121
1,195.0000000000,0,6958513.7353738081,40487.7016473124,0.2069243121
1,195.0000000000,0,6958510.5532887261,40481.1860592984,0.2069243121
1,195.0000000000,0,6958507.1412465572,40474.7878938683,0.2069243121
1,195.0000000000,0,6958503.5217443341,40468.5047611868,0.2069243121
1,195.0000000000,0,6958499.7166884625,40462.3322331435,0.2069243121
1,195.0000000000,0,6958495.7468338525,40456.2643828644,0.2069243121
1,195.0000000000,0,6958491.6314235674,40450.2942948569,0.2069243121
1,195.0000000000,0,6958487.3879994983,40444.4145070373,0.2069243121
1,195.0000000000,0,6958483.0323450314,40438.6173675011,0.2069243121
1,195.0000000000,0,6958478.5785207292,40432.8953047857,0.2069243121
1,195.0000000000,0,6958474.0389594948,40427.2410200001,0.2069243121
1,195.0000000000,0,6958469.4245951539,40421.6476136708,0.2069243121
1,195.0000000000,0,6958464.7450057166,40416.1086611221,0.2069243121
1,195.0000000000,0,6958460.0085588004,40410.6182491842,0.2069243121
1,195.0000000000,0,6958455.2225514492,40405.1709850758,0.2069243121
1,195.0000000000,0,6958450.3933400000,40399.7619861467,0.2069243121
1,195.0000000000,0,6958445.5264579598,40394.3868571394,0.2069243121
1,195.0000000000,0,6958440.6267213188,40389.0416599039,0.2069243121
1,195.0000000000,0,6958435.6983216219,40383.7228791165,0.2069243121
1,195.0000000000,0,6958430.7449076083,40378.4273864818,0.2069243121
1,195.0000000000,0,6958425.7696564579,40373.1524050953,0.2069243121
1,195.0000000000,0,6958420.7753357636,40367.8954750561,0.2069243121
1,195.0000000000,0,6958415.7643573182,40362.6544209970,0.2069243121
1,195.0000000000,0,6958410.7388237463,40357.4273219020,0.2069243121
1,195.0000000000,0,6958405.7005689098,40352.2124833776,0.2069243121
1,195.0000000000,0,6958400.6511929156,40347.0084124038,0.2069243121
1,195.0000000000,0,6958395.5920924526,40341.8137945030,0.2069243121
1,195.0000000000,0,6958390.5244870940,40336.6274732093,0.2069243121
1,195.0000000000,0,6958385.4494421165,40331.4484316847,0.2069243121
1,195.0000000000,0,6958380.3678883091,40326.2757763188,0.2069243121
1,195.0000000000,0,6958375.2806391781,40321.1087221374,0.2069243121
1,195.0000000000,0,6958370.1884059077,40315.9465798543,0.2069243121
1,195.0000000000,0,6958365.0918103708,40310.7887444005,0.2069243121
1,195.0000000000,0,6958359.9913964588,40305.6346847813,0.2069243121
1,195.0000000000,0,6958354.8876399454,40300.4839351187,0.2069243121
1,195.0000000000,0,6958349.7809570879,40295.3360867502,0.2069243121
1,195.0000000000,0,6958344.6717121238,40290.1907812653,0.2069243121
1,195.0000000000,0,6958339.5602238150,40285.0477043749,0.2069243121
1,195.0000000000,0,6958334.4467711551,40279.9065805166,0.2069243121
1,195.0000000000,0,6958329.3315983573,40274.7671681103,0.2069243121
1,195.0000000000,0,6958324.2149192085,40269.6292553896,0.2069243121
1,195.0000000000,0,6958319.0969208768,40264.4926567380,0.2069243121
1,195.0000000000,0,6958313.9777672337,40259.3572094727,0.2069243121
1,195.0000000000,0,6958308.8576017665,40254.2227710201,0.2069243121
1,195.0000000000,0,6958303.7365501178,40249.0892164379,0.2069243121
1,195.0000000000,0,6958298.6147223124,40243.9564362396,0.2069243121
1,195.0000000000,0,6958293.4922147002,40238.8243344873,0.2069243121
1,195.0000000000,0,6958288.3691116599,40233.6928271183,0.2069243121
1,195.0000000000,0,6958283.2454870911,40228.5618404775,0.2069243121
1,195.0000000000,0,6958278.1214057133,40223.4313100305,0.2069243121
1,195.0000000000,0,6958272.9969242103,40218.3011792364,0.2069243121
1,195.0000000000,0,6958267.8720922302,40213.1713985582,0.2069243121
1,195.0000000000,0,6958262.7469532564,40208.0419245960,0.2069243121
1,195.0000000000,0,6958257.6215453753,40202.9127193277,0.2069243121
1,195.0000000000,0,6958252.4959019469,40197.7837494432,0.2069243121
1,195.0000000000,0,6958247.3700521914,40192.6549857602,0.2069243121
1,195.0000000000,0,6958242.2440217026,40187.5264027137,0.2069243121
1,195.0000000000,0,6958237.1178329000,40182.3979779073,0.2069243121
1,195.0000000000,0,6958231.9915054208,40177.2696917209,0.2069243121
1,195.0000000000,0,6958226.8650564654,40172.1415269667,0.2069243121
1,195.0000000000,0,6958221.7385011017,40167.0134685879,0.2069243121
1,195.0000000000,0,6958216.6118525276,40161.8855033940,0.2069243121
1,195.0000000000,0,6958211.4851223035,40156.7576198303,0.2069243121
1,195.0000000000,0,6958206.3583205566,40151.6298077744,0.2069243121
1,195.0000000000,0,6958201.2314561568,40146.5020583592,0.2069243121
1,195.0000000000,0,6958196.1045368752,40141.3743638169,0.2069243121
1,195.0000000000,0,6958190.9775695186,40136.2467173430,0.2069243121
1,195.0000000000,0,6958185.8505600495,40131.1191129767,0.2069243121
1,195.0000000000,0,6958180.7235136908,40125.9915454963,0.2069243121
1,195.0000000000,0,6958175.5964350170,40120.8640103276,0.2069243121
1,195.0000000000,0,6958170.4693280356,40115.7365034638,0.2069243121
1,195.0000000000,0,6958165.3421962578,40110.6090213947,0.2069243121
1,195.0000000000,0,6958160.2150427587,40105.4815610455,0.2069243121
1,195.0000000000,0,6958155.0878702328,40100.3541197226,0.2069243121
1,195.0000000000,0,6958149.9606810389,40095.2266950667,0.2069243121
1,195.0000000000,0,6958144.8334772438,40090.0992850109,0.2069243121
1,195.0000000000,0,6958139.7062606588,40084.9718877444,0.2069243121
1,195.0000000000,0,6958134.5790328700,40079.8445016814,0.2069243121
1,195.0000000000,0,6958129.4517952669,40074.7171254324,0.2069243121
1,195.0000000000,0,6958124.3245490668,40069.5897577803,0.2069243121
1,195.0000000000,0,6958119.1972953361,40064.4623976590,0.2069243121
1,195.0000000000,0,6958114.0700350078,40059.3350441346,0.2069243121
1,195.0000000000,0,6958108.9427689007,40054.2076963891,0.2069243121
1,195.0000000000,0,6958103.8154977318,40049.0803537056,0.2069243121
1,195.0000000000,0,6958098.6882221280,40043.9530154566,0.2069243121
1,195.0000000000,0,6958093.5609426396,40038.8256810919,0.2069243121
1,195.0000000000,0,6958088.4336597491,40033.6983501301,0.2069243121
1,195.0000000000,0,6958083.3063738775,40028.5710221489,0.2069243121
1,195.0000000000,0,6958078.1790853944,40023.4436967788,0.2069243121
1,195.0000000000,0,6958073.0517946249,40018.3163736960,0.2069243121
1,195.0000000000,0,6958067.9245018512,40013.1890526168,0.2069243121
1,195.0000000000,0,6958062.7972073229,40008.0617332928,0.2069243121
1,195.0000000000,0,6958057.6699112570,40002.9344155063,0.2069243121
1,195.0000000000,0,6958052.5426138444,39997.8070990666,0.2069243121
1,195.0000000000,0,6958047.4153152518,39992.6797838067,0.2069243121
1,195.0000000000,0,6958042.2880156254,39987.5524695803,0.2069243121
1,195.0000000000,0,6958037.1607150938,39982.4251562593,0.2069243121
1,195.0000000000,0,6958032.0334137687,39977.2978437312,0.2069243121
1,195.0000000000,0,6958026.9061117489,39972.1705318979,0.2069243121
1,195.0000000000,0,6958021.7788091209,39967.0432206731,0.2069243121
1,195.0000000000,0,6958016.6515059602,39961.9159099813,0.2069243121
1,195.0000000000,0,6958011.5242023319,39956.7885997564,0.2069243121
1,195.0000000000,0,6958006.3968982948,39951.6612899407,0.2069243121
1,195.0000000000,0,6958001.2695938991,39946.5339804832,0.2069243121
1,195.0000000000,0,6957996.1422891896,39941.4066713397,0.2069243121
1,195.0000000000,0,6957991.0149842054,39936.2793624710,0.2069243121
1,195.0000000000,0,6957985.8876789808,39931.1520538433,0.2069243121
1,195.0000000000,0,6957980.7603735449,39926.0247454265,0.2069243121
1,195.0000000000,0,6957975.6330679236,39920.8974371945,0.2069243121
1,195.0000000000,0,6957970.5057621412,39915.7701291245,0.2069243121
1,195.0000000000,0,6957965.3784562163,39910.6428211963,0.2069243121
1,195.0000000000,0,6957960.2511501675,39905.5155133923,0.2069243121
1,195.0000000000,0,6957955.1238440098,39900.3882056972,0.2069243121
1,195.0000000000,1,6958532.1561769005,40533.9890702222,0.2677381344
1,195.0000000000,1,6958526.8463539556,40529.0510207158,0.2677381344
1,195.0000000000,1,6958523.6114937160,40522.5614728219,0.2677381344
1,195.0000000000,1,6958520.2008436210,40516.1625652147,0.2677381344
1,195.0000000000,1,6958516.5834667580,40509.8782086631,0.2677381344
1,195.0000000000,1,6958512.7803231347,40503.7045022223,0.2677381344
1,195.0000000000,1,6958508.8121621897,40497.6355442107,0.2677381344
1,195.0000000000,1,6958504.6982443091,40491.6644277063,0.2677381344
1,195.0000000000,1,6958500.4561304729,40485.7836945178,0.2677381344
1,195.0000000000,1,6958496.1016232250,40479.9856932019,0.2677381344
1,195.0000000000,1,6958491.6488015177,40474.2628502475,0.2677381344
1,195.0000000000,1,6958487.1101153865,40468.6078629940,0.2677381344
1,195.0000000000,1,6958482.4965142747,40463.0138271146,0.2677381344
1,195.0000000000,1,6958477.8175902171,40457.4743124880,0.2677381344
1,195.0000000000,1,6958473.0817232849,40451.9834002652,0.2677381344
1,195.0000000000,1,6958468.2962214975,40446.5356920063,0.2677381344
1,195.0000000000,1,6958463.4674508106,40441.1262995927,0.2677381344
1,195.0000000000,1,6958458.6009531291,40435.7508225950,0.2677381344
1,195.0000000000,1,6958453.7015517587,40430.4053180491,0.2677381344
1,195.0000000000,1,6958448.7734446069,40425.0862662040,0.2677381344
1,195.0000000000,1,6958443.8202859396,40419.7905347293,0.2677381344
1,195.0000000000,1,6958438.8452577395,40414.5153430702,0.2677381344
1,195.0000000000,1,6958433.8511317689,40409.2582280413,0.2677381344
1,195.0000000000,1,6958428.8403234445,40404.0170113340,0.2677381344
1,195.0000000000,1,6958423.8149385406,40398.7897693077,0.2677381344
1,195.0000000000,1,6958418.7768136570,40393.5748052335,0.2677381344
1,195.0000000000,1,6958413.7275512833,40388.3706240187,0.2677381344
1,195.0000000000,1,6958408.6685501812,40383.1759093502,0.2677381344
1,195.0000000000,1,6958403.6010317309,40377.9895031385,0.2677381344
1,195.0000000000,1,6958398.5260627829,40372.8103871122,0.2677381344
1,195.0000000000,1,6958393.4445754979,40367.6376663962,0.2677381344
1,195.0000000000,1,6958388.3573845793,40362.4705549025,0.2677381344
1,195.0000000000,1,6958383.2652022550,40357.3083623637,0.2677381344
1,195.0000000000,1,6958378.1686513098,40352.1504828477,0.2677381344
1,195.0000000000,1,6958373.0682764314,40346.9963846010,0.2677381344
1,195.0000000000,1,6958367.9645540901,40341.8456010786,0.2677381344
1,195.0000000000,1,6958362.8579011504,40336.6977230319,0.2677381344
1,195.0000000000,1,6958357.7486823807,40331.5523915361,0.2677381344
1,195.0000000000,1,6958352.6372170076,40326.4092918505,0.2677381344
1,195.0000000000,1,6958347.5237844316,40321.2681480160,0.2677381344
1,195.0000000000,1,6958342.4086292218,40316.1287181049,0.2677381344
1,195.0000000000,1,6958337.2919654753,40310.9907900456,0.2677381344
1,195.0000000000,1,6958332.1739806319,40305.8541779542,0.2677381344
1,195.0000000000,1,6958327.0548388027,40300.7187189131,0.2677381344
1,195.0000000000,1,6958321.9346836815,40295.5842701430,0.2677381344
1,195.0000000000,1,6958316.8136410946,40290.4507065212,0.2677381344
1,195.0000000000,1,6958311.6918212259,40285.3179184032,0.2677381344
1,195.0000000000,1,6958306.5693205651,40280.1858097125,0.2677381344
1,195.0000000000,1,6958301.4462236138,40275.0542962648,0.2677381344
1,195.0000000000,1,6958296.3226043778,40269.9233042985,0.2677381344
1,195.0000000000,1,6958291.1985276714,40264.7927691862,0.2677381344
1,195.0000000000,1,6958286.0740502607,40259.6626343050,0.2677381344
1,195.0000000000,1,6958280.9492218643,40254.5328500462,0.2677381344
1,195.0000000000,1,6958275.8240860291,40249.4033729474,0.2677381344
1,195.0000000000,1,6958270.6986808972,40244.2741649314,0.2677381344
1,195.0000000000,1,6958265.5730398772,40239.1451926396,0.2677381344
1,195.0000000000,1,6958260.4471922312,40234.0164268479,0.2677381344
1,195.0000000000,1,6958255.3211635910,40228.8878419540,0.2677381344
1,195.0000000000,1,6958250.1949764071,40223.7594155292,0.2677381344
1,195.0000000000,1,6958245.0686503462,40218.6311279252,0.2677381344
1,195.0000000000,1,6958239.9422026332,40213.5029619292,0.2677381344
1,195.0000000000,1,6958234.8156483574,40208.3749024624,0.2677381344
1,195.0000000000,1,6958229.6890007360,40203.2469363156,0.2677381344
1,195.0000000000,1,6958224.5622713473,40198.1190519170,0.2677381344
1,195.0000000000,1,6958219.4354703315,40192.9912391297,0.2677381344
1,195.0000000000,1,6958214.3086065724,40187.8634890739,0.2677381344
1,195.0000000000,1,6958209.1816878524,40182.7357939704,0.2677381344
1,195.0000000000,1,6958204.0547209876,40177.6081470049,0.2677381344
1,195.0000000000,1,6958198.9277119488,40172.4805422079,0.2677381344
1,195.0000000000,1,6958193.8006659672,40167.3529743503,0.2677381344
1,195.0000000000,1,6958188.6735876240,40162.2254388511,0.2677381344
1,195.0000000000,1,6958183.5464809323,40157.0979316978,0.2677381344
1,195.0000000000,1,6958178.4193494078,40151.9704493751,0.2677381344
1,195.0000000000,1,6958173.2921961313,40146.8429888037,0.2677381344
1,195.0000000000,1,6958168.1650237991,40141.7155472863,0.2677381344
1,195.0000000000,1,6958163.0378347756,40136.5881224599,0.2677381344
1,195.0000000000,1,6958157.9106311304,40131.4607122547,0.2677381344
1,195.0000000000,1,6958152.7834146768,40126.3333148574,0.2677381344
1,195.0000000000,1,6958147.6561870025,40121.2059286798,0.2677381344
1,195.0000000000,1,6958142.5289495001,40116.0785523304,0.2677381344
1,195.0000000000,1,6958137.4017033884,40110.9511845904,0.2677381344
1,195.0000000000,1,6958132.2744497349,40105.8238243921,0.2677381344
1,195.0000000000,1,6958127.1471894747,40100.6964708003,0.2677381344
1,195.0000000000,1,6958122.0199234271,40095.5691229957,0.2677381344
1,195.0000000000,1,6958116.8926523095,40090.4417802606,0.2677381344
1,195.0000000000,1,6958111.7653767513,40085.3144419663,0.2677381344
1,195.0000000000,1,6958106.6380973030,40080.1871075621,0.2677381344
1,195.0000000000,1,6958101.5108144470,40075.0597765655,0.2677381344
1,195.0000000000,1,6958096.3835286060,40069.9324485539,0.2677381344
1,195.0000000000,1,6958091.2562401500,40064.8051231573,0.2677381344
1,195.0000000000,1,6958086.1289494038,40059.6778000512,0.2677381344
1,195.0000000000,1,6958081.0016566506,40054.5504789516,0.2677381344
1,195.0000000000,1,6958075.8743621400,40049.4231596097,0.2677381344
1,195.0000000000,1,6958070.7470660890,40044.2958418075,0.2677381344
1,195.0000000000,1,6958065.6197686894,40039.1685253541,0.2677381344
1,195.0000000000,1,6958060.4924701089,40034.0412100822,0.2677381344
1,195.0000000000,1,6958055.3651704928,40028.9138958452,0.2677381344
1,195.0000000000,1,6958050.2378699705,40023.7865825149,0.2677381344
1,195.0000000000,1,6958045.1105686538,40018.6592699787,0.2677381344
1,195.0000000000,1,6958039.9832666414,40013.5319581382,0.2677381344
1,195.0000000000,1,6958034.8559640199,40008.4046469071,0.2677381344
1,195.0000000000,1,6958029.7286608648,40003.2773362099,0.2677381344
1,195.0000000000,1,6958024.6013572412,39998.1500259803,0.2677381344
1,195.0000000000,1,6958019.4740532087,39993.0227161604,0.2677381344
1,195.0000000000,1,6958014.3467488168,39987.8954066993,0.2677381344
1,195.0000000000,1,6958009.2194441110,39982.7680975526,0.2677381344
1,195.0000000000,1,6958004.0921391295,39977.6407886812,0.2677381344
1,195.0000000000,1,6957998.9648339069,39972.5134800510,0.2677381344
1,195.0000000000,1,6957993.8375284728,39967.3861716321,0.2677381344
1,195.0000000000,1,6957988.7102228533,39962.2588633983,0.2677381344
1,195.0000000000,1,6957983.5829170719,39957.1315553266,0.2677381344
1,195.0000000000,1,6957978.4556111488,39952.0042473970,0.2677381344
1,195.0000000000,1,6957973.3283051010,39946.8769395917,0.2677381344
1,195.0000000000,1,6957968.2009989442,39941.7496318954,0.2677381344
1,195.0000000000,1,6957963.0736926924,39936.6223242946,0.2677381344
1,195.0000000000,1,6957957.9463863568,39931.4950167774,0.2677381344
1,195.0000000000,1,6957952.8190799477,39926.3677093335,0.2677381344
1,195.0000000000,1,6957947.6917734742,39921.2404019538,0.2677381344
1,195.0000000000,1,6957942.5644669449,39916.1130946303,0.2677381344
1,195.0000000000,1,6957937.4371603662,39910.9857873560,0.2677381344
1,195.0000000000,2,6958532.1561769005,40533.9890702222,0.2635563598
1,195.0000000000,2,6958526.8463539556,40529.0510207158,0.2635563598
1,195.0000000000,2,6958521.7352400981,40523.9075717008,0.2635563598
1,195.0000000000,2,6958516.6287676385,40518.7595146251,0.2635563598
1,195.0000000000,2,6958511.5199534297,40513.6137814400,0.2635563598
1,195.0000000000,2,6958506.4088514242,40508.4703206472,0.2635563598
1,195.0000000000,2,6958501.2957373708,40503.3288600268,0.2635563598
1,195.0000000000,2,6958496.1808611015,40498.1891525078,0.2635563598
1,195.0000000000,2,6958491.0644416325,40493.0509811942,0.2635563598
1,195.0000000000,2,6958485.9466707176,40487.9141559593,0.2635563598
1,195.0000000000,2,6958480.8277162435,40482.7785101645,0.2635563598
1,195.0000000000,2,6958475.7077252110,40477.6438977680,0.2635563598
1,195.0000000000,2,6958470.5868263384,40472.5101907865,0.2635563598
1,195.0000000000,2,6958465.4651323417,40467.3772770681,0.2635563598
1,195.0000000000,2,6958460.3427419281,40462.2450583384,0.2635563598
1,195.0000000000,2,6958455.2197415410,40457.1134484868,0.2635563598
1,195.0000000000,2,6958450.0962068848,40451.9823720632,0.2635563598
1,195.0000000000,2,6958444.9722042624,40446.8517629609,0.2635563598
1,195.0000000000,2,6958439.8477917435,40441.7215632603,0.2635563598
1,195.0000000000,2,6958434.7230201876,40436.5917222167,0.2635563598
1,195.0000000000,2,6958429.5979341408,40431.4621953722,0.2635563598
1,195.0000000000,2,6958424.4725726210,40426.3329437774,0.2635563598
1,195.0000000000,2,6958419.3469698019,40421.2039333095,0.2635563598
1,195.0000000000,2,6958414.2211556183,40416.0751340746,0.2635563598
1,195.0000000000,2,6958409.0951562896,40410.9465198840,0.2635563598
1,195.0000000000,2,6958403.9689947814,40405.8180677949,0.2635563598
1,195.0000000000,2,6958398.8426912110,40400.6897577086,0.2635563598
1,195.0000000000,2,6958393.7162631992,40395.5615720181,0.2635563598
1,195.0000000000,2,6958388.5897261817,40390.4334952988,0.2635563598
1,195.0000000000,2,6958383.4630936775,40385.3055140387,0.2635563598
1,195.0000000000,2,6958378.3363775304,40380.1776164009,0.2635563598
1,195.0000000000,2,6958373.2095881142,40375.0497920162,0.2635563598
1,195.0000000000,2,6958368.0827345168,40369.9220318010,0.2635563598
1,195.0000000000,2,6958362.9558246983,40364.7943277979,0.2635563598
1,195.0000000000,2,6958357.8288656306,40359.6666730365,0.2635563598
1,195.0000000000,2,6958352.7018634221,40354.5390614103,0.2635563598
1,195.0000000000,2,6958347.5748234233,40349.4114875704,0.2635563598
1,195.0000000000,2,6958342.4477503207,40344.2839468309,0.2635563598
1,195.0000000000,2,6958337.3206482204,40339.1564350870,0.2635563598
1,195.0000000000,2,6958332.1935207183,40334.0289487430,0.2635563598
1,195.0000000000,2,6958327.0663709641,40328.9014846490,0.2635563598
1,195.0000000000,2,6958321.9392017182,40323.7740400459,0.2635563598
1,195.0000000000,2,6958316.8120153975,40318.6466125165,0.2635563598
1,195.0000000000,2,6958311.6848141197,40313.5191999434,0.2635563598
1,195.0000000000,2,6958306.5575997401,40308.3918004720,0.2635563598
1,195.0000000000,2,6958301.4303738829,40303.2644124773,0.2635563598
1,195.0000000000,2,6958296.3031379720,40298.1370345363,0.2635563598
1,195.0000000000,2,6958291.1758932546,40293.0096654020,0.2635563598
1,195.0000000000,2,6958286.0486408221,40287.8823039823,0.2635563598
1,195.0000000000,2,6958280.9213816319,40282.7549493206,0.2635563598
1,195.0000000000,2,6958275.7941165213,40277.6276005787,0.2635563598
1,195.0000000000,2,6958270.6668462250,40272.5002570226,0.2635563598
1,195.0000000000,2,6958265.5395713858,40267.3729180090,0.2635563598
1,195.0000000000,2,6958260.4122925671,40262.2455829748,0.2635563598
1,195.0000000000,2,6958255.2850102633,40257.1182514263,0.2635563598
1,195.0000000000,2,6958250.1577249058,40251.9909229312,0.2635563598
1,195.0000000000,2,6958245.0304368734,40246.8635971110,0.2635563598
1,195.0000000000,2,6958239.9031464979,40241.7362736340,0.2635563598
1,195.0000000000,2,6958234.7758540697,40236.6089522094,0.2635563598
1,195.0000000000,2,6958229.6485598432,40231.4816325829,0.2635563598
1,195.0000000000,2,6958224.5212640418,40226.3543145313,0.2635563598
1,195.0000000000,2,6958219.3939668611,40221.2269978594,0.2635563598
1,195.0000000000,2,6958214.2666684715,40216.0996823961,0.2635563598
1,195.0000000000,2,6958209.1393690230,40210.9723679915,0.2635563598
1,195.0000000000,2,6958204.0120686479,40205.8450545142,0.2635563598
1,195.0000000000,2,6958198.8847674597,40200.7177418494,0.2635563598
1,195.0000000000,2,6958193.7574655600,40195.5904298962,0.2635563598
1,195.0000000000,2,6958188.6301630372,40190.4631185665,0.2635563598
1,195.0000000000,2,6958183.5028599678,40185.3358077828,0.2635563598
1,195.0000000000,2,6958178.3755564205,40180.2084974774,0.2635563598
1,195.0000000000,2,6958173.2482524542,40175.0811875911,0.2635563598
1,195.0000000000,2,6958168.1209481210,40169.9538780719,0.2635563598
1,195.0000000000,2,6958162.9936434655,40164.8265688742,0.2635563598
1,195.0000000000,2,6958157.8663385287,40159.6992599582,0.2635563598
1,195.0000000000,2,6958152.7390333451,40154.5719512890,0.2635563598
1,195.0000000000,2,6958147.6117279455,40149.4446428358,0.2635563598
1,195.0000000000,2,6958142.4844223568,40144.3173345720,0.2635563598
1,195.0000000000,2,6958137.3571166024,40139.1900264741,0.2635563598
1,195.0000000000,2,6958132.2298107026,40134.0627185215,0.2635563598
1,195.0000000000,2,6958127.1025046753,40128.9354106961,0.2635563598
1,195.0000000000,2,6958121.9751985362,40123.8081029823,0.2635563598
1,195.0000000000,2,6958116.8478922993,40118.6807953662,0.2635563598
1,195.0000000000,2,6958111.7205859767,40113.5534878355,0.2635563598
1,195.0000000000,2,6958106.5932795797,40108.4261803798,0.2635563598
1,195.0000000000,2,6958101.4659731174,40103.2988729897,0.2635563598
1,195.0000000000,2,6958096.3386665974,40098.1715656571,0.2635563598
1,195.0000000000,2,6958091.2113600271,40093.0442583749,0.2635563598
1,195.0000000000,2,6958086.0840534121,40087.9169511369,0.2635563598
1,195.0000000000,2,6958080.9567467589,40082.7896439375,0.2635563598
1,195.0000000000,2,6958075.8294400712,40077.6623367719,0.2635563598
1,195.0000000000,2,6958070.7021333547,40072.5350296361,0.2635563598
1,195.0000000000,2,6958065.5748266121,40067.4077225261,0.2635563598
1,195.0000000000,2,6958060.4475198463,40062.2804154390,0.2635563598
1,195.0000000000,2,6958055.3202130608,40057.1531083718,0.2635563598
1,195.0000000000,2,6958050.1929062577,40052.0258013221,0.2635563598
1,195.0000000000,2,6958045.0655994397,40046.8984942876,0.2635563598
1,195.0000000000,2,6958039.9382926077,40041.7711872666,0.2635563598
1,195.0000000000,2,6958034.8109857645,40036.6438802573,0.2635563598
1,195.0000000000,2,6958029.6836789111,40031.5165732583,0.2635563598
1,195.0000000000,2,6958024.5563720483,40026.3892662683,0.2635563598
1,195.0000000000,2,6958019.4290651772,40021.2619592862,0.2635563598
1,195.0000000000,2,6958014.3017582996,40016.1346523111,0.2635563598
1,195.0000000000,2,6958009.1744514164,40011.0073453419,0.2635563598
1,195.0000000000,2,6958004.0471445275,40005.8800383781,0.2635563598
1,195.0000000000,2,6957998.9198376341,40000.7527314189,0.2635563598
1,195.0000000000,2,6957993.7925307369,39995.6254244638,0.2635563598
1,195.0000000000,2,6957988.6652238360,39990.4981175123,0.2635563598
1,195.0000000000,2,6957983.5379169313,39985.3708105639,0.2635563598
1,195.0000000000,2,6957978.4106100239,39980.2435036182,0.2635563598
1,195.0000000000,2,6957973.2833031146,39975.1161966750,0.2635563598
1,195.0000000000,2,6957968.1559962034,39969.9888897338,0.2635563598
1,195.0000000000,2,6957963.0286892904,39964.8615827944,0.2635563598
1,195.0000000000,2,6957957.9013823755,39959.7342758567,0.2635563598
1,195.0000000000,2,6957952.7740754588,39954.6069689205,0.2635563598
1,195.0000000000,2,6957947.6467685411,39949.4796619854,0.2635563598
1,195.0000000000,2,6957942.5194616225,39944.3523550514,0.2635563598
1,195.0000000000,2,6957937.3921547029,39939.2250481184,0.2635563598
1,195.0000000000,2,6957932.2648477824,39934.0977411862,0.2635563598
1,195.0000000000,2,6957927.1375408610,39928.9704342547,0.2635563598
1,195.0000000000,2,6957922.0102339387,39923.8431273239,0.2635563598
1,195.0000000000,3,6958532.1561769005,40533.9890702222,0.1393976821
1,195.0000000000,3,6958526.8463539556,40529.0510207158,0.1393976821
1,195.0000000000,3,6958520.3773355270,40525.7752989314,0.1393976821
1,195.0000000000,3,6958514.0037802020,40522.3175040923,0.1393976821
1,195.0000000000,3,6958507.7440492697,40518.6576787842,0.1393976821
1,195.0000000000,3,6958501.5937873702,40514.8167373374,0.1393976821
1,195.0000000000,3,6958495.5468323380,40510.8151267271,0.1393976821
1,195.0000000000,3,6958489.5961217685,40506.6717469048,0.1393976821
1,195.0000000000,3,6958483.7341277413,40502.4037756462,0.1393976821
1,195.0000000000,3,6958477.9531955784,40498.0266332042,0.1393976821
1,195.0000000000,3,6958472.2457969813,40493.5540328545,0.1393976821
1,195.0000000000,3,6958466.6047074776,40488.9980848913,0.1393976821
1,195.0000000000,3,6958461.0231214520,40484.3694295714,0.1393976821
1,195.0000000000,3,6958455.4947185004,40479.6773816771,0.1393976821
1,195.0000000000,3,6958450.0136935404,40474.9300752809,0.1393976821
1,195.0000000000,3,6958444.5747610722,40470.1346017655,0.1393976821
1,195.0000000000,3,6958439.1731418455,40465.2971373097,0.1393976821
1,195.0000000000,3,6958433.8045381978,40460.4230581646,0.1393976821
1,195.0000000000,3,6958428.4651026893,40455.5170433780,0.1393976821
1,195.0000000000,3,6958423.1514033303,40450.5831654150,0.1393976821
1,195.0000000000,3,6958417.8603877006,40445.6249695490,0.1393976821
1,195.0000000000,3,6958412.5893475022,40440.6455430903,0.1393976821
1,195.0000000000,3,6958407.3358845217,40435.6475755691,0.1393976821
1,195.0000000000,3,6958402.0978786154,40430.6334109566,0.1393976821
1,195.0000000000,3,6958396.8734580288,40425.6050929303,0.1393976821
1,195.0000000000,3,6958391.6609721836,40420.5644040935,0.1393976821
1,195.0000000000,3,6958386.4589669378,40415.5128999557,0.1393976821
1,195.0000000000,3,6958381.2661622427,40410.4519383835,0.1393976821
1,195.0000000000,3,6958376.0814320734,40405.3827051371,0.1393976821
1,195.0000000000,3,6958370.9037864693,40400.3062360263,0.1393976821
1,195.0000000000,3,6958365.7323555239,40395.2234361474,0.1393976821
1,195.0000000000,3,6958360.5663751485,40390.1350965957,0.1393976821
1,195.0000000000,3,6958355.4051744435,40385.0419089972,0.1393976821
1,195.0000000000,3,6958350.2481645159,40379.9444781504,0.1393976821
1,195.0000000000,3,6958345.0948285935,40374.8433330331,0.1393976821
1,195.0000000000,3,6958339.9447132982,40369.7389363912,0.1393976821
1,195.0000000000,3,6958334.7974209469,40364.6316930954,0.1393976821
1,195.0000000000,3,6958329.6526027704,40359.5219574309,0.1393976821
1,195.0000000000,3,6958324.5099529428,40354.4100394559,0.1393976821
1,195.0000000000,3,6958319.3692033291,40349.2962105539,0.1393976821
1,195.0000000000,3,6958314.2301188651,40344.1807082804,0.1393976821
1,195.0000000000,3,6958309.0924935015,40339.0637405984,0.1393976821
1,195.0000000000,3,6958303.9561466351,40333.9454895783,0.1393976821
1,195.0000000000,3,6958298.8209199794,40328.8261146329,0.1393976821
1,195.0000000000,3,6958293.6866748156,40323.7057553453,0.1393976821
1,195.0000000000,3,6958288.5532895811,40318.5845339416,0.1393976821
1,195.0000000000,3,6958283.4206577512,40313.4625574548,0.1393976821
1,195.0000000000,3,6958278.2886859840,40308.3399196167,0.1393976821
1,195.0000000000,3,6958273.1572924936,40303.2167025141,0.1393976821
1,195.0000000000,3,6958268.0264056185,40298.0929780376,0.1393976821
1,195.0000000000,3,6958262.8959625727,40292.9688091498,0.1393976821
1,195.0000000000,3,6958257.7659083465,40287.8442509958,0.1393976821
1,195.0000000000,3,6958252.6361947451,40282.7193518744,0.1393976821
1,195.0000000000,3,6958247.5067795450,40277.5941540889,0.1393976821
1,195.0000000000,3,6958242.3776257541,40272.4686946924,0.1393976821
1,195.0000000000,3,6958237.2487009652,40267.3430061394,0.1393976821
1,195.0000000000,3,6958232.1199767869,40262.2171168569,0.1393976821
1,195.0000000000,3,6958226.9914283473,40257.0910517447,0.1393976821
1,195.0000000000,3,6958221.8630338563,40251.9648326133,0.1393976821
1,195.0000000000,3,6958216.7347742273,40246.8384785671,0.1393976821
1,195.0000000000,3,6958211.6066327374,40241.7120063403,0.1393976821
1,195.0000000000,3,6958206.4785947381,40236.5854305913,0.1393976821
1,195.0000000000,3,6958201.3506473964,40231.4587641601,0.1393976821
1,195.0000000000,3,6958196.2227794714,40226.3320182938,0.1393976821
1,195.0000000000,3,6958191.0949811153,40221.2052028447,0.1393976821
1,195.0000000000,3,6958185.9672437003,40216.0783264427,0.1393976821
1,195.0000000000,3,6958180.8395596705,40210.9513966475,0.1393976821
1,195.0000000000,3,6958175.7119224053,40205.8244200811,0.1393976821
1,195.0000000000,3,6958170.5843261061,40200.6974025441,0.1393976821
1,195.0000000000,3,6958165.4567656927,40195.5703491177,0.1393976821
1,195.0000000000,3,6958160.3292367142,40190.4432642529,0.1393976821
1,195.0000000000,3,6958155.2017352730,40185.3161518488,0.1393976821
1,195.0000000000,3,6958150.0742579540,40180.1890153208,0.1393976821
1,195.0000000000,3,6958144.9468017658,40175.0618576605,0.1393976821
1,195.0000000000,3,6958139.8193640877,40169.9346814889,0.1393976821
1,195.0000000000,3,6958134.6919426247,40164.8074891016,0.1393976821
1,195.0000000000,3,6958129.5645353664,40159.6802825097,0.1393976821
1,195.0000000000,3,6958124.4371405505,40154.5530634747,0.1393976821
1,195.0000000000,3,6958119.3097566338,40149.4258335398,0.1393976821
1,195.0000000000,3,6958114.1823822651,40144.2985940569,0.1393976821
1,195.0000000000,3,6958109.0550162597,40139.1713462099,0.1393976821
1,195.0000000000,3,6958103.9276575809,40134.0440910362,0.1393976821
1,195.0000000000,3,6958098.8003053199,40128.9168294444,0.1393976821
1,195.0000000000,3,6958093.6729586814,40123.7895622304,0.1393976821
1,195.0000000000,3,6958088.5456169676,40118.6622900915,0.1393976821
1,195.0000000000,3,6958083.4182795677,40113.5350136384,0.1393976821
1,195.0000000000,3,6958078.2909459472,40108.4077334061,0.1393976821
1,195.0000000000,3,6958073.1636156375,40103.2804498634,0.1393976821
1,195.0000000000,3,6958068.0362882279,40098.1531634207,0.1393976821
1,195.0000000000,3,6958062.9089633580,40093.0258744377,0.1393976821
1,195.0000000000,3,6958057.7816407131,40087.8985832296,0.1393976821
1,195.0000000000,3,6958052.6543200174,40082.7712900721,0.1393976821
1,195.0000000000,3,6958047.5270010298,40077.6439952071,0.1393976821
1,195.0000000000,3,6958042.3996835379,40072.5166988462,0.1393976821
1,195.0000000000,3,6958037.2723673563,40067.3894011751,0.1393976821
1,195.0000000000,3,6958032.1450523222,40062.2621023562,0.1393976821
1,195.0000000000,3,6958027.0177382939,40057.1348025319,0.1393976821
1,195.0000000000,3,6958021.8904251466,40052.0075018268,0.1393976821
1,195.0000000000,3,6958016.7631127704,40046.8802003501,0.1393976821
1,195.0000000000,3,6958011.6358010704,40041.7528981976,0.1393976821
1,195.0000000000,3,6958006.5084899617,40036.6255954531,0.1393976821
1,195.0000000000,3,6958001.3811793718,40031.4982921900,0.1393976821
1,195.0000000000,3,6957996.2538692364,40026.3709884726,0.1393976821
1,195.0000000000,3,6957991.1265594987,40021.2436843572,0.1393976821
1,195.0000000000,3,6957985.9992501102,40016.1163798932,0.1393976821
1,195.0000000000,3,6957980.8719410272,40010.9890751238,0.1393976821
1,195.0000000000,3,6957975.7446322115,40005.8617700869,0.1393976821
1,195.0000000000,3,6957970.6173236296,40000.7344648157,0.1393976821
1,195.0000000000,3,6957965.4900152534,39995.6071593393,0.1393976821
1,195.0000000000,3,6957960.3627070570,39990.4798536830,0.1393976821
1,195.0000000000,3,6957955.2353990180,39985.3525478692,0.1393976821
1,195.0000000000,3,6957950.1080911169,39980.2252419175,0.1393976821
1,195.0000000000,3,6957944.9807833368,39975.0979358449,0.1393976821
1,195.0000000000,3,6957939.8534756629,39969.9706296664,0.1393976821
1,195.0000000000,3,6957934.7261680812,39964.8433233951,0.1393976821
1,195.0000000000,3,6957929.5988605805,39959.7160170426,0.1393976821
1,195.0000000000,3,6957924.4715531515,39954.5887106190,0.1393976821
1,195.0000000000,3,6957919.3442457849,39949.4614041330,0.1393976821
1,195.0000000000,3,6957914.2169384724,39944.3340975923,0.1393976821
1,195.0000000000,3,6957909.0896312082,39939.2067910039,0.1393976821
1,195.0000000000,4,6958532.1561769005,40533.9890702222,0.1223835116
1,195.0000000000,4,6958526.8463539556,40529.0510207158,0.1223835116
1,195.0000000000,4,6958519.7345162090,40527.6366952597,0.1223835116
1,195.0000000000,4,6958512.7044580160,40525.8599469821,0.1223835116
1,195.0000000000,4,6958505.7626064252,40523.7648934926,0.1223835116
1,195.0000000000,4,6958498.9207594451,40521.3632934973,0.1223835116
1,195.0000000000,4,6958492.1878229678,40518.6714318696,0.1223835116
1,195.0000000000,4,6958485.5696223564,40515.7086673989,0.1223835116
1,195.0000000000,4,6958479.0688640624,40512.4963949572,0.1223835116
1,195.0000000000,4,6958472.6853578100,40509.0570053957,0.1223835116
1,195.0000000000,4,6958466.4164279103,40505.4129594914,0.1223835116
1,195.0000000000,4,6958460.2574280025,40501.5860452285,0.1223835116
1,195.0000000000,4,6958454.2022798276,40497.5968431512,0.1223835116
1,195.0000000000,4,6958448.2439764403,40493.4643894756,0.1223835116
1,195.0000000000,4,6958442.3750140592,40489.2060056030,0.1223835116
1,195.0000000000,4,6958436.5877377586,40484.8372545627,0.1223835116
1,195.0000000000,4,6958430.8746012980,40480.3719858791,0.1223835116
1,195.0000000000,4,6958425.2283502817,40475.8224362204,0.1223835116
1,195.0000000000,4,6958419.6421417724,40471.1993607153,0.1223835116
1,195.0000000000,4,6958414.1096141348,40466.5121770653,0.1223835116
1,195.0000000000,4,6958408.6249196865,40461.7691106052,0.1223835116
1,195.0000000000,4,6958403.1827307418,40456.9773330518,0.1223835116
1,195.0000000000,4,6958397.7782274513,40452.1430909377,0.1223835116
1,195.0000000000,4,6958392.4070738768,40447.2718219124,0.1223835116
1,195.0000000000,4,6958387.0653870320,40442.3682584847,0.1223835116
1,195.0000000000,4,6958381.7497022925,40437.4365196043,0.1223835116
1,195.0000000000,4,6958376.4569375394,40432.4801909326,0.1223835116
1,195.0000000000,4,6958371.1843576301,40427.5023948606,0.1223835116
1,195.0000000000,4,6958365.9295402225,40422.5058513901,0.1223835116
1,195.0000000000,4,6958360.6903435793,40417.4929309672,0.1223835116
1,195.0000000000,4,6958355.4648766853,40412.4657002808,0.1223835116
1,195.0000000000,4,6958350.2514718343,40407.4259619447,0.1223835116
1,195.0000000000,4,6958345.0486596888,40402.3752888792,0.1223835116
1,195.0000000000,4,6958339.8551467462,40397.3150541073,0.1223835116
1,195.0000000000,4,6958334.6697950847,40392.2464565908,0.1223835116
1,195.0000000000,4,6958329.4916042425,40387.1705436447,0.1223835116
1,195.0000000000,4,6958324.3196950518,40382.0882303965,0.1223835116
1,195.0000000000,4,6958319.1532952636,40377.0003166924,0.1223835116
1,195.0000000000,4,6958313.9917267952,40371.9075017951,0.1223835116
1,195.0000000000,4,6958308.8343944345,40366.8103971707,0.1223835116
1,195.0000000000,4,6958303.6807758529,40361.7095376203,0.1223835116
1,195.0000000000,4,6958298.5304127904,40356.6053909771,0.1223835116
1,195.0000000000,4,6958293.3829032741,40351.4983665585,0.1223835116
1,195.0000000000,4,6958288.2378947688,40346.3888225360,0.1223835116
1,195.0000000000,4,6958283.0950781433,40341.2770723668,0.1223835116
1,195.0000000000,4,6958277.9541823613,40336.1633904062,0.1223835116
1,195.0000000000,4,6958272.8149698144,40331.0480168098,0.1223835116
1,195.0000000000,4,6958267.6772322189,40325.9311618152,0.1223835116
1,195.0000000000,4,6958262.5407870142,40320.8130094833,0.1223835116
1,195.0000000000,4,6958257.4054741962,40315.6937209685,0.1223835116
1,195.0000000000,4,6958252.2711535413,40310.5734373783,0.1223835116
1,195.0000000000,4,6958247.1377021652,40305.4522822734,0.1223835116
1,195.0000000000,4,6958242.0050123883,40300.3303638549,0.1223835116
1,195.0000000000,4,6958236.8729898538,40295.2077768772,0.1223835116
1,195.0000000000,4,6958231.7415518872,40290.0846043226,0.1223835116
1,195.0000000000,4,6958226.6106260475,40284.9609188655,0.1223835116
1,195.0000000000,4,6958221.4801488658,40279.8367841554,0.1223835116
1,195.0000000000,4,6958216.3500647349,40274.7122559381,0.1223835116
1,195.0000000000,4,6958211.2203249363,40269.5873830391,0.1223835116
1,195.0000000000,4,6958206.0908867856,40264.4622082228,0.1223835116
1,195.0000000000,4,6958200.9617128894,40259.3367689459,0.1223835116
1,195.0000000000,4,6958195.8327704882,40254.2110980165,0.1223835116
1,195.0000000000,4,6958190.7040308807,40249.0852241715,0.1223835116
1,195.0000000000,4,6958185.5754689248,40243.9591725819,0.1223835116
1,195.0000000000,4,6958180.4470625939,40238.8329652957,0.1223835116
1,195.0000000000,4,6958175.3187925927,40233.7066216253,0.1223835116
1,195.0000000000,4,6958170.1906420169,40228.5801584875,0.1223835116
1,195.0000000000,4,6958165.0625960585,40223.4535907001,0.1223835116
1,195.0000000000,4,6958159.9346417449,40218.3269312430,0.1223835116
1,195.0000000000,4,6958154.8067677123,40213.2001914860,0.1223835116
1,195.0000000000,4,6958149.6789640058,40208.0733813883,0.1223835116
1,195.0000000000,4,6958144.5512219043,40202.9465096741,0.1223835116
1,195.0000000000,4,6958139.4235337684,40197.8195839853,0.1223835116
1,195.0000000000,4,6958134.2958929064,40192.6926110160,0.1223835116
1,195.0000000000,4,6958129.1682934565,40187.5655966300,0.1223835116
1,195.0000000000,4,6958124.0407302827,40182.4385459638,0.1223835116
1,195.0000000000,4,6958118.9131988864,40177.3114635169,0.1223835116
1,195.0000000000,4,6958113.7856953274,40172.1843532308,0.1223835116
1,195.0000000000,4,6958108.6582161533,40167.0572185581,0.1223835116
1,195.0000000000,4,6958103.5307583399,40161.9300625231,0.1223835116
1,195.0000000000,4,6958098.4033192387,40156.8028877751,0.1223835116
1,195.0000000000,4,6958093.2758965287,40151.6756966349,0.1223835116
1,195.0000000000,4,6958088.1484881779,40146.5484911354,0.1223835116
1,195.0000000000,4,6958083.0210924046,40141.4212730574,0.1223835116
1,195.0000000000,4,6958077.8937076498,40136.2940439609,0.1223835116
1,195.0000000000,4,6958072.7663325462,40131.1668052123,0.1223835116
1,195.0000000000,4,6958067.6389658982,40126.0395580086,0.1223835116
1,195.0000000000,4,6958062.5116066560,40120.9123033983,0.1223835116
1,195.0000000000,4,6958057.3842539014,40115.7850423001,0.1223835116
1,195.0000000000,4,6958052.2569068307,40110.6577755185,0.1223835116
1,195.0000000000,4,6958047.1295647379,40105.5305037584,0.1223835116
1,195.0000000000,4,6958042.0022270065,40100.4032276371,0.1223835116
1,195.0000000000,4,6958036.8748930953,40095.2759476954,0.1223835116
1,195.0000000000,4,6958031.7475625305,40090.1486644073,0.1223835116
1,195.0000000000,4,6958026.6202348974,40085.0213781877,0.1223835116
1,195.0000000000,4,6958021.4929098319,40079.8940894001,0.1223835116
1,195.0000000000,4,6958016.3655870166,40074.7667983630,0.1223835116
1,195.0000000000,4,6958011.2382661719,40069.6395053554,0.1223835116
1,195.0000000000,4,6958006.1109470529,40064.5122106217,0.1223835116
1,195.0000000000,4,6958000.9836294455,40059.3849143759,0.1223835116
1,195.0000000000,4,6957995.8563131634,40054.2576168056,0.1223835116
1,195.0000000000,4,6957990.7289980417,40049.1303180750,0.1223835116
1,195.0000000000,4,6957985.6016839361,40044.0030183280,0.1223835116
1,195.0000000000,4,6957980.4743707208,40038.8757176907,0.1223835116
1,195.0000000000,4,6957975.3470582850,40033.7484162735,0.1223835116
1,195.0000000000,4,6957970.2197465328,40028.6211141730,0.1223835116
1,195.0000000000,4,6957965.0924353786,40023.4938114741,0.1223835116
1,195.0000000000,4,6957959.9651247486,40018.3665082509,0.1223835116
1,195.0000000000,4,6957954.8378145788,40013.2392045684,0.1223835116
1,195.0000000000,4,6957949.7105048113,40008.1119004836,0.1223835116
1,195.0000000000,4,6957944.5831953958,40002.9845960464,0.1223835116
1,195.0000000000,4,6957939.4558862885,39997.8572913006,0.1223835116
1,195.0000000000,4,6957934.3285774523,39992.7299862843,0.1223835116
1,195.0000000000,4,6957929.2012688527,39987.6026810312,0.1223835116
1,195.0000000000,4,6957924.0739604607,39982.4753755705,0.1223835116
1,195.0000000000,4,6957918.9466522504,39977.3480699281,0.1223835116
1,195.0000000000,4,6957913.8193441993,39972.2207641265,0.1223835116
1,195.0000000000,4,6957908.6920362879,39967.0934581854,0.1223835116
1,195.0000000000,4,6957903.5647284985,39961.9661521220,0.1223835116
1,195.0000000000,4,6957898.4374208162,39956.8388459517,0.1223835116
1,200.0000000000,0,6958508.3315203739,40510.4432316971,0.2895046899
1,200.0000000000,0,6958503.6263761297,40505.5106574536,0.2895046899
1,200.0000000000,0,6958502.3041294962,40498.8233310174,0.2895046899
1,200.0000000000,0,6958500.6413176805,40492.2124515079,0.2895046899
1,200.0000000000,0,6958498.6990913162,40485.6782011474,0.2895046899
1,200.0000000000,0,6958496.4863252100,40479.2305397743,0.2895046899
1,200.0000000000,0,6958494.0160683533,40472.8770759877,0.2895046899
1,200.0000000000,0,6958491.3038173560,40466.6230880157,0.2895046899
1,200.0000000000,0,6958488.3667906057,40460.4714585656,0.2895046899
1,200.0000000000,0,6958485.2231737422,40454.4227939162,0.2895046899
1,200.0000000000,0,6958481.8914261730,40448.4756829234,0.2895046899
1,200.0000000000,0,6958478.3896997245,40442.6270435172,0.2895046899
1,200.0000000000,0,6958474.7353937840,40436.8725045160,0.2895046899
1,200.0000000000,0,6958470.9448481230,40431.2067799714,0.2895046899
1,200.0000000000,0,6958467.0331586991,40425.6240067469,0.2895046899
1,200.0000000000,0,6958463.0140935387,40420.1180294259,0.2895046899
1,200.0000000000,0,6958458.9000837589,40414.6826274576,0.2895046899
1,200.0000000000,0,6958454.7022667341,40409.3116868280,0.2895046899
1,200.0000000000,0,6958450.4305622941,40403.9993227402,0.2895046899
1,200.0000000000,0,6958446.0937672826,40398.7399615574,0.2895046899
1,200.0000000000,0,6958441.6996578928,40393.5283904227,0.2895046899
1,200.0000000000,0,6958437.2550926218,40388.3597822368,0.2895046899
1,200.0000000000,0,6958432.7661113134,40383.2297025261,0.2895046899
1,200.0000000000,0,6958428.2380276527,40378.1341035045,0.2895046899
1,200.0000000000,0,6958423.6755138226,40373.0693094736,0.2895046899
1,200.0000000000,0,6958419.0826768829,40368.0319967111,0.2895046899
1,200.0000000000,0,6958414.4631269947,40363.0191701773,0.2895046899
1,200.0000000000,0,6958409.8200379312,40358.0281387233,0.2895046899
1,200.0000000000,0,6958405.1562004723,40353.0564899847,0.2895046899
1,200.0000000000,0,6958400.4740693644,40348.1020657686,0.2895046899
1,200.0000000000,0,6958395.7758045280,40343.1629384619,0.2895046899
1,200.0000000000,0,6958391.0633071642,40338.2373887852,0.2895046899
1,200.0000000000,0,6958386.3382513672,40333.3238850724,0.2895046899
1,200.0000000000,0,6958381.6021117950,40328.4210641519,0.2895046899
1,200.0000000000,0,6958376.8561878921,40323.5277138343,0.2895046899
1,200.0000000000,0,6958372.1016250923,40318.6427569659,0.2895046899
1,200.0000000000,0,6958367.3394333934,40313.7652369761,0.2895046899
1,200.0000000000,0,6958362.5705036353,40308.8943048282,0.2895046899
1,200.0000000000,0,6958357.7956217714,40304.0292072740,0.2895046899
1,200.0000000000,0,6958353.0154813919,40299.1692763099,0.2895046899
1,200.0000000000,0,6958348.2306947177,40294.3139197315,0.2895046899
1,200.0000000000,0,6958343.4418022586,40289.4626126876,0.2895046899
1,200.0000000000,0,6958338.6492813025,40284.6148901390,0.2895046899
1,200.0000000000,0,6958333.8535533827,40279.7703401347,0.2895046899
1,200.0000000000,0,6958329.0549908476,40274.9285978222,0.2895046899
1,200.0000000000,0,6958324.2539226441,40270.0893401177,0.2895046899
1,200.0000000000,0,6958319.4506394127,40265.2522809670,0.2895046899
1,200.0000000000,0,6958314.6453979779,40260.4171671344,0.2895046899
1,200.0000000000,0,6958309.8384253019,40255.5837744630,0.2895046899
1,200.0000000000,0,6958305.0299219778,40250.7519045554,0.2895046899
1,200.0000000000,0,6958300.2200653050,40245.9213818292,0.2895046899
1,200.0000000000,0,6958295.4090120057,40241.0920509052,0.2895046899
1,200.0000000000,0,6958290.5969006224,40236.2637742918,0.2895046899
1,200.0000000000,0,6958285.7838536315,40231.4364303336,0.2895046899
1,200.0000000000,0,6958280.9699793151,40226.6099113925,0.2895046899
1,200.0000000000,0,6958276.1553734066,40221.7841222374,0.2895046899
1,200.0000000000,0,6958271.3401205502,40216.9589786174,0.2895046899
1,200.0000000000,0,6958266.5242955880,40212.1344059984,0.2895046899
1,200.0000000000,0,6958261.7079646960,40207.3103384447,0.2895046899
1,200.0000000000,0,6958256.8911863901,40202.4867176285,0.2895046899
1,200.0000000000,0,6958252.0740124146,40197.6634919536,0.2895046899
1,200.0000000000,0,6958247.2564885244,40192.8406157793,0.2895046899
1,200.0000000000,0,6958242.4386551818,40188.0180487339,0.2895046899
1,200.0000000000,0,6958237.6205481682,40183.1957551068,0.2895046899
1,200.0000000000,0,6958232.8021991244,40178.3737033111,0.2895046899
1,200.0000000000,0,6958227.9836360337,40173.5518654078,0.2895046899
1,200.0000000000,0,6958223.1648836425,40168.7302166844,0.2895046899
1,200.0000000000,0,6958218.3459638339,40163.9087352830,0.2895046899
1,200.0000000000,0,6958213.5268959627,40159.0874018706,0.2895046899
1,200.0000000000,0,6958208.7076971438,40154.2661993472,0.2895046899
1,200.0000000000,0,6958203.8883825149,40149.4451125887,0.2895046899
1,200.0000000000,0,6958199.0689654630,40144.6241282179,0.2895046899
1,200.0000000000,0,6958194.2494578268,40139.8032344033,0.2895046899
1,200.0000000000,0,6958189.4298700774,40134.9824206806,0.2895046899
1,200.0000000000,0,6958184.6102114748,40130.1616777943,0.2895046899
1,200.0000000000,0,6958179.7904902082,40125.3409975586,0.2895046899
1,200.0000000000,0,6958174.9707135204,40120.5203727333,0.2895046899
1,200.0000000000,0,6958170.1508878181,40115.6997969150,0.2895046899
1,200.0000000000,0,6958165.3310187655,40110.8792644402,0.2895046899
1,200.0000000000,0,6958160.5111113731,40106.0587702999,0.2895046899
1,200.0000000000,0,6958155.6911700731,40101.2383100639,0.2895046899
1,200.0000000000,0,6958150.8711987836,40096.4178798140,0.2895046899
1,200.0000000000,0,6958146.0512009710,40091.5974760847,0.2895046899
1,200.0000000000,0,6958141.2311797012,40086.7770958110,0.2895046899
1,200.0000000000,0,6958136.4111376852,40081.9567362823,0.2895046899
1,200.0000000000,0,6958131.5910773203,40077.1363951010,0.2895046899
1,200.0000000000,0,6958126.7710007280,40072.3160701467,0.2895046899
1,200.0000000000,0,6958121.9509097831,40067.4957595440,0.2895046899
1,200.0000000000,0,6958117.1308061443,40062.6754616344,0.2895046899
1,200.0000000000,0,6958112.3106912794,40057.8551749508,0.2895046899
1,200.0000000000,0,6958107.4905664856,40053.0348981959,0.2895046899
1,200.0000000000,0,6958102.6704329103,40048.2146302222,0.2895046899
1,200.0000000000,0,6958097.8502915679,40043.3943700148,0.2895046899
1,200.0000000000,0,6958093.0301433569,40038.5741166762,0.2895046899
1,200.0000000000,0,6958088.2099890709,40033.7538694125,0.2895046899
1,200.0000000000,0,6958083.3898294121,40028.9336275216,0.2895046899
1,200.0000000000,0,6958078.5696650017,40024.1133903826,0.2895046899
1,200.0000000000,0,6958073.7494963882,40019.2931574463,0.2895046899
1,200.0000000000,0,6958068.9293240579,40014.4729282270,0.2895046899
1,200.0000000000,0,6958064.1091484400,40009.6527022951,0.2895046899
1,200.0000000000,0,6958059.2889699144,40004.8324792706,0.2895046899
1,200.0000000000,0,6958054.4687888175,40000.0122588176,0.2895046899
1,200.0000000000,0,6958049.6486054463,39995.1920406388,0.2895046899
1,200.0000000000,0,6958044.8284200635,39990.3718244715,0.2895046899
1,200.0000000000,0,6958040.0082329018,39985.5516100831,0.2895046899
1,200.0000000000,0,6958035.1880441671,39980.7313972680,0.2895046899
1,200.0000000000,0,6958030.3678540410,39975.9111858444,0.2895046899
1,200.0000000000,0,6958025.5476626838,39971.0909756515,0.2895046899
1,200.0000000000,0,6958020.7274702378,39966.2707665471,0.2895046899
1,200.0000000000,0,6958015.9072768297,39961.4505584054,0.2895046899
1,200.0000000000,0,6958011.0870825704,39956.6303511150,0.2895046899
1,200.0000000000,0,6958006.2668875577,39951.8101445776,0.2895046899
1,200.0000000000,0,6958001.4466918791,39946.9899387063,0.2895046899
1,200.0000000000,0,6957996.6264956109,39942.1697334239,0.2895046899
1,200.0000000000,0,6957991.8062988222,39937.3495286625,0.2895046899
1,200.0000000000,0,6957986.9861015724,39932.5293243617,0.2895046899
1,200.0000000000,0,6957982.1659039157,39927.7091204684,0.2895046899
1,200.0000000000,0,6957977.3457058985,39922.8889169355,0.2895046899
1,200.0000000000,0,6957972.5255075628,39918.0687137214,0.2895046899
1,200.0000000000,0,6957967.7053089449,39913.2485107891,0.2895046899
1,200.0000000000,1,6958508.3315203739,40510.4432316971,0.2644048198
1,200.0000000000,1,6958503.6263761297,40505.5106574536,0.2644048198
1,200.0000000000,1,6958500.5535590490,40499.4257198031,0.2644048198
1,200.0000000000,1,6958497.3115434814,40493.4292203171,0.2644048198
1,200.0000000000,1,6958493.8910354879,40487.5327132076,0.2644048198
1,200.0000000000,1,6958490.3095268346,40481.7325867617,0.2644048198
1,200.0000000000,1,6958486.5839029690,40476.0239618982,0.2644048198
1,200.0000000000,1,6958482.7298865728,40470.4012198054,0.2644048198
1,200.0000000000,1,6958478.7619028464,40464.8583165793,0.2644048198
1,200.0000000000,1,6958474.6930366242,40459.3890388673,0.2644048198
1,200.0000000000,1,6958470.5350525919,40453.9872021600,0.2644048198
1,200.0000000000,1,6958466.2984573785,40448.6467965554,0.2644048198
1,200.0000000000,1,6958461.9925866621,40443.3620876327,0.2644048198
1,200.0000000000,1,6958457.6257047756,40438.1276809222,0.2644048198
1,200.0000000000,1,6958453.2051080698,40432.9385580880,0.2644048198
1,200.0000000000,1,6958448.7372263074,40427.7900919492,0.2644048198
1,200.0000000000,1,6958444.2277186057,40422.6780462421,0.2644048198
1,200.0000000000,1,6958439.6815620400,40417.5985648216,0.2644048198
1,200.0000000000,1,6958435.1031320980,40412.5481539183,0.2644048198
1,200.0000000000,1,6958430.4962748727,40407.5236601598,0.2644048198
1,200.0000000000,1,6958425.8643712886,40402.5222463390,0.2644048198
1,200.0000000000,1,6958421.2103939075,40397.5413663405,0.2644048198
1,200.0000000000,1,6958416.5369569650,40392.5787402043,0.2644048198
1,200.0000000000,1,6958411.8463603165,40387.6323299805,0.2644048198
1,200.0000000000,1,6958407.1406279681,40382.7003167927,0.2644048198
1,200.0000000000,1,6958402.4215418240,40377.7810793532,0.2644048198
1,200.0000000000,1,6958397.6906712279,40372.8731740538,0.2644048198
1,200.0000000000,1,6958392.9493988203,40367.9753166671,0.2644048198
1,200.0000000000,1,6958388.1989431717,40363.0863656388,0.2644048198
1,200.0000000000,1,6958383.4403786054,40358.2053069123,0.2644048198
1,200.0000000000,1,6958378.6746525606,40353.3312402023,0.2644048198
1,200.0000000000,1,6958373.9026008183,40348.4633666217,0.2644048198
1,200.0000000000,1,6958369.1249608519,40343.6009775612,0.2644048198
1,200.0000000000,1,6958364.3423835449,40338.7434447173,0.2644048198
1,200.0000000000,1,6958359.5554434853,40333.8902111672,0.2644048198
1,200.0000000000,1,6958354.7646480072,40329.0407833955,0.2644048198
1,200.0000000000,1,6958349.9704451440,40324.1947241790,0.2644048198
1,200.0000000000,1,6958345.1732306220,40319.3516462469,0.2644048198
1,200.0000000000,1,6958340.3733540196,40314.5112066361,0.2644048198
1,200.0000000000,1,6958335.5711241877,40309.6731016698,0.2644048198
1,200.0000000000,1,6958330.7668140270,40304.8370624951,0.2644048198
1,200.0000000000,1,6958325.9606646961,40300.0028511181,0.2644048198
1,200.0000000000,1,6958321.1528893271,40295.1702568850,0.2644048198
1,200.0000000000,1,6958316.3436762942,40290.3390933580,0.2644048198
1,200.0000000000,1,6958311.5331921037,40285.5091955459,0.2644048198
1,200.0000000000,1,6958306.7215839429,40280.6804174470,0.2644048198
1,200.0000000000,1,6958301.9089819277,40275.8526298719,0.2644048198
1,200.0000000000,1,6958297.0955010904,40271.0257185144,0.2644048198
1,200.0000000000,1,6958292.2812431315,40266.1995822410,0.2644048198
1,200.0000000000,1,6958287.4662979692,40261.3741315775,0.2644048198
1,200.0000000000,1,6958282.6507451059,40256.5492873677,0.2644048198
1,200.0000000000,1,6958277.8346548397,40251.7249795857,0.2644048198
1,200.0000000000,1,6958273.0180893298,40246.9011462849,0.2644048198
1,200.0000000000,1,6958268.2011035411,40242.0777326669,0.2644048198
1,200.0000000000,1,6958263.3837460754,40237.2546902582,0.2644048198
1,200.0000000000,1,6958258.5660599135,40232.4319761808,0.2644048198
1,200.0000000000,1,6958253.7480830625,40227.6095525072,0.2644048198
1,200.0000000000,1,6958248.9298491329,40222.7873856889,0.2644048198
1,200.0000000000,1,6958244.1113878470,40217.9654460518,0.2644048198
1,200.0000000000,1,6958239.2927254904,40213.1437073488,0.2644048198
1,200.0000000000,1,6958234.4738853090,40208.3221463641,0.2644048198
1,200.0000000000,1,6958229.6548878597,40203.5007425638,0.2644048198
1,200.0000000000,1,6958224.8357513221,40198.6794777858,0.2644048198
1,200.0000000000,1,6958220.0164917754,40193.8583359663,0.2644048198
1,200.0000000000,1,6958215.1971234381,40189.0373028970,0.2644048198
1,200.0000000000,1,6958210.3776588859,40184.2163660114,0.2644048198
1,200.0000000000,1,6958205.5581092406,40179.3955141948,0.2644048198
1,200.0000000000,1,6958200.7384843370,40174.5747376168,0.2644048198
1,200.0000000000,1,6958195.9187928746,40169.7540275828,0.2644048198
1,200.0000000000,1,6958191.0990425469,40164.9333764028,0.2644048198
1,200.0000000000,1,6958186.2792401575,40160.1127772754,0.2644048198
1,200.0000000000,1,6958181.4593917234,40155.2922241853,0.2644048198
1,200.0000000000,1,6958176.6395025663,40150.4717118122,0.2644048198
1,200.0000000000,1,6958171.8195773941,40145.6512354505,0.2644048198
1,200.0000000000,1,6958166.9996203687,40140.8307909384,0.2644048198
1,200.0000000000,1,6958162.1796351718,40136.0103745953,0.2644048198
1,200.0000000000,1,6958157.3596250592,40131.1899831656,0.2644048198
1,200.0000000000,1,6958152.5395929106,40126.3696137701,0.2644048198
1,200.0000000000,1,6958147.7195412731,40121.5492638624,0.2644048198
1,200.0000000000,1,6958142.8994723987,40116.7289311902,0.2644048198
1,200.0000000000,1,6958138.0793882795,40111.9086137616,0.2644048198
1,200.0000000000,1,6958133.2592906784,40107.0883098150,0.2644048198
1,200.0000000000,1,6958128.4391811527,40102.2680177921,0.2644048198
1,200.0000000000,1,6958123.6190610807,40097.4477363149,0.2644048198
1,200.0000000000,1,6958118.7989316816,40092.6274641647,0.2644048198
1,200.0000000000,1,6958113.9787940336,40087.8072002634,0.2644048198
1,200.0000000000,1,6958109.1586490897,40082.9869436579,0.2644048198
1,200.0000000000,1,6958104.3384976937,40078.1666935048,0.2644048198
1,200.0000000000,1,6958099.5183405904,40073.3464490584,0.2644048198
1,200.0000000000,1,6958094.6981784394,40068.5262096593,0.2644048198
1,200.0000000000,1,6958089.8780118246,40063.7059747241,0.2644048198
1,200.0000000000,1,6958085.0578412618,40058.8857437369,0.2644048198
1,200.0000000000,1,6958080.2376672076,40054.0655162414,0.2644048198
1,200.0000000000,1,6958075.4174900651,40049.2452918340,0.2644048198
1,200.0000000000,1,6958070.5973101910,40044.4250701580,0.2644048198
1,200.0000000000,1,6958065.7771279011,40039.6048508975,0.2644048198
1,200.0000000000,1,6958060.9569434747,40034.7846337734,0.2644048198
1,200.0000000000,1,6958056.1367571596,40029.9644185388,0.2644048198
1,200.0000000000,1,6958051.3165691728,40025.1442049754,0.2644048198
1,200.0000000000,1,6958046.4963797079,40020.3239928899,0.2644048198
1,200.0000000000,1,6958041.6761889365,40015.5037821116,0.2644048198
1,200.0000000000,1,6958036.8559970083,40010.6835724894,0.2644048198
1,200.0000000000,1,6958032.0358040575,40005.8633638898,0.2644048198
1,200.0000000000,1,6958027.2156102024,40001.0431561944,0.2644048198
1,200.0000000000,1,6958022.3954155482,39996.2229492988,0.2644048198
1,200.0000000000,1,6958017.5752201863,39991.4027431106,0.2644048198
1,200.0000000000,1,6958012.7550241984,39986.5825375480,0.2644048198
1,200.0000000000,1,6958007.9348276574,39981.7623325387,0.2644048198
1,200.0000000000,1,6958003.1146306274,39976.9421280187,0.2644048198
1,200.0000000000,1,6957998.2944331644,39972.1219239316,0.2644048198
1,200.0000000000,1,6957993.4742353186,39967.3017202272,0.2644048198
1,200.0000000000,1,6957988.6540371347,39962.4815168614,0.2644048198
1,200.0000000000,1,6957983.8338386510,39957.6613137950,0.2644048198
1,200.0000000000,1,6957979.0136399027,39952.8411109935,0.2644048198
1,200.0000000000,1,6957974.1934409197,39948.0209084261,0.2644048198
1,200.0000000000,1,6957969.3732417300,39943.2007060659,0.2644048198
1,200.0000000000,1,6957964.5530423569,39938.3805038889,0.2644048198
1,200.0000000000,1,6957959.7328428216,39933.5603018740,0.2644048198
1,200.0000000000,1,6957954.9126431430,39928.7401000023,0.2644048198
1,200.0000000000,1,6957950.0924433377,39923.9198982574,0.2644048198
1,200.0000000000,2,6958508.3315203739,40510.4432316971,0.1859587494
1,200.0000000000,2,6958503.6263761297,40505.5106574536,0.1859587494
1,200.0000000000,2,6958498.7962963274,40500.7003559943,0.1859587494
1,200.0000000000,2,6958493.9642038913,40495.8920762898,0.1859587494
1,200.0000000000,2,6958489.1333940690,40491.0825079640,0.1859587494
1,200.0000000000,2,6958484.3038065815,40486.2717122161,0.1859587494
1,200.0000000000,2,6958479.4753029319,40481.4598286422,0.1859587494
1,200.0000000000,2,6958474.6477581346,40476.6469830955,0.1859587494
1,200.0000000000,2,6958469.8210615348,40471.8332869107,0.1859587494
1,200.0000000000,2,6958464.9951152299,40467.0188385226,0.1859587494
1,200.0000000000,2,6958460.1698326031,40462.2037249628,0.1859587494
1,200.0000000000,2,6958455.3451370280,40457.3880231832,0.1859587494
1,200.0000000000,2,6958450.5209607165,40452.5718012258,0.1859587494
1,200.0000000000,2,6958445.6972437035,40447.7551192559,0.1859587494
1,200.0000000000,2,6958440.8739329418,40442.9380304748,0.1859587494
1,200.0000000000,2,6958436.0509815095,40438.1205819278,0.1859587494
1,200.0000000000,2,6958431.2283478994,40433.3028152163,0.1859587494
1,200.0000000000,2,6958426.4059953969,40428.4847671293,0.1859587494
1,200.0000000000,2,6958421.5838915277,40423.6664701997,0.1859587494
1,200.0000000000,2,6958416.7620075671,40418.8479531980,0.1859587494
1,200.0000000000,2,6958411.9403181076,40414.0292415668,0.1859587494
1,200.0000000000,2,6958407.1188006774,40409.2103578068,0.1859587494
1,200.0000000000,2,6958402.2974353991,40404.3913218165,0.1859587494
1,200.0000000000,2,6958397.4762046915,40399.5721511937,0.1859587494
1,200.0000000000,2,6958392.6550930059,40394.7528615015,0.1859587494
1,200.0000000000,2,6958387.8340865886,40389.9334665036,0.1859587494
1,200.0000000000,2,6958383.0131732747,40385.1139783724,0.1859587494
1,200.0000000000,2,6958378.1923423065,40380.2944078732,0.1859587494
1,200.0000000000,2,6958373.3715841677,40375.4747645266,0.1859587494
1,200.0000000000,2,6958368.5508904420,40370.6550567529,0.1859587494
1,200.0000000000,2,6958363.7302536853,40365.8352919988,0.1859587494
1,200.0000000000,2,6958358.9096673150,40361.0154768503,0.1859587494
1,200.0000000000,2,6958354.0891255075,40356.1956171321,0.1859587494
1,200.0000000000,2,6958349.2686231127,40351.3757179955,0.1859587494
1,200.0000000000,2,6958344.4481555764,40346.5557839966,0.1859587494
1,200.0000000000,2,6958339.6277188696,40341.7358191648,0.1859587494
1,200.0000000000,2,6958334.8073094301,40336.9158270636,0.1859587494
1,200.0000000000,2,6958329.9869241063,40332.0958108448,0.1859587494
1,200.0000000000,2,6958325.1665601106,40327.2757732958,0.1859587494
1,200.0000000000,2,6958320.3462149790,40322.4557168820,0.1859587494
1,200.0000000000,2,6958315.5258865310,40317.6356437837,0.1859587494
1,200.0000000000,2,6958310.7055728380,40312.8155559292,0.1859587494
1,200.0000000000,2,6958305.8852721956,40307.9954550240,0.1859587494
1,200.0000000000,2,6958301.0649830950,40303.1753425764,0.1859587494
1,200.0000000000,2,6958296.2447042018,40298.3552199204,0.1859587494
1,200.0000000000,2,6958291.4244343368,40293.5350882358,0.1859587494
1,200.0000000000,2,6958286.6041724570,40288.7149485662,0.1859587494
1,200.0000000000,2,6958281.7839176394,40283.8948018344,0.1859587494
1,200.0000000000,2,6958276.9636690672,40279.0746488565,0.1859587494
1,200.0000000000,2,6958272.1434260197,40274.2544903546,0.1859587494
1,200.0000000000,2,6958267.3231878579,40269.4343269670,0.1859587494
1,200.0000000000,2,6958262.5029540164,40264.6141592584,0.1859587494
1,200.0000000000,2,6958257.6827239972,40259.7939877282,0.1859587494
1,200.0000000000,2,6958252.8624973577,40254.9738128180,0.1859587494
1,200.0000000000,2,6958248.0422737068,40250.1536349186,0.1859587494
1,200.0000000000,2,6958243.2220526999,40245.3334543753,0.1859587494
1,200.0000000000,2,6958238.4018340316,40240.5132714938,0.1859587494
1,200.0000000000,2,6958233.5816174308,40235.6930865443,0.1859587494
1,200.0000000000,2,6958228.7614026591,40230.8728997658,0.1859587494
1,200.0000000000,2,6958223.9411895052,40226.0527113696,0.1859587494
1,200.0000000000,2,6958219.1209777817,40221.2325215427,0.1859587494
1,200.0000000000,2,6958214.3007673239,40216.4123304505,0.1859587494
1,200.0000000000,2,6958209.4805579847,40211.5921382393,0.1859587494
1,200.0000000000,2,6958204.6603496354,40206.7719450382,0.1859587494
1,200.0000000000,2,6958199.8401421616,40201.9517509618,0.1859587494
1,200.0000000000,2,6958195.0199354617,40197.1315561112,0.1859587494
1,200.0000000000,2,6958190.1997294473,40192.3113605759,0.1859587494
1,200.0000000000,2,6958185.3795240382,40187.4911644350,0.1859587494
1,200.0000000000,2,6958180.5593191646,40182.6709677586,0.1859587494
1,200.0000000000,2,6958175.7391147651,40177.8507706084,0.1859587494
1,200.0000000000,2,6958170.9189107837,40173.0305730393,0.1859587494
1,200.0000000000,2,6958166.0987071730,40168.2103750997,0.1859587494
1,200.0000000000,2,6958161.2785038901,40163.3901768324,0.1859587494
1,200.0000000000,2,6958156.4583008969,40158.5699782752,0.1859587494
1,200.0000000000,2,6958151.6380981607,40153.7497794618,0.1859587494
1,200.0000000000,2,6958146.8178956509,40148.9295804215,0.1859587494
1,200.0000000000,2,6958141.9976933412,40144.1093811809,0.1859587494
1,200.0000000000,2,6958137.1774912095,40139.2891817628,0.1859587494
1,200.0000000000,2,6958132.3572892342,40134.4689821880,0.1859587494
1,200.0000000000,2,6958127.5370873976,40129.6487824744,0.1859587494
1,200.0000000000,2,6958122.7168856841,40124.8285826382,0.1859587494
1,200.0000000000,2,6958117.8966840785,40120.0083826934,0.1859587494
1,200.0000000000,2,6958113.0764825689,40115.1881826527,0.1859587494
1,200.0000000000,2,6958108.2562811440,40110.3679825272,0.1859587494
1,200.0000000000,2,6958103.4360797945,40105.5477823265,0.1859587494
1,200.0000000000,2,6958098.6158785112,40100.7275820595,0.1859587494
1,200.0000000000,2,6958093.7956772866,40095.9073817337,0.1859587494
1,200.0000000000,2,6958088.9754761141,40091.0871813560,0.1859587494
1,200.0000000000,2,6958084.1552749872,40086.2669809324,0.1859587494
1,200.0000000000,2,6958079.3350739013,40081.4467804681,0.1859587494
1,200.0000000000,2,6958074.5148728518,40076.6265799679,0.1859587494
1,200.0000000000,2,6958069.6946718339,40071.8063794359,0.1859587494
1,200.0000000000,2,6958064.8744708439,40066.9861788759,0.1859587494
1,200.0000000000,2,6958060.0542698791,40062.1659782910,0.1859587494
1,200.0000000000,2,6958055.2340689357,40057.3457776841,0.1859587494
1,200.0000000000,2,6958050.4138680119,40052.5255770579,0.1859587494
1,200.0000000000,2,6958045.5936671048,40047.7053764144,0.1859587494
1,200.0000000000,2,6958040.7734662136,40042.8851757557,0.1859587494
1,200.0000000000,2,6958035.9532653354,40038.0649750836,0.1859587494
1,200.0000000000,2,6958031.1330644693,40033.2447743995,0.1859587494
1,200.0000000000,2,6958026.3128636135,40028.4245737049,0.1859587494
1,200.0000000000,2,6958021.4926627669,40023.6043730011,0.1859587494
1,200.0000000000,2,6958016.6724619288,40018.7841722890,0.1859587494
1,200.0000000000,2,6958011.8522610981,40013.9639715696,0.1859587494
1,200.0000000000,2,6958007.0320602739,40009.1437708437,0.1859587494
1,200.0000000000,2,6958002.2118594553,40004.3235701122,0.1859587494
1,200.0000000000,2,6957997.3916586414,39999.5033693756,0.1859587494
1,200.0000000000,2,6957992.5714578321,39994.6831686346,0.1859587494
1,200.0000000000,2,6957987.7512570266,39989.8629678896,0.1859587494
1,200.0000000000,2,6957982.9310562247,39985.0427671412,0.1859587494
1,200.0000000000,2,6957978.1108554257,39980.2225663896,0.1859587494
1,200.0000000000,2,6957973.2906546295,39975.4023656354,0.1859587494
1,200.0000000000,2,6957968.4704538360,39970.5821648787,0.1859587494
1,200.0000000000,2,6957963.6502530444,39965.7619641198,0.1859587494
1,200.0000000000,2,6957958.8300522547,39960.9417633591,0.1859587494
1,200.0000000000,2,6957954.0098514669,39956.1215625967,0.1859587494
1,200.0000000000,2,6957949.1896506809,39951.3013618328,0.1859587494
1,200.0000000000,2,6957944.3694498958,39946.4811610676,0.1859587494
1,200.0000000000,2,6957939.5492491117,39941.6609603013,0.1859587494
1,200.0000000000,2,6957934.7290483285,39936.8407595340,0.1859587494
1,200.0000000000,3,6958508.3315203739,40510.4432316971,0.0963583404
1,200.0000000000,3,6958503.6263761297,40505.5106574536,0.0963583404
1,200.0000000000,3,6958497.5288812863,40502.4628340236,0.0963583404
1,200.0000000000,3,6958491.5178705240,40499.2478035985,0.0963583404
1,200.0000000000,3,6958485.6072619306,40495.8517209912,0.0963583404
1,200.0000000000,3,6958479.7936502676,40492.2921437058,0.0963583404
1,200.0000000000,3,6958474.0722902883,40488.5861066031,0.0963583404
1,200.0000000000,3,6958468.4376480896,40484.7495093710,0.0963583404
1,200.0000000000,3,6958462.8837234583,40480.7969668707,0.0963583404
1,200.0000000000,3,6958457.4043137981,40476.7417553098,0.0963583404
1,200.0000000000,3,6958451.9932204103,40472.5958248501,0.0963583404
1,200.0000000000,3,6958446.6444013324,40468.3698568544,0.0963583404
1,200.0000000000,3,6958441.3520781053,40464.0733482852,0.0963583404
1,200.0000000000,3,6958436.1108049266,40459.7147101391,0.0963583404
1,200.0000000000,3,6958430.9155084090,40455.3013706868,0.0963583404
1,200.0000000000,3,6958425.7615052350,40450.8398774051,0.0963583404
1,200.0000000000,3,6958420.6445037797,40446.3359938442,0.0963583404
1,200.0000000000,3,6958415.5605945792,40441.7947893497,0.0963583404
1,200.0000000000,3,6958410.5062333904,40437.2207207014,0.0963583404
1,200.0000000000,3,6958405.4782196851,40432.6177054722,0.0963583404
1,200.0000000000,3,6958400.4736726377,40427.9891873643,0.0963583404
1,200.0000000000,3,6958395.4900061060,40423.3381940374,0.0963583404
1,200.0000000000,3,6958390.5249036280,40418.6673880678,0.0963583404
1,200.0000000000,3,6958385.5762941325,40413.9791117234,0.0963583404
1,200.0000000000,3,6958380.6423288118,40409.2754262284,0.0963583404
1,200.0000000000,3,6958375.7213594206,40404.5581461566,0.0963583404
1,200.0000000000,3,6958370.8119181376,40399.8288695403,0.0963583404
1,200.0000000000,3,6958365.9126990363,40395.0890042231,0.0963583404
1,200.0000000000,3,6958361.0225411551,40390.3397909284,0.0963583404
1,200.0000000000,3,6958356.1404131046,40385.5823234595,0.0963583404
1,200.0000000000,3,6958351.2653991412,40380.8175663956,0.0963583404
1,200.0000000000,3,6958346.3966866080,40376.0463706030,0.0963583404
1,200.0000000000,3,6958341.5335546415,40371.2694868388,0.0963583404
1,200.0000000000,3,6958336.6753640398,40366.4875776902,0.0963583404
1,200.0000000000,3,6958331.8215481983,40361.7012280583,0.0963583404
1,200.0000000000,3,6958326.9716050010,40356.9109543699,0.0963583404
1,200.0000000000,3,6958322.1250895932,40352.1172126764,0.0963583404
1,200.0000000000,3,6958317.2816079315,40347.3204057783,0.0963583404
1,200.0000000000,3,6958312.4408110473,40342.5208894953,0.0963583404
1,200.0000000000,3,6958307.6023899401,40337.7189781872,0.0963583404
1,200.0000000000,3,6958302.7660710374,40332.9149496176,0.0963583404
1,200.0000000000,3,6958297.9316121647,40328.1090492407,0.0963583404
1,200.0000000000,3,6958293.0987989642,40323.3014939792,0.0963583404
1,200.0000000000,3,6958288.2674417179,40318.4924755576,0.0963583404
1,200.0000000000,3,6958283.4373725289,40313.6821634418,0.0963583404
1,200.0000000000,3,6958278.6084428234,40308.8707074330,0.0963583404
1,200.0000000000,3,6958273.7805211358,40304.0582399580,0.0963583404
1,200.0000000000,3,6958268.9534911430,40299.2448780898,0.0963583404
1,200.0000000000,3,6958264.1272499282,40294.4307253334,0.0963583404
1,200.0000000000,3,6958259.3017064389,40289.6158732014,0.0963583404
1,200.0000000000,3,6958254.4767801203,40284.8004026069,0.0963583404
1,200.0000000000,3,6958249.6523997113,40279.9843850933,0.0963583404
1,200.0000000000,3,6958244.8285021707,40275.1678839212,0.0963583404
1,200.0000000000,3,6958240.0050317319,40270.3509550288,0.0963583404
1,200.0000000000,3,6958235.1819390655,40265.5336478808,0.0963583404
1,200.0000000000,3,6958230.3591805361,40260.7160062180,0.0963583404
1,200.0000000000,3,6958225.5367175452,40255.8980687207,0.0963583404
1,200.0000000000,3,6958220.7145159524,40251.0798695945,0.0963583404
1,200.0000000000,3,6958215.8925455585,40246.2614390886,0.0963583404
1,200.0000000000,3,6958211.0707796514,40241.4428039535,0.0963583404
1,200.0000000000,3,6958206.2491946062,40236.6239878462,0.0963583404
1,200.0000000000,3,6958201.4277695259,40231.8050116878,0.0963583404
1,200.0000000000,3,6958196.6064859265,40226.9858939805,0.0963583404
1,200.0000000000,3,6958191.7853274606,40222.1666510870,0.0963583404
1,200.0000000000,3,6958186.9642796684,40217.3472974782,0.0963583404
1,200.0000000000,3,6958182.1433297610,40212.5278459519,0.0963583404
1,200.0000000000,3,6958177.3224664275,40207.7083078265,0.0963583404
1,200.0000000000,3,6958172.5016796635,40202.8886931117,0.0963583404
1,200.0000000000,3,6958167.6809606208,40198.0690106604,0.0963583404
1,200.0000000000,3,6958162.8603014732,40193.2492683018,0.0963583404
1,200.0000000000,3,6958158.0396952983,40188.4294729603,0.0963583404
1,200.0000000000,3,6958153.2191359755,40183.6096307597,0.0963583404
1,200.0000000000,3,6958148.3986180900,40178.7897471160,0.0963583404
1,200.0000000000,3,6958143.5781368529,40173.9698268194,0.0963583404
1,200.0000000000,3,6958138.7576880287,40169.1498741061,0.0963583404
1,200.0000000000,3,6958133.9372678716,40164.3298927228,0.0963583404
1,200.0000000000,3,6958129.1168730687,40159.5098859831,0.0963583404
1,200.0000000000,3,6958124.2965006903,40154.6898568177,0.0963583404
1,200.0000000000,3,6958119.4761481443,40149.8698078185,0.0963583404
1,200.0000000000,3,6958114.6558131389,40145.0497412778,0.0963583404
1,200.0000000000,3,6958109.8354936466,40140.2296592230,0.0963583404
1,200.0000000000,3,6958105.0151878744,40135.4095634471,0.0963583404
1,200.0000000000,3,6958100.1948942374,40130.5894555361,0.0963583404
1,200.0000000000,3,6958095.3746113321,40125.7693368923,0.0963583404
1,200.0000000000,3,6958090.5543379188,40120.9492087563,0.0963583404
1,200.0000000000,3,6958085.7340729004,40116.1290722250,0.0963583404
1,200.0000000000,3,6958080.9138153074,40111.3089282688,0.0963583404
1,200.0000000000,3,6958076.0935642812,40106.4887777458,0.0963583404
1,200.0000000000,3,6958071.2733190628,40101.6686214151,0.0963583404
1,200.0000000000,3,6958066.4530789806,40096.8484599477,0.0963583404
1,200.0000000000,3,6958061.6328434413,40092.0282939374,0.0963583404
1,200.0000000000,3,6958056.8126119198,40087.2081239092,0.0963583404
1,200.0000000000,3,6958051.9923839513,40082.3879503276,0.0963583404
1,200.0000000000,3,6958047.1721591260,40077.5677736031,0.0963583404
1,200.0000000000,3,6958042.3519370798,40072.7475940989,0.0963583404
1,200.0000000000,3,6958037.5317174923,40067.9274121365,0.0963583404
1,200.0000000000,3,6958032.7115000794,40063.1072279998,0.0963583404
1,200.0000000000,3,6958027.8912845887,40058.2870419401,0.0963583404
1,200.0000000000,3,6958023.0710707987,40053.4668541797,0.0963583404
1,200.0000000000,3,6958018.2508585127,40048.6466649152,0.0963583404
1,200.0000000000,3,6958013.4306475576,40043.8264743203,0.0963583404
1,200.0000000000,3,6958008.6104377788,40039.0062825489,0.0963583404
1,200.0000000000,3,6958003.7902290402,40034.1860897369,0.0963583404
1,200.0000000000,3,6957998.9700212227,40029.3658960045,0.0963583404
1,200.0000000000,3,6957994.1498142192,40024.5457014582,0.0963583404
1,200.0000000000,3,6957989.3296079356,40019.7255061920,0.0963583404
1,200.0000000000,3,6957984.5094022881,40014.9053102892,0.0963583404
1,200.0000000000,3,6957979.6891972041,40010.0851138233,0.0963583404
1,200.0000000000,3,6957974.8689926183,40005.2649168593,0.0963583404
1,200.0000000000,3,6957970.0487884730,40000.4447194549,0.0963583404
1,200.0000000000,3,6957965.2285847170,39995.6245216610,0.0963583404
1,200.0000000000,3,6957960.4083813056,39990.8043235225,0.0963583404
1,200.0000000000,3,6957955.5881781988,39985.9841250793,0.0963583404
1,200.0000000000,3,6957950.7679753611,39981.1639263667,0.0963583404
1,200.0000000000,3,6957945.9477727618,39976.3437274157,0.0963583404
1,200.0000000000,3,6957941.1275703739,39971.5235282538,0.0963583404
1,200.0000000000,3,6957936.3073681723,39966.7033289055,0.0963583404
1,200.0000000000,3,6957931.4871661356,39961.8831293924,0.0963583404
1,200.0000000000,3,6957926.6669642441,39957.0629297334,0.0963583404
1,200.0000000000,3,6957921.8467624821,39952.2427299454,0.0963583404
1,200.0000000000,4,6958508.3315203739,40510.4432316971,0.1637734005
1,200.0000000000,4,6958503.6263761297,40505.5106574536,0.1637734005
1,200.0000000000,4,6958496.9336805316,40504.2158614629,0.1637734005
1,200.0000000000,4,6958490.3169934191,40502.5763119278,0.1637734005
1,200.0000000000,4,6958483.7760378849,40500.6567881009,0.1637734005
1,200.0000000000,4,6958477.3209495479,40498.4657824895,0.1637734005
1,200.0000000000,4,6958470.9595194599,40496.0161134792,0.1637734005
1,200.0000000000,4,6958464.6972224833,40493.3231025991,0.1637734005
1,200.0000000000,4,6958458.5371357743,40490.4038556480,0.1637734005
1,200.0000000000,4,6958452.4800443491,40487.2765062129,0.1637734005
1,200.0000000000,4,6958446.5246904939,40483.9595148835,0.1637734005
1,200.0000000000,4,6958440.6681151194,40480.4710774238,0.1637734005
1,200.0000000000,4,6958434.9060384585,40476.8286683894,0.1637734005
1,200.0000000000,4,6958429.2332363166,40473.0487230354,0.1637734005
1,200.0000000000,4,6958423.6438814402,40469.1464438185,0.1637734005
1,200.0000000000,4,6958418.1318330662,40465.1357090044,0.1637734005
1,200.0000000000,4,6958412.6908688042,40461.0290584321,0.1637734005
1,200.0000000000,4,6958407.3148606541,40456.8377331768,0.1637734005
1,200.0000000000,4,6958401.9979014127,40452.5717496507,0.1637734005
1,200.0000000000,4,6958396.7343896357,40448.2399931021,0.1637734005
1,200.0000000000,4,6958391.5190816121,40443.8503196243,0.1637734005
1,200.0000000000,4,6958386.3471181002,40439.4096592618,0.1637734005
1,200.0000000000,4,6958381.2140324665,40434.9241154927,0.1637734005
1,200.0000000000,4,6958376.1157456292,40430.3990583273,0.1637734005
1,200.0000000000,4,6958371.0485520372,40425.8392096316,0.1637734005
1,200.0000000000,4,6958366.0090999138,40421.2487201889,0.1637734005
1,200.0000000000,4,6958360.9943681536,40416.6312385811,0.1637734005
1,200.0000000000,4,6958356.0016416023,40411.9899723086,0.1637734005
1,200.0000000000,4,6958351.0284859426,40407.3277417467,0.1637734005
1,200.0000000000,4,6958346.0727230171,40402.6470276078,0.1637734005
1,200.0000000000,4,6958341.1324071372,40397.9500125953,0.1637734005
1,200.0000000000,4,6958336.2058027182,40393.2386179051,0.1637734005
1,200.0000000000,4,6958331.2913634321,40388.5145351867,0.1637734005
1,200.0000000000,4,6958326.3877129536,40383.7792545182,0.1637734005
1,200.0000000000,4,6958321.4936273172,40379.0340888931,0.1637734005
1,200.0000000000,4,6958316.6080188463,40374.2801956579,0.1637734005
1,200.0000000000,4,6958311.7299215784,40369.5185952892,0.1637734005
1,200.0000000000,4,6958306.8584781075,40364.7501878474,0.1637734005
1,200.0000000000,4,6958301.9929277319,40359.9757674041,0.1637734005
1,200.0000000000,4,6958297.1325958194,40355.1960346996,0.1637734005
1,200.0000000000,4,6958292.2768842727,40350.4116082551,0.1637734005
1,200.0000000000,4,6958287.4252630062,40345.6230341343,0.1637734005
1,200.0000000000,4,6958282.5772623336,40340.8307945222,0.1637734005
1,200.0000000000,4,6958277.7324661789,40336.0353152712,0.1637734005
1,200.0000000000,4,6958272.8905060329,40331.2369725402,0.1637734005
1,200.0000000000,4,6958268.0510555673,40326.4360986391,0.1637734005
1,200.0000000000,4,6958263.2138258535,40321.6329871771,0.1637734005
1,200.0000000000,4,6958258.3785611074,40316.8278975987,0.1637734005
1,200.0000000000,4,6958253.5450349152,40312.0210591814,0.1637734005
1,200.0000000000,4,6958248.7130468795,40307.2126745618,0.1637734005
1,200.0000000000,4,6958243.8824196476,40302.4029228453,0.1637734005
1,200.0000000000,4,6958239.0529962732,40297.5919623495,0.1637734005
1,200.0000000000,4,6958234.2246378753,40292.7799330260,0.1637734005
1,200.0000000000,4,6958229.3972215708,40287.9669585977,0.1637734005
1,200.0000000000,4,6958224.5706386333,40283.1531484461,0.1637734005
1,200.0000000000,4,6958219.7447928702,40278.3385992782,0.1637734005
1,200.0000000000,4,6958214.9195991773,40273.5233965981,0.1637734005
1,200.0000000000,4,6958210.0949822674,40268.7076160077,0.1637734005
1,200.0000000000,4,6958205.2708755378,40263.8913243553,0.1637734005
1,200.0000000000,4,6958200.4472200694,40259.0745807509,0.1637734005
1,200.0000000000,4,6958195.6239637453,40254.2574374634,0.1637734005
1,200.0000000000,4,6958190.8010604614,40249.4399407129,0.1637734005
1,200.0000000000,4,6958185.9784694379,40244.6221313718,0.1637734005
1,200.0000000000,4,6958181.1561546028,40239.8040455841,0.1637734005
1,200.0000000000,4,6958176.3340840498,40234.9857153128,0.1637734005
1,200.0000000000,4,6958171.5122295562,40230.1671688241,0.1637734005
1,200.0000000000,4,6958166.6905661589,40225.3484311149,0.1637734005
1,200.0000000000,4,6958161.8690717788,40220.5295242916,0.1637734005
1,200.0000000000,4,6958157.0477268882,40215.7104679042,0.1637734005
1,200.0000000000,4,6958152.2265142128,40210.8912792422,0.1637734005
1,200.0000000000,4,6958147.4054184752,40206.0719735960,0.1637734005
1,200.0000000000,4,6958142.5844261628,40201.2525644882,0.1637734005
1,200.0000000000,4,6958137.7635253239,40196.4330638782,0.1637734005
1,200.0000000000,4,6958132.9427053891,40191.6134823425,0.1637734005
1,200.0000000000,4,6958128.1219570087,40186.7938292352,0.1637734005
1,200.0000000000,4,6958123.3012719136,40181.9741128289,0.1637734005
1,200.0000000000,4,6958118.4806427909,40177.1543404399,0.1637734005
1,200.0000000000,4,6958113.6600631718,40172.3345185390,0.1637734005
1,200.0000000000,4,6958108.8395273350,40167.5146528489,0.1637734005
1,200.0000000000,4,6958104.0190302217,40162.6947484306,0.1637734005
1,200.0000000000,4,6958099.1985673560,40157.8748097605,0.1637734005
1,200.0000000000,4,6958094.3781347806,40153.0548407973,0.1637734005
1,200.0000000000,4,6958089.5577289946,40148.2348450423,0.1637734005
1,200.0000000000,4,6958084.7373469016,40143.4148255920,0.1637734005
1,200.0000000000,4,6958079.9169857642,40138.5947851850,0.1637734005
1,200.0000000000,4,6958075.0966431601,40133.7747262435,0.1637734005
1,200.0000000000,4,6958070.2763169473,40128.9546509096,0.1637734005
1,200.0000000000,4,6958065.4560052315,40124.1345610779,0.1637734005
1,200.0000000000,4,6958060.6357063372,40119.3144584240,0.1637734005
1,200.0000000000,4,6958055.8154187826,40114.4943444298,0.1637734005
1,200.0000000000,4,6958050.9951412575,40109.6742204060,0.1637734005
1,200.0000000000,4,6958046.1748726023,40104.8540875116,0.1637734005
1,200.0000000000,4,6958041.3546117926,40100.0339467721,0.1637734005
1,200.0000000000,4,6958036.5343579212,40095.2137990939,0.1637734005
1,200.0000000000,4,6958031.7141101863,40090.3936452792,0.1637734005
1,200.0000000000,4,6958026.8938678782,40085.5734860370,0.1637734005
1,200.0000000000,4,6958022.0736303702,40080.7533219948,0.1637734005
1,200.0000000000,4,6958017.2533971081,40075.9331537072,0.1637734005
1,200.0000000000,4,6958012.4331676001,40071.1129816648,0.1637734005
1,200.0000000000,4,6958007.6129414132,40066.2928063017,0.1637734005
1,200.0000000000,4,6958002.7927181628,40061.4726280017,0.1637734005
1,200.0000000000,4,6957997.9724975107,40056.6524471041,0.1637734005
1,200.0000000000,4,6957993.1522791553,40051.8322639092,0.1637734005
1,200.0000000000,4,6957988.3320628321,40047.0120786825,0.1637734005
1,200.0000000000,4,6957983.5118483054,40042.1918916588,0.1637734005
1,200.0000000000,4,6957978.6916353684,40037.3717030458,0.1637734005
1,200.0000000000,4,6957973.8714238368,40032.5515130272,0.1637734005
1,200.0000000000,4,6957969.0512135485,40027.7313217654,0.1637734005
1,200.0000000000,4,6957964.2310043592,40022.9111294042,0.1637734005
1,200.0000000000,4,6957959.4107961431,40018.0909360705,0.1637734005
1,200.0000000000,4,6957954.5905887866,40013.2707418768,0.1637734005
1,200.0000000000,4,6957949.7703821911,40008.4505469225,0.1637734005
1,200.0000000000,4,6957944.9501762679,40003.6303512954,0.1637734005
1,200.0000000000,4,6957940.1299709398,39998.8101550734,0.1637734005
1,200.0000000000,4,6957935.3097661380,39993.9899583252,0.1637734005
1,200.0000000000,4,6957930.4895618018,39989.1697611116,0.1637734005
1,200.0000000000,4,6957925.6693578772,39984.3495634864,0.1637734005
1,200.0000000000,4,6957920.8491543159,39979.5293654971,0.1637734005
1,200.0000000000,4,6957916.0289510768,39974.7091671859,0.1637734005
1,200.0000000000,4,6957911.2087481227,39969.8889685899,0.1637734005
1,205.0000000000,0,6958487.5342920087,40484.8763844145,0.1904102003
1,205.0000000000,0,6958482.9806308141,40479.7494795620,0.1904102003
1,205.0000000000,0,6958481.6297588721,40473.0266729578,0.1904102003
1,205.0000000000,0,6958479.9392273864,40466.3811416068,0.1904102003
1,205.0000000000,0,6958477.9662114093,40459.8139358392,0.1904102003
1,205.0000000000,0,6958475.7201188235,40453.3350430529,0.1904102003
1,205.0000000000,0,6958473.2144465540,40446.9520507986,0.1904102003
1,205.0000000000,0,6958470.4651513696,40440.6701434742,0.1904102003
1,205.0000000000,0,6958467.4898935864,40434.4920511500,0.1904102003
1,205.0000000000,0,6958464.3072607955,40428.4181864693,0.1904102003
1,205.0000000000,0,6958460.9360604864,40422.4469226068,0.1904102003
1,205.0000000000,0,6958457.3947325945,40416.5749569732,0.1904102003
1,205.0000000000,0,6958453.7009049291,40410.7977066914,0.1904102003
1,205.0000000000,0,6958449.8710907046,40405.1096923942,0.1904102003
1,205.0000000000,0,6958445.9205115298,40399.5048812619,0.1904102003
1,205.0000000000,0,6958441.8630213877,40393.9769741182,0.1904102003
1,205.0000000000,0,6958437.7111055823,40388.5196323857,0.1904102003
1,205.0000000000,0,6958433.4759310372,40383.1266480343,0.1904102003
1,205.0000000000,0,6958429.1674285615,40377.7920636964,0.1904102003
1,205.0000000000,0,6958424.7943923548,40372.5102516988,0.1904102003
1,205.0000000000,0,6958420.3645862630,40367.2759607604,0.1904102003
1,205.0000000000,0,6958415.8848497607,40362.0843382291,0.1904102003
1,205.0000000000,0,6958411.3611992877,40356.9309344955,0.1904102003
1,205.0000000000,0,6958406.7989224624,40351.8116949218,0.1904102003
1,205.0000000000,0,6958402.2026639944,40346.7229434308,0.1904102003
1,205.0000000000,0,6958397.5765029788,40341.6613608821,0.1904102003
1,205.0000000000,0,6958392.9240217721,40336.6239605344,0.1904102003
1,205.0000000000,0,6958388.2483669575,40331.6080622403,0.1904102003
1,205.0000000000,0,6958383.5523030516,40326.6112665238,0.1904102003
1,205.0000000000,0,6958378.8382596672,40321.6314293164,0.1904102003
1,205.0000000000,0,6958374.1083728466,40316.6666378502,0.1904102003
1,205.0000000000,0,6958369.3645212334,40311.7151880109,0.1904102003
1,205.0000000000,0,6958364.6083577136,40306.7755633067,0.1904102003
1,205.0000000000,0,6958359.8413370838,40301.8464155144,0.1904102003
1,205.0000000000,0,6958355.0647402452,40296.9265469914,0.1904102003
1,205.0000000000,0,6958350.2796953702,40292.0148946026,0.1904102003
1,205.0000000000,0,6958345.4871964278,40287.1105151796,0.1904102003
1,205.0000000000,0,6958340.6881194022,40282.2125724132,0.1904102003
1,205.0000000000,0,6958335.8832365088,40277.3203250747,0.1904102003
1,205.0000000000,0,6958331.0732286526,40272.4331164574,0.1904102003
1,205.0000000000,0,6958326.2586963624,40267.5503649308,0.1904102003
1,205.0000000000,0,6958321.4401693856,40262.6715555049,0.1904102003
1,205.0000000000,0,6958316.6181151168,40257.7962323086,0.1904102003
1,205.0000000000,0,6958311.7929460052,40252.9239918907,0.1904102003
1,205.0000000000,0,6958306.9650260713,40248.0544772590,0.1904102003
1,205.0000000000,0,6958302.1346766315,40243.1873725826,0.1904102003
1,205.0000000000,0,6958297.3021813454,40238.3223984865,0.1904102003
1,205.0000000000,0,6958292.4677906558,40233.4593078743,0.1904102003
1,205.0000000000,0,6958287.6317256978,40228.5978822231,0.1904102003
1,205.0000000000,0,6958282.7941817455,40223.7379282980,0.1904102003
1,205.0000000000,0,6958277.9553312510,40218.8792752400,0.1904102003
1,205.0000000000,0,6958273.1153265210,40214.0217719866,0.1904102003
1,205.0000000000,0,6958268.2743020775,40209.1652849866,0.1904102003
1,205.0000000000,0,6958263.4323767424,40204.3096961770,0.1904102003
1,205.0000000000,0,6958258.5896554729,40199.4549011921,0.1904102003
1,205.0000000000,0,6958253.7462309850,40194.6008077784,0.1904102003
1,205.0000000000,0,6958248.9021851830,40189.7473343926,0.1904102003
1,205.0000000000,0,6958244.0575904232,40184.8944089599,0.1904102003
1,205.0000000000,0,6958239.2125106296,40180.0419677772,0.1904102003
1,205.0000000000,0,6958234.3670022758,40175.1899545417,0.1904102003
1,205.0000000000,0,6958229.5211152574,40170.3383194929,0.1904102003
1,205.0000000000,0,6958224.6748936567,40165.4870186528,0.1904102003
1,205.0000000000,0,6958219.8283764226,40160.6360131551,0.1904102003
1,205.0000000000,0,6958214.9815979665,40155.7852686512,0.1904102003
1,205.0000000000,0,6958210.1345886942,40150.9347547860,0.1904102003
1,205.0000000000,0,6958205.2873754706,40146.0844447334,0.1904102003
1,205.0000000000,0,6958200.4399820324,40141.2343147868,0.1904102003
1,205.0000000000,0,6958195.5924293539,40136.3843439961,0.1904102003
1,205.0000000000,0,6958190.7447359674,40131.5345138477,0.1904102003
1,205.0000000000,0,6958185.8969182475,40126.6848079810,0.1904102003
1,205.0000000000,0,6958181.0489906631,40121.8352119384,0.1904102003
1,205.0000000000,0,6958176.2009659987,40116.9857129438,0.1904102003
1,205.0000000000,0,6958171.3528555520,40112.1362997071,0.1904102003
1,205.0000000000,0,6958166.5046693049,40107.2869622515,0.1904102003
1,205.0000000000,0,6958161.6564160781,40102.4376917607,0.1904102003
1,205.0000000000,0,6958156.8081036657,40097.5884804442,0.1904102003
1,205.0000000000,0,6958151.9597389540,40092.7393214174,0.1904102003
1,205.0000000000,0,6958147.1113280291,40087.8902085969,0.1904102003
1,205.0000000000,0,6958142.2628762685,40083.0411366068,0.1904102003
1,205.0000000000,0,6958137.4143884229,40078.1921006969,0.1904102003
1,205.0000000000,0,6958132.5658686915,40073.3430966693,0.1904102003
1,205.0000000000,0,6958127.7173207849,40068.4941208146,0.1904102003
1,205.0000000000,0,6958122.8687479813,40063.6451698550,0.1904102003
1,205.0000000000,0,6958118.0201531770,40058.7962408942,0.1904102003
1,205.0000000000,0,6958113.1715389322,40053.9473313724,0.1904102003
1,205.0000000000,0,6958108.3229075093,40049.0984390282,0.1904102003
1,205.0000000000,0,6958103.4742609067,40044.2495618628,0.1904102003
1,205.0000000000,0,6958098.6256008903,40039.4006981103,0.1904102003
1,205.0000000000,0,6958093.7769290218,40034.5518462100,0.1904102003
1,205.0000000000,0,6958088.9282466797,40029.7030047830,0.1904102003
1,205.0000000000,0,6958084.0795550821,40024.8541726107,0.1904102003
1,205.0000000000,0,6958079.2308553066,40020.0053486164,0.1904102003
1,205.0000000000,0,6958074.3821483040,40015.1565318485,0.1904102003
1,205.0000000000,0,6958069.5334349163,40010.3077214662,0.1904102003
1,205.0000000000,0,6958064.6847158857,40005.4589167265,0.1904102003
1,205.0000000000,0,6958059.8359918687,40000.6101169730,0.1904102003
1,205.0000000000,0,6958054.9872634457,39995.7613216255,0.1904102003
1,205.0000000000,0,6958050.1385311298,39990.9125301714,0.1904102003
1,205.0000000000,0,6958045.2897953726,39986.0637421576,0.1904102003
1,205.0000000000,0,6958040.4410565756,39981.2149571839,0.1904102003
1,205.0000000000,0,6958035.5923150927,39976.3661748965,0.1904102003
1,205.0000000000,0,6958030.7435712358,39971.5173949830,0.1904102003
1,205.0000000000,0,6958025.8948252806,39966.6686171670,0.1904102003
1,205.0000000000,0,6958021.0460774722,39961.8198412046,0.1904102003
1,205.0000000000,0,6958016.1973280264,39956.9710668801,0.1904102003
1,205.0000000000,0,6958011.3485771334,39952.1222940028,0.1904102003
1,205.0000000000,0,6958006.4998249607,39947.2735224045,0.1904102003
1,205.0000000000,0,6958001.6510716584,39942.4247519364,0.1904102003
1,205.0000000000,0,6957996.8023173576,39937.5759824668,0.1904102003
1,205.0000000000,0,6957991.9535621740,39932.7272138797,0.1904102003
1,205.0000000000,0,6957987.1048062108,39927.8784460724,0.1904102003
1,205.0000000000,0,6957982.2560495585,39923.0296789541,0.1904102003
1,205.0000000000,0,6957977.4072922971,39918.1809124447,0.1904102003
1,205.0000000000,0,6957972.5585344974,39913.3321464733,0.1904102003
1,205.0000000000,0,6957967.7097762227,39908.4833809773,0.1904102003
1,205.0000000000,0,6957962.8610175280,39903.6346159013,0.1904102003
1,205.0000000000,0,6957958.0122584617,39898.7858511966,0.1904102003
1,205.0000000000,0,6957953.1634990675,39893.9370868200,0.1904102003
1,205.0000000000,0,6957948.3147393838,39889.0883227332,0.1904102003
1,205.0000000000,0,6957943.4659794439,39884.2395589025,0.1904102003
1,205.0000000000,1,6958487.5342920087,40484.8763844145,0.1955856849
1,205.0000000000,1,6958482.9806308141,40479.7494795620,0.1955856849
1,205.0000000000,1,6958479.8706975672,40473.6380722903,0.1955856849
1,205.0000000000,1,6958476.5888115047,40467.6172577678,0.1955856849
1,205.0000000000,1,6958473.1282077907,40461.6973586488,0.1955856849
1,205.0000000000,1,6958469.5066340314,40455.8745425646,0.1955856849
1,205.0000000000,1,6958465.7411714932,40450.1437245155,0.1955856849
1,205.0000000000,1,6958461.8476868933,40444.4991021798,0.1955856849
1,205.0000000000,1,6958457.8407055410,40438.9344742420,0.1955856849
1,205.0000000000,1,6958453.7333767898,40433.4434967174,0.1955856849
1,205.0000000000,1,6958449.5375019936,40428.0198799967,0.1955856849
1,205.0000000000,1,6958445.2636032999,40422.6575322278,0.1955856849
1,205.0000000000,1,6958440.9210163048,40417.3506572684,0.1955856849
1,205.0000000000,1,6958436.5179940891,40412.0938161055,0.1955856849
1,205.0000000000,1,6958432.0618140241,40406.8819601145,0.1955856849
1,205.0000000000,1,6958427.5588817867,40401.7104434214,0.1955856849
1,205.0000000000,1,6958423.0148292622,40396.5750203334,0.1955856849
1,205.0000000000,1,6958418.4346045889,40391.4718325472,0.1955856849
1,205.0000000000,1,6958413.8225536589,40386.3973897340,0.1955856849
1,205.0000000000,1,6958409.1824930534,40381.3485461810,0.1955856849
1,205.0000000000,1,6958404.5177747896,40376.3224754331,0.1955856849
1,205.0000000000,1,6958399.8313434804,40371.3166443103,0.1955856849
1,205.0000000000,1,6958395.1257866016,40366.3287872451,0.1955856849
1,205.0000000000,1,6958390.4033785798,40361.3568815629,0.1955856849
1,205.0000000000,1,6958385.6661194004,40356.3991240949,0.1955856849
1,205.0000000000,1,6958380.9157683887,40351.4539093469,0.1955856849
1,205.0000000000,1,6958376.1538737444,40346.5198093239,0.1955856849
1,205.0000000000,1,6958371.3817983745,40341.5955550343,0.1955856849
1,205.0000000000,1,6958366.6007424863,40336.6800196379,0.1955856849
1,205.0000000000,1,6958361.8117633527,40331.7722031686,0.1955856849
1,205.0000000000,1,6958357.0157926185,40326.8712187411,0.1955856849
1,205.0000000000,1,6958352.2136514597,40321.9762801371,0.1955856849
1,205.0000000000,1,6958347.4060638687,40317.0866906657,0.1955856849
1,205.0000000000,1,6958342.5936683053,40312.2018331869,0.1955856849
1,205.0000000000,1,6958337.7770279236,40307.3211611968,0.1955856849
1,205.0000000000,1,6958332.9566395488,40302.4441908712,0.1955856849
1,205.0000000000,1,6958328.1329415673,40297.5704939761,0.1955856849
1,205.0000000000,1,6958323.3063208619,40292.6996915572,0.1955856849
1,205.0000000000,1,6958318.4771189094,40287.8314483276,0.1955856849
1,205.0000000000,1,6958313.6456371499,40282.9654676817,0.1955856849
1,205.0000000000,1,6958308.8121417090,40278.1014872680,0.1955856849
1,205.0000000000,1,6958303.9768675603,40273.2392750604,0.1955856849
1,205.0000000000,1,6958299.1400221912,40268.3786258740,0.1955856849
1,205.0000000000,1,6958294.3017888302,40263.5193582765,0.1955856849
1,205.0000000000,1,6958289.4623292973,40258.6613118513,0.1955856849
1,205.0000000000,1,6958284.6217865134,40253.8043447732,0.1955856849
1,205.0000000000,1,6958279.7802867154,40248.9483316613,0.1955856849
1,205.0000000000,1,6958274.9379414078,40244.0931616782,0.1955856849
1,205.0000000000,1,6958270.0948490892,40239.2387368481,0.1955856849
1,205.0000000000,1,6958265.2510967692,40234.3849705676,0.1955856849
1,205.0000000000,1,6958260.4067613147,40229.5317862886,0.1955856849
1,205.0000000000,1,6958255.5619106321,40224.6791163530,0.1955856849
1,205.0000000000,1,6958250.7166047143,40219.8269009618,0.1955856849
1,205.0000000000,1,6958245.8708965639,40214.9750872639,0.1955856849
1,205.0000000000,1,6958241.0248330086,40210.1236285496,0.1955856849
1,205.0000000000,1,6958236.1784554217,40205.2724835377,0.1955856849
1,205.0000000000,1,6958231.3318003584,40200.4216157456,0.1955856849
1,205.0000000000,1,6958226.4849001160,40195.5709929314,0.1955856849
1,205.0000000000,1,6958221.6377832321,40190.7205866021,0.1955856849
1,205.0000000000,1,6958216.7904749215,40185.8703715774,0.1955856849
1,205.0000000000,1,6958211.9429974630,40181.0203256050,0.1955856849
1,205.0000000000,1,6958207.0953705423,40176.1704290204,0.1955856849
1,205.0000000000,1,6958202.2476115534,40171.3206644459,0.1955856849
1,205.0000000000,1,6958197.3997358652,40166.4710165250,0.1955856849
1,205.0000000000,1,6958192.5517570591,40161.6214716872,0.1955856849
1,205.0000000000,1,6958187.7036871342,40156.7720179404,0.1955856849
1,205.0000000000,1,6958182.8555366937,40151.9226446876,0.1955856849
1,205.0000000000,1,6958178.0073151067,40147.0733425644,0.1955856849
1,205.0000000000,1,6958173.1590306517,40142.2241032954,0.1955856849
1,205.0000000000,1,6958168.3106906451,40137.3749195683,0.1955856849
1,205.0000000000,1,6958163.4623015504,40132.5257849211,0.1955856849
1,205.0000000000,1,6958158.6138690794,40127.6766936439,0.1955856849
1,205.0000000000,1,6958153.7653982798,40122.8276406907,0.1955856849
1,205.0000000000,1,6958148.9168936107,40117.9786216027,0.1955856849
1,205.0000000000,1,6958144.0683590136,40113.1296324400,0.1955856849
1,205.0000000000,1,6958139.2197979707,40108.2806697207,0.1955856849
1,205.0000000000,1,6958134.3712135591,40103.4317303683,0.1955856849
1,205.0000000000,1,6958129.5226084972,40098.5828116642,0.1955856849
1,205.0000000000,1,6958124.6739851888,40093.7339112059,0.1955856849
1,205.0000000000,1,6958119.8253457565,40088.8850268704,0.1955856849
1,205.0000000000,1,6958114.9766920768,40084.0361567821,0.1955856849
1,205.0000000000,1,6958110.1280258065,40079.1872992832,0.1955856849
1,205.0000000000,1,6958105.2793484116,40074.3384529090,0.1955856849
1,205.0000000000,1,6958100.4306611856,40069.4896163651,0.1955856849
1,205.0000000000,1,6958095.5819652732,40064.6407885078,0.1955856849
1,205.0000000000,1,6958090.7332616849,40059.7919683263,0.1955856849
1,205.0000000000,1,6958085.8845513137,40054.9431549276,0.1955856849
1,205.0000000000,1,6958081.0358349485,40050.0943475226,0.1955856849
1,205.0000000000,1,6958076.1871132869,40045.2455454138,0.1955856849
1,205.0000000000,1,6958071.3383869454,40040.3967479851,0.1955856849
1,205.0000000000,1,6958066.4896564679,40035.5479546918,0.1955856849
1,205.0000000000,1,6958061.6409223359,40030.6991650530,0.1955856849
1,205.0000000000,1,6958056.7921849750,40025.8503786432,0.1955856849
1,205.0000000000,1,6958051.9434447605,40021.0015950869,0.1955856849
1,205.0000000000,1,6958047.0947020249,40016.1528140520,0.1955856849
1,205.0000000000,1,6958042.2459570607,40011.3040352452,0.1955856849
1,205.0000000000,1,6958037.3972101277,40006.4552584072,0.1955856849
1,205.0000000000,1,6958032.5484614549,40001.6064833090,0.1955856849
1,205.0000000000,1,6958027.6997112455,39996.7577097481,0.1955856849
1,205.0000000000,1,6958022.8509596772,39991.9089375456,0.1955856849
1,205.0000000000,1,6958018.0022069085,39987.0601665435,0.1955856849
1,205.0000000000,1,6958013.1534530791,39982.2113966022,0.1955856849
1,205.0000000000,1,6958008.3046983127,39977.3626275982,0.1955856849
1,205.0000000000,1,6958003.4559427174,39972.5138594225,0.1955856849
1,205.0000000000,1,6957998.6071863901,39967.6650919786,0.1955856849
1,205.0000000000,1,6957993.7584294165,39962.8163251815,0.1955856849
1,205.0000000000,1,6957988.9096718710,39957.9675589559,0.1955856849
1,205.0000000000,1,6957984.0609138208,39953.1187932352,0.1955856849
1,205.0000000000,1,6957979.2121553244,39948.2700279608,0.1955856849
1,205.0000000000,1,6957974.3633964341,39943.4212630807,0.1955856849
1,205.0000000000,1,6957969.5146371955,39938.5724985490,0.1955856849
1,205.0000000000,1,6957964.6658776486,39933.7237343253,0.1955856849
1,205.0000000000,1,6957959.8171178298,39928.8749703736,0.1955856849
1,205.0000000000,1,6957954.9683577707,39924.0262066624,0.1955856849
1,205.0000000000,1,6957950.1195974983,39919.1774431636,0.1955856849
1,205.0000000000,1,6957945.2708370388,39914.3286798526,0.1955856849
1,205.0000000000,1,6957940.4220764134,39909.4799167074,0.1955856849
1,205.0000000000,1,6957935.5733156409,39904.6311537088,0.1955856849
1,205.0000000000,1,6957930.7245547390,39899.7823908397,0.1955856849
1,205.0000000000,1,6957925.8757937225,39894.9336280851,0.1955856849
1,205.0000000000,2,6958487.5342920087,40484.8763844145,0.2028391645
1,205.0000000000,2,6958482.9806308141,40479.7494795620,0.2028391645
1,205.0000000000,2,6958478.1069949949,40474.9257198728,0.2028391645
1,205.0000000000,2,6958473.2281277366,40470.1072514525,0.2028391645
1,205.0000000000,2,6958468.3525148425,40465.2854900989,0.2028391645
1,205.0000000000,2,6958463.4800112480,40460.4605867458,0.2028391645
1,205.0000000000,2,6958458.6102637183,40455.6329017270,0.2028391645
1,205.0000000000,2,6958453.7429531300,40450.8027597748,0.2028391645
1,205.0000000000,2,6958448.8777969973,40445.9704477560,0.2028391645
1,205.0000000000,2,6958444.0145454640,40441.1362189479,0.2028391645
1,205.0000000000,2,6958439.1529775653,40436.3002969875,0.2028391645
1,205.0000000000,2,6958434.2928979043,40431.4628793572,0.2028391645
1,205.0000000000,2,6958429.4341337094,40426.6241404574,0.2028391645
1,205.0000000000,2,6958424.5765322261,40421.7842343143,0.2028391645
1,205.0000000000,2,6958419.7199584069,40416.9432969690,0.2028391645
1,205.0000000000,2,6958414.8642928656,40412.1014485833,0.2028391645
1,205.0000000000,2,6958410.0094300658,40407.2587952990,0.2028391645
1,205.0000000000,2,6958405.1552767185,40402.4154308772,0.2028391645
1,205.0000000000,2,6958400.3017503656,40397.5714381459,0.2028391645
1,205.0000000000,2,6958395.4487781227,40392.7268902770,0.2028391645
1,205.0000000000,2,6958390.5962955719,40387.8818519139,0.2028391645
1,205.0000000000,2,6958385.7442457788,40383.0363801674,0.2028391645
1,205.0000000000,2,6958380.8925784230,40378.1905254943,0.2028391645
1,205.0000000000,2,6958376.0412490331,40373.3443324738,0.2028391645
1,205.0000000000,2,6958371.1902183061,40368.4978404925,0.2028391645
1,205.0000000000,2,6958366.3394515067,40363.6510843502,0.2028391645
1,205.0000000000,2,6958361.4889179394,40358.8040947944,0.2028391645
1,205.0000000000,2,6958356.6385904765,40353.9568989924,0.2028391645
1,205.0000000000,2,6958351.7884451449,40349.1095209485,0.2028391645
1,205.0000000000,2,6958346.9384607589,40344.2619818724,0.2028391645
1,205.0000000000,2,6958342.0886185961,40339.4143005050,0.2028391645
1,205.0000000000,2,6958337.2389021125,40334.5664934055,0.2028391645
1,205.0000000000,2,6958332.3892966881,40329.7185752057,0.2028391645
1,205.0000000000,2,6958327.5397894038,40324.8705588344,0.2028391645
1,205.0000000000,2,6958322.6903688414,40320.0224557156,0.2028391645
1,205.0000000000,2,6958317.8410249120,40315.1742759438,0.2028391645
1,205.0000000000,2,6958312.9917487008,40310.3260284388,0.2028391645
1,205.0000000000,2,6958308.1425323291,40305.4777210820,0.2028391645
1,205.0000000000,2,6958303.2933688359,40300.6293608381,0.2028391645
1,205.0000000000,2,6958298.4442520682,40295.7809538608,0.2028391645
1,205.0000000000,2,6958293.5951765906,40290.9325055883,0.2028391645
1,205.0000000000,2,6958288.7461375985,40286.0840208253,0.2028391645
1,205.0000000000,2,6958283.8971308479,40281.2355038181,0.2028391645
1,205.0000000000,2,6958279.0481525864,40276.3869583182,0.2028391645
1,205.0000000000,2,6958274.1991995005,40271.5383876412,0.2028391645
1,205.0000000000,2,6958269.3502686601,40266.6897947164,0.2028391645
1,205.0000000000,2,6958264.5013574781,40261.8411821325,0.2028391645
1,205.0000000000,2,6958259.6524636662,40256.9925521769,0.2028391645
1,205.0000000000,2,6958254.8035852043,40252.1439068709,0.2028391645
1,205.0000000000,2,6958249.9547203062,40247.2952480006,0.2028391645
1,205.0000000000,2,6958245.1058673933,40242.4465771443,0.2028391645
1,205.0000000000,2,6958240.2570250714,40237.5978956965,0.2028391645
1,205.0000000000,2,6958235.4081921084,40232.7492048896,0.2028391645
1,205.0000000000,2,6958230.5593674155,40227.9005058126,0.2028391645
1,205.0000000000,2,6958225.7105500307,40223.0517994277,0.2028391645
1,205.0000000000,2,6958220.8617391028,40218.2030865852,0.2028391645
1,205.0000000000,2,6958216.0129338810,40213.3543680364,0.2028391645
1,205.0000000000,2,6958211.1641337015,40208.5056444454,0.2028391645
1,205.0000000000,2,6958206.3153379774,40203.6569163988,0.2028391645
1,205.0000000000,2,6958201.4665461909,40198.8081844149,0.2028391645
1,205.0000000000,2,6958196.6177578829,40193.9594489520,0.2028391645
1,205.0000000000,2,6958191.7689726492,40189.1107104147,0.2028391645
1,205.0000000000,2,6958186.9201901322,40184.2619691609,0.2028391645
1,205.0000000000,2,6958182.0714100162,40179.4132255065,0.2028391645
1,205.0000000000,2,6958177.2226320207,40174.5644797309,0.2028391645
1,205.0000000000,2,6958172.3738559000,40169.7157320810,0.2028391645
1,205.0000000000,2,6958167.5250814352,40164.8669827746,0.2028391645
1,205.0000000000,2,6958162.6763084345,40160.0182320048,0.2028391645
1,205.0000000000,2,6958157.8275367273,40155.1694799415,0.2028391645
1,205.0000000000,2,6958152.9787661629,40150.3207267355,0.2028391645
1,205.0000000000,2,6958148.1299966080,40145.4719725196,0.2028391645
1,205.0000000000,2,6958143.2812279454,40140.6232174114,0.2028391645
1,205.0000000000,2,6958138.4324600715,40135.7744615147,0.2028391645
1,205.0000000000,2,6958133.5836928943,40130.9257049211,0.2028391645
1,205.0000000000,2,6958128.7349263327,40126.0769477119,0.2028391645
1,205.0000000000,2,6958123.8861603150,40121.2281899586,0.2028391645
1,205.0000000000,2,6958119.0373947788,40116.3794317245,0.2028391645
1,205.0000000000,2,6958114.1886296673,40111.5306730655,0.2028391645
1,205.0000000000,2,6958109.3398649311,40106.6819140312,0.2028391645
1,205.0000000000,2,6958104.4911005264,40101.8331546652,0.2028391645
1,205.0000000000,2,6958099.6423364151,40096.9843950060,0.2028391645
1,205.0000000000,2,6958094.7935725627,40092.1356350879,0.2028391645
1,205.0000000000,2,6958089.9448089395,40087.2868749408,0.2028391645
1,205.0000000000,2,6958085.0960455183,40082.4381145916,0.2028391645
1,205.0000000000,2,6958080.2472822759,40077.5893540636,0.2028391645
1,205.0000000000,2,6958075.3985191910,40072.7405933777,0.2028391645
1,205.0000000000,2,6958070.5497562457,40067.8918325523,0.2028391645
1,205.0000000000,2,6958065.7009934234,40063.0430716035,0.2028391645
1,205.0000000000,2,6958060.8522307100,40058.1943105457,0.2028391645
1,205.0000000000,2,6958056.0034680935,40053.3455493917,0.2028391645
1,205.0000000000,2,6958051.1547055617,40048.4967881525,0.2028391645
1,205.0000000000,2,6958046.3059431054,40043.6480268382,0.2028391645
1,205.0000000000,2,6958041.4571807152,40038.7992654574,0.2028391645
1,205.0000000000,2,6958036.6084183836,40033.9505040179,0.2028391645
1,205.0000000000,2,6958031.7596561043,40029.1017425265,0.2028391645
1,205.0000000000,2,6958026.9108938705,40024.2529809892,0.2028391645
1,205.0000000000,2,6958022.0621316778,40019.4042194115,0.2028391645
1,205.0000000000,2,6958017.2133695204,40014.5554577979,0.2028391645
1,205.0000000000,2,6958012.3646073947,40009.7066961528,0.2028391645
1,205.0000000000,2,6958007.5158452969,40004.8579344796,0.2028391645
1,205.0000000000,2,6958002.6670832243,40000.0091727818,0.2028391645
1,205.0000000000,2,6957997.8183211731,39995.1604110621,0.2028391645
1,205.0000000000,2,6957992.9695591414,39990.3116493232,0.2028391645
1,205.0000000000,2,6957988.1207971266,39985.4628875672,0.2028391645
1,205.0000000000,2,6957983.2720351266,39980.6141257962,0.2028391645
1,205.0000000000,2,6957978.4232731406,39975.7653640119,0.2028391645
1,205.0000000000,2,6957973.5745111657,39970.9166022158,0.2028391645
1,205.0000000000,2,6957968.7257492011,39966.0678404093,0.2028391645
1,205.0000000000,2,6957963.8769872459,39961.2190785937,0.2028391645
1,205.0000000000,2,6957959.0282252990,39956.3703167699,0.2028391645
1,205.0000000000,2,6957954.1794633595,39951.5215549389,0.2028391645
1,205.0000000000,2,6957949.3307014257,39946.6727931016,0.2028391645
1,205.0000000000,2,6957944.4819394974,39941.8240312588,0.2028391645
1,205.0000000000,2,6957939.6331775747,39936.9752694109,0.2028391645
1,205.0000000000,2,6957934.7844156567,39932.1265075587,0.2028391645
1,205.0000000000,2,6957929.9356537424,39927.2777457026,0.2028391645
1,205.0000000000,2,6957925.0868918309,39922.4289838432,0.2028391645
1,205.0000000000,2,6957920.2381299222,39917.5802219807,0.2028391645
1,205.0000000000,2,6957915.3893680163,39912.7314601156,0.2028391645
1,205.0000000000,2,6957910.5406061132,39907.8826982481,0.2028391645
1,205.0000000000,3,6958487.5342920087,40484.8763844145,0.2029130430
1,205.0000000000,3,6958482.9806308141,40479.7494795620,0.2029130430
1,205.0000000000,3,6958476.8375573810,40476.7025741742,0.2029130430
1,205.0000000000,3,6958470.7799340971,40473.4891361719,0.2029130430
1,205.0000000000,3,6958464.8242684929,40470.0904554196,0.2029130430
1,205.0000000000,3,6958458.9672630494,40466.5244393130,0.2029130430
1,205.0000000000,3,6958453.2041756567,40462.8085535041,0.2029130430
1,205.0000000000,3,6958447.5294203907,40458.9591202589,0.2029130430
1,205.0000000000,3,6958441.9369060360,40454.9911526647,0.2029130430
1,205.0000000000,3,6958436.4203140009,40450.9182917591,0.2029130430
1,205.0000000000,3,6958430.9733161265,40446.7528148605,0.2029130430
1,205.0000000000,3,6958425.5897364020,40442.5056919526,0.2029130430
1,205.0000000000,3,6958420.2636641487,40438.1866714620,0.2029130430
1,205.0000000000,3,6958414.9895274984,40433.8043813944,0.2029130430
1,205.0000000000,3,6958409.7621358261,40429.3664359302,0.2029130430
1,205.0000000000,3,6958404.5766988322,40424.8795409211,0.2029130430
1,205.0000000000,3,6958399.4288287116,40420.3495942478,0.2029130430
1,205.0000000000,3,6958394.3145305505,40415.7817788006,0.2029130430
1,205.0000000000,3,6958389.2301849285,40411.1806470661,0.2029130430
1,205.0000000000,3,6958384.1725257132,40406.5501970980,0.2029130430
1,205.0000000000,3,6958379.1386152338,40401.8939401329,0.2029130430
1,205.0000000000,3,6958374.1258183913,40397.2149603876,0.2029130430
1,205.0000000000,3,6958369.1317767967,40392.5159677087,0.2029130430
1,205.0000000000,3,6958364.1543836594,40387.7993437888,0.2029130430
1,205.0000000000,3,6958359.1917598899,40383.0671826586,0.2029130430
1,205.0000000000,3,6958354.2422316931,40378.3213261210,0.2029130430
1,205.0000000000,3,6958349.3043097984,40373.5633947425,0.2029130430
1,205.0000000000,3,6958344.3766703615,40368.7948149519,0.2029130430
1,205.0000000000,3,6958339.4581375318,40364.0168427414,0.2029130430
1,205.0000000000,3,6958334.5476676226,40359.2305844001,0.2029130430
1,205.0000000000,3,6958329.6443347968,40354.4370146614,0.2029130430
1,205.0000000000,3,6958324.7473181728,40349.6369925962,0.2029130430
1,205.0000000000,3,6958319.8558902415,40344.8312755386,0.2029130430
1,205.0000000000,3,6958314.9694064865,40340.0205312972,0.2029130430
1,205.0000000000,3,6958310.0872961003,40335.2053488686,0.2029130430
1,205.0000000000,3,6958305.2090536971,40330.3862478428,0.2029130430
1,205.0000000000,3,6958300.3342319224,40325.5636866655,0.2029130430
1,205.0000000000,3,6958295.4624348748,40320.7380698994,0.2029130430
1,205.0000000000,3,6958290.5933122532,40315.9097546099,0.2029130430
1,205.0000000000,3,6958285.7265541516,40311.0790559832,0.2029130430
1,205.0000000000,3,6958280.8618864426,40306.2462522706,0.2029130430
1,205.0000000000,3,6958275.9990666760,40301.4115891430,0.2029130430
1,205.0000000000,3,6958271.1378804399,40296.5752835259,0.2029130430
1,205.0000000000,3,6958266.2781381384,40291.7375269791,0.2029130430
1,205.0000000000,3,6958261.4196721325,40286.8984886752,0.2029130430
1,205.0000000000,3,6958256.5623342069,40282.0583180259,0.2029130430
1,205.0000000000,3,6958251.7059933292,40277.2171469984,0.2029130430
1,205.0000000000,3,6958246.8505336642,40272.3750921576,0.2029130430
1,205.0000000000,3,6958241.9958528159,40267.5322564690,0.2029130430
1,205.0000000000,3,6958237.1418602737,40262.6887308891,0.2029130430
1,205.0000000000,3,6958232.2884760341,40257.8445957686,0.2029130430
1,205.0000000000,3,6958227.4356293846,40252.9999220916,0.2029130430
1,205.0000000000,3,6958222.5832578251,40248.1547725695,0.2029130430
1,205.0000000000,3,6958217.7313061180,40243.3092026061,0.2029130430
1,205.0000000000,3,6958212.8797254423,40238.4632611505,0.2029130430
1,205.0000000000,3,6958208.0284726527,40233.6169914500,0.2029130430
1,205.0000000000,3,6958203.1775096171,40228.7704317146,0.2029130430
1,205.0000000000,3,6958198.3268026365,40223.9236157047,0.2029130430
1,205.0000000000,3,6958193.4763219301,40219.0765732496,0.2029130430
1,205.0000000000,3,6958188.6260411795,40214.2293307050,0.2029130430
1,205.0000000000,3,6958183.7759371269,40209.3819113586,0.2029130430
1,205.0000000000,3,6958178.9259892181,40204.5343357869,0.2029130430
1,205.0000000000,3,6958174.0761792902,40199.6866221710,0.2029130430
1,205.0000000000,3,6958169.2264912911,40194.8387865759,0.2029130430
1,205.0000000000,3,6958164.3769110376,40189.9908431966,0.2029130430
1,205.0000000000,3,6958159.5274259951,40185.1428045759,0.2029130430
1,205.0000000000,3,6958154.6780250873,40180.2946817968,0.2029130430
1,205.0000000000,3,6958149.8286985271,40175.4464846524,0.2029130430
1,205.0000000000,3,6958144.9794376642,40170.5982217963,0.2029130430
1,205.0000000000,3,6958140.1302348552,40165.7499008748,0.2029130430
1,205.0000000000,3,6958135.2810833463,40160.9015286445,0.2029130430
1,205.0000000000,3,6958130.4319771687,40156.0531110757,0.2029130430
1,205.0000000000,3,6958125.5829110490,40151.2046534440,0.2029130430
1,205.0000000000,3,6958120.7338803262,40146.3561604110,0.2029130430
1,205.0000000000,3,6958115.8848808827,40141.5076360958,0.2029130430
1,205.0000000000,3,6958111.0359090781,40136.6590841385,0.2029130430
1,205.0000000000,3,6958106.1869616974,40131.8105077553,0.2029130430
1,205.0000000000,3,6958101.3380358992,40126.9619097882,0.2029130430
1,205.0000000000,3,6958096.4891291726,40122.1132927488,0.2029130430
1,205.0000000000,3,6958091.6402392983,40117.2646588561,0.2029130430
1,205.0000000000,3,6958086.7913643150,40112.4160100711,0.2029130430
1,205.0000000000,3,6958081.9425024912,40107.5673481267,0.2029130430
1,205.0000000000,3,6958077.0936522949,40102.7186745538,0.2029130430
1,205.0000000000,3,6958072.2448123740,40097.8699907056,0.2029130430
1,205.0000000000,3,6958067.3959815325,40093.0212977777,0.2029130430
1,205.0000000000,3,6958062.5471587135,40088.1725968264,0.2029130430
1,205.0000000000,3,6958057.6983429845,40083.3238887853,0.2029130430
1,205.0000000000,3,6958052.8495335206,40078.4751744793,0.2029130430
1,205.0000000000,3,6958048.0007295925,40073.6264546374,0.2029130430
1,205.0000000000,3,6958043.1519305557,40068.7777299036,0.2029130430
1,205.0000000000,3,6958038.3031358412,40063.9290008472,0.2029130430
1,205.0000000000,3,6958033.4543449469,40059.0802679711,0.2029130430
1,205.0000000000,3,6958028.6055574277,40054.2315317197,0.2029130430
1,205.0000000000,3,6958023.7567728907,40049.3827924858,0.2029130430
1,205.0000000000,3,6958018.9079909893,40044.5340506163,0.2029130430
1,205.0000000000,3,6958014.0592114171,40039.6853064180,0.2029130430
1,205.0000000000,3,6958009.2104339032,40034.8365601617,0.2029130430
1,205.0000000000,3,6958004.3616582071,40029.9878120869,0.2029130430
1,205.0000000000,3,6957999.5128841177,40025.1390624053,0.2029130430
1,205.0000000000,3,6957994.6641114485,40020.2903113038,0.2029130430
1,205.0000000000,3,6957989.8153400337,40015.4415589475,0.2029130430
1,205.0000000000,3,6957984.9665697282,40010.5928054825,0.2029130430
1,205.0000000000,3,6957980.1178004025,40005.7440510377,0.2029130430
1,205.0000000000,3,6957975.2690319419,40000.8952957273,0.2029130430
1,205.0000000000,3,6957970.4202642469,39996.0465396518,0.2029130430
1,205.0000000000,3,6957965.5714972280,39991.1977829004,0.2029130430
1,205.0000000000,3,6957960.7227308061,39986.3490255516,0.2029130430
1,205.0000000000,3,6957955.8739649123,39981.5002676750,0.2029130430
1,205.0000000000,3,6957951.0251994850,39976.6515093320,0.2029130430
1,205.0000000000,3,6957946.1764344694,39971.8027505768,0.2029130430
1,205.0000000000,3,6957941.3276698180,39966.9539914575,0.2029130430
1,205.0000000000,3,6957936.4789054887,39962.1052320163,0.2029130430
1,205.0000000000,3,6957931.6301414436,39957.2564722908,0.2029130430
1,205.0000000000,3,6957926.7813776499,39952.4077123139,0.2029130430
1,205.0000000000,3,6957921.9326140778,39947.5589521150,0.2029130430
1,205.0000000000,3,6957917.0838507023,39942.7101917199,0.2029130430
1,205.0000000000,3,6957912.2350875000,39937.8614311514,0.2029130430
1,205.0000000000,3,6957907.3863244513,39933.0126704297,0.2029130430
1,205.0000000000,3,6957902.5375615377,39928.1639095726,0.2029130430
1,205.0000000000,3,6957897.6887987433,39923.3151485958,0.2029130430
1,205.0000000000,4,6958487.5342920087,40484.8763844145,0.2082519073
1,205.0000000000,4,6958482.9806308141,40479.7494795620,0.2082519073
1,205.0000000000,4,6958476.2442845004,40478.4678314096,0.2082519073
1,205.0000000000,4,6958469.5840194877,40476.8363126063,0.2082519073
1,205.0000000000,4,6958462.9997923551,40474.9208657371,0.2082519073
1,205.0000000000,4,6958456.5020386530,40472.7299343215,0.2082519073
1,205.0000000000,4,6958450.0988153936,40470.2764234630,0.2082519073
1,205.0000000000,4,6958443.7958125183,40467.5758423417,0.2082519073
1,205.0000000000,4,6958437.5962593034,40464.6455652949,0.2082519073
1,205.0000000000,4,6958431.5010262225,40461.5040501611,0.2082519073
1,205.0000000000,4,6958425.5088782283,40458.1701116406,0.2082519073
1,205.0000000000,4,6958419.6168254390,40454.6623064046,0.2082519073
1,205.0000000000,4,6958413.8205160676,40450.9984585217,0.2082519073
1,205.0000000000,4,6958408.1146254819,40447.1953287227,0.2082519073
1,205.0000000000,4,6958402.4932092940,40443.2684134342,0.2082519073
1,205.0000000000,4,6958396.9500026098,40439.2318501309,0.2082519073
1,205.0000000000,4,6958391.4786592899,40435.0984029108,0.2082519073
1,205.0000000000,4,6958386.0729331272,40430.8795039671,0.2082519073
1,205.0000000000,4,6958380.7268075207,40426.5853306310,0.2082519073
1,205.0000000000,4,6958375.4345822269,40422.2249023175,0.2082519073
1,205.0000000000,4,6958370.1909260275,40417.8061860664,0.2082519073
1,205.0000000000,4,6958364.9909034157,40413.3362030149,0.2082519073
1,205.0000000000,4,6958359.8299821950,40408.8211309447,0.2082519073
1,205.0000000000,4,6958354.7040276024,40404.2664000902,0.2082519073
1,205.0000000000,4,6958349.6092873253,40399.6767808082,0.2082519073
1,205.0000000000,4,6958344.5423707403,40395.0564626416,0.2082519073
1,205.0000000000,4,6958339.5002248185,40390.4091248938,0.2082519073
1,205.0000000000,4,6958334.4801084734,40385.7379991700,0.2082519073
1,205.0000000000,4,6958329.4795665918,40381.0459245193,0.2082519073
1,205.0000000000,4,6958324.4964045798,40376.3353958857,0.2082519073
1,205.0000000000,4,6958319.5286639938,40371.6086065827,0.2082519073
1,205.0000000000,4,6958314.5745995725,40366.8674854755,0.2082519073
1,205.0000000000,4,6958309.6326578679,40362.1137295051,0.2082519073
1,205.0000000000,4,6958304.7014575424,40357.3488321306,0.2082519073
1,205.0000000000,4,6958299.7797713447,40352.5741082002,0.2082519073
1,205.0000000000,4,6958294.8665097086,40347.7907157075,0.2082519073
1,205.0000000000,4,6958289.9607059052,40342.9996748301,0.2082519073
1,205.0000000000,4,6958285.0615026494,40338.2018845990,0.2082519073
1,205.0000000000,4,6958280.1681400556,40333.3981375022,0.2082519073
1,205.0000000000,4,6958275.2799448380,40328.5891322873,0.2082519073
1,205.0000000000,4,6958270.3963206438,40323.7754851905,0.2082519073
1,205.0000000000,4,6958265.5167394187,40318.9577397940,0.2082519073
1,205.0000000000,4,6958260.6407337030,40314.1363756813,0.2082519073
1,205.0000000000,4,6958255.7678897735,40309.3118160451,0.2082519073
1,205.0000000000,4,6958250.8978415355,40304.4844343738,0.2082519073
1,205.0000000000,4,6958246.0302650938,40299.6545603355,0.2082519073
1,205.0000000000,4,6958241.1648739325,40294.8224849547,0.2082519073
1,205.0000000000,4,6958236.3014146322,40289.9884651702,0.2082519073
1,205.0000000000,4,6958231.4396630749,40285.1527278496,0.2082519073
1,205.0000000000,4,6958226.5794210732,40280.3154733264,0.2082519073
1,205.0000000000,4,6958221.7205133857,40275.4768785170,0.2082519073
1,205.0000000000,4,6958216.8627850749,40270.6370996690,0.2082519073
1,205.0000000000,4,6958212.0060991598,40265.7962747838,0.2082519073
1,205.0000000000,4,6958207.1503345463,40260.9545257549,0.2082519073
1,205.0000000000,4,6958202.2953841863,40256.1119602526,0.2082519073
1,205.0000000000,4,6958197.4411534555,40251.2686733878,0.2082519073
1,205.0000000000,4,6958192.5875587137,40246.4247491808,0.2082519073
1,205.0000000000,4,6958187.7345260326,40241.5802618562,0.2082519073
1,205.0000000000,4,6958182.8819900705,40236.7352769877,0.2082519073
1,205.0000000000,4,6958178.0298930760,40231.8898525074,0.2082519073
1,205.0000000000,4,6958173.1781840073,40227.0440395978,0.2082519073
1,205.0000000000,4,6958168.3268177556,40222.1978834788,0.2082519073
1,205.0000000000,4,6958163.4757544529,40217.3514241036,0.2082519073
1,205.0000000000,4,6958158.6249588672,40212.5046967720,0.2082519073
1,205.0000000000,4,6958153.7743998617,40207.6577326736,0.2082519073
1,205.0000000000,4,6958148.9240499185,40202.8105593660,0.2082519073
1,205.0000000000,4,6958144.0738847218,40197.9632011985,0.2082519073
1,205.0000000000,4,6958139.2238827813,40193.1156796856,0.2082519073
1,205.0000000000,4,6958134.3740251064,40188.2680138374,0.2082519073
1,205.0000000000,4,6958129.5242949156,40183.4202204511,0.2082519073
1,205.0000000000,4,6958124.6746773785,40178.5723143686,0.2082519073
1,205.0000000000,4,6958119.8251593895,40173.7243087045,0.2082519073
1,205.0000000000,4,6958114.9757293686,40168.8762150470,0.2082519073
1,205.0000000000,4,6958110.1263770815,40164.0280436356,0.2082519073
1,205.0000000000,4,6958105.2770934841,40159.1798035180,0.2082519073
1,205.0000000000,4,6958100.4278705865,40154.3315026891,0.2082519073
1,205.0000000000,4,6958095.5787013257,40149.4831482134,0.2082519073
1,205.0000000000,4,6958090.7295794617,40144.6347463334,0.2082519073
1,205.0000000000,4,6958085.8804994803,40139.7863025648,0.2082519073
1,205.0000000000,4,6958081.0314565087,40134.9378217818,0.2082519073
1,205.0000000000,4,6958076.1824462414,40130.0893082913,0.2082519073
1,205.0000000000,4,6958071.3334648730,40125.2407658991,0.2082519073
1,205.0000000000,4,6958066.4845090415,40120.3921979681,0.2082519073
1,205.0000000000,4,6958061.6355757751,40115.5436074698,0.2082519073
1,205.0000000000,4,6958056.7866624491,40110.6949970301,0.2082519073
1,205.0000000000,4,6958051.9377667429,40105.8463689693,0.2082519073
1,205.0000000000,4,6958047.0888866065,40100.9977253376,0.2082519073
1,205.0000000000,4,6958042.2400202285,40096.1490679468,0.2082519073
1,205.0000000000,4,6958037.3911660090,40091.3003983977,0.2082519073
1,205.0000000000,4,6958032.5423225323,40086.4517181051,0.2082519073
1,205.0000000000,4,6958027.6934885485,40081.6030283191,0.2082519073
1,205.0000000000,4,6958022.8446629532,40076.7543301441,0.2082519073
1,205.0000000000,4,6958017.9958447712,40071.9056245563,0.2082519073
1,205.0000000000,4,6958013.1470331391,40067.0569124181,0.2082519073
1,205.0000000000,4,6958008.2982272953,40062.2081944918,0.2082519073
1,205.0000000000,4,6958003.4494265663,40057.3594714507,0.2082519073
1,205.0000000000,4,6957998.6006303560,40052.5107438901,0.2082519073
1,205.0000000000,4,6957993.7518381402,40047.6620123357,0.2082519073
1,205.0000000000,4,6957988.9030494532,40042.8132772523,0.2082519073
1,205.0000000000,4,6957984.0542638842,40037.9645390504,0.2082519073
1,205.0000000000,4,6957979.2054810710,40033.1157980929,0.2082519073
1,205.0000000000,4,6957974.3567006933,40028.2670547004,0.2082519073
1,205.0000000000,4,6957969.5079224668,40023.4183091562,0.2082519073
1,205.0000000000,4,6957964.6591461413,40018.5695617108,0.2082519073
1,205.0000000000,4,6957959.8103714958,40013.7208125852,0.2082519073
1,205.0000000000,4,6957954.9615983358,40008.8720619750,0.2082519073
1,205.0000000000,4,6957950.1128264870,40004.0233100529,0.2082519073
1,205.0000000000,4,6957945.2640557978,39999.1745569716,0.2082519073
1,205.0000000000,4,6957940.4152861331,39994.3258028659,0.2082519073
1,205.0000000000,4,6957935.5665173735,39989.4770478550,0.2082519073
1,205.0000000000,4,6957930.7177494131,39984.6282920443,0.2082519073
1,205.0000000000,4,6957925.8689821595,39979.7795355268,0.2082519073
1,205.0000000000,4,6957921.0202155309,39974.9307783848,0.2082519073
1,205.0000000000,4,6957916.1714494545,39970.0820206908,0.2082519073
1,205.0000000000,4,6957911.3226838652,39965.2332625091,0.2082519073
1,205.0000000000,4,6957906.4739187071,39960.3845038966,0.2082519073
1,205.0000000000,4,6957901.6251539299,39955.5357449032,0.2082519073
1,205.0000000000,4,6957896.7763894890,39950.6869855734,0.2082519073
1,205.0000000000,4,6957891.9276253451,39945.8382259462,0.2082519073
1,205.0000000000,4,6957887.0788614647,39940.9894660563,0.2082519073
1,210.0000000000,0,6958463.4233057909,40457.7426623988,0.2020612181
1,210.0000000000,0,6958458.6610706281,40452.1418096615,0.2020612181
1,210.0000000000,0,6958457.1992302872,40444.9368490127,0.2020612181
1,210.0000000000,0,6958455.3717242954,40437.8158478904,0.2020612181
1,210.0000000000,0,6958453.2172837071,40430.7868493213,0.2020612181
1,210.0000000000,0,6958450.7487406889,40423.8619139064,0.2020612181
1,210.0000000000,0,6958447.9834807394,40417.0500292519,0.2020612181
1,210.0000000000,0,6958444.9420416933,40410.3568921949,0.2020612181
1,210.0000000000,0,6958441.6469872473,40403.7849022881,0.2020612181
1,210.0000000000,0,6958438.1217961712,40397.3334324547,0.2020612181
1,210.0000000000,0,6958434.3898888314,40390.9992945700,0.2020612181
1,210.0000000000,0,6958430.4738609800,40384.7773044544,0.2020612181
1,210.0000000000,0,6958426.3949455293,40378.6608607262,0.2020612181
1,210.0000000000,0,6958422.1726859100,40372.6424756568,0.2020612181
1,210.0000000000,0,6958417.8247835906,40366.7142229162,0.2020612181
1,210.0000000000,0,6958413.3670754815,40360.8680897027,0.2020612181
1,210.0000000000,0,6958408.8135994999,40355.0962363068,0.2020612181
1,210.0000000000,0,6958404.1767138541,40349.3911748135,0.2020612181
1,210.0000000000,0,6958399.4672441753,40343.7458820415,0.2020612181
1,210.0000000000,0,6958394.6946405210,40338.1538618793,0.2020612181
1,210.0000000000,0,6958389.8671326432,40332.6091704701,0.2020612181
1,210.0000000000,0,6958384.9918766543,40327.1064153259,0.2020612181
1,210.0000000000,0,6958380.0750895096,40321.6407370230,0.2020612181
1,210.0000000000,0,6958375.1221698746,40316.2077799812,0.2020612181
1,210.0000000000,0,6958370.1378052784,40310.8036570454,0.2020612181
1,210.0000000000,0,6958365.1260662293,40305.4249112034,0.2020612181
1,210.0000000000,0,6958360.0904883435,40300.0684767090,0.2020612181
1,210.0000000000,0,6958355.0341437208,40294.7316411122,0.2020612181
1,210.0000000000,0,6958349.9597027935,40289.4120091312,0.2020612181
1,210.0000000000,0,6958344.8694878509,40284.1074689088,0.2020612181
1,210.0000000000,0,6958339.7655193042,40278.8161609220,0.2020612181
1,210.0000000000,0,6958334.6495556813,40273.5364496281,0.2020612181
1,210.0000000000,0,6958329.5231281957,40268.2668978092,0.2020612181
1,210.0000000000,0,6958324.3875706419,40263.0062435017,0.2020612181
1,210.0000000000,0,6958319.2440452604,40257.7533793513,0.2020612181
1,210.0000000000,0,6958314.0935651362,40252.5073342099,0.2020612181
1,210.0000000000,0,6958308.9370136037,40247.2672567843,0.2020612181
1,210.0000000000,0,6958303.7751610707,40242.0324011450,0.2020612181
1,210.0000000000,0,6958298.6086796205,40236.8021139106,0.2020612181
1,210.0000000000,0,6958293.4381556856,40231.5758229340,0.2020612181
1,210.0000000000,0,6958288.2641010648,40226.3530273303,0.2020612181
1,210.0000000000,0,6958283.0869624987,40221.1332886965,0.2020612181
1,210.0000000000,0,6958277.9071299993,40215.9162233897,0.2020612181
1,210.0000000000,0,6958272.7249441007,40210.7014957417,0.2020612181
1,210.0000000000,0,6958267.5407021698,40205.4888121013,0.2020612181
1,210.0000000000,0,6958262.3546639085,40200.2779156059,0.2020612181
1,210.0000000000,0,6958257.1670561442,40195.0685815968,0.2020612181
1,210.0000000000,0,6958251.9780770084,40189.8606135992,0.2020612181
1,210.0000000000,0,6958246.7878995799,40184.6538398005,0.2020612181
1,210.0000000000,0,6958241.5966750598,40179.4481099649,0.2020612181
1,210.0000000000,0,6958236.4045355488,40174.2432927318,0.2020612181
1,210.0000000000,0,6958231.2115964610,40169.0392732501,0.2020612181
1,210.0000000000,0,6958226.0179586392,40163.8359511082,0.2020612181
1,210.0000000000,0,6958220.8237101976,40158.6332385217,0.2020612181
1,210.0000000000,0,6958215.6289281286,40153.4310587485,0.2020612181
1,210.0000000000,0,6958210.4336797120,40148.2293447018,0.2020612181
1,210.0000000000,0,6958205.2380237393,40143.0280377365,0.2020612181
1,210.0000000000,0,6958200.0420115869,40137.8270865886,0.2020612181
1,210.0000000000,0,6958194.8456881512,40132.6264464469,0.2020612181
1,210.0000000000,0,6958189.6490926677,40127.4260781413,0.2020612181
1,210.0000000000,0,6958184.4522594251,40122.2259474335,0.2020612181
1,210.0000000000,0,6958179.2552183876,40117.0260243963,0.2020612181
1,210.0000000000,0,6958174.0579957440,40111.8262828710,0.2020612181
1,210.0000000000,0,6958168.8606143817,40106.6266999931,0.2020612181
1,210.0000000000,0,6958163.6630943017,40101.4272557778,0.2020612181
1,210.0000000000,0,6958158.4654529849,40096.2279327573,0.2020612181
1,210.0000000000,0,6958153.2677057087,40091.0287156640,0.2020612181
1,210.0000000000,0,6958148.0698658247,40085.8295911534,0.2020612181
1,210.0000000000,0,6958142.8719450030,40080.6305475618,0.2020612181
1,210.0000000000,0,6958137.6739534428,40075.4315746949,0.2020612181
1,210.0000000000,0,6958132.4759000568,40070.2326636424,0.2020612181
1,210.0000000000,0,6958127.2777926354,40065.0338066166,0.2020612181
1,210.0000000000,0,6958122.0796379875,40059.8349968110,0.2020612181
1,210.0000000000,0,6958116.8814420644,40054.6362282763,0.2020612181
1,210.0000000000,0,6958111.6832100665,40049.4374958128,0.2020612181
1,210.0000000000,0,6958106.4849465387,40044.2387948760,0.2020612181
1,210.0000000000,0,6958101.2866554540,40039.0401214939,0.2020612181
1,210.0000000000,0,6958096.0883402843,40033.8414721947,0.2020612181
1,210.0000000000,0,6958090.8900040649,40028.6428439443,0.2020612181
1,210.0000000000,0,6958085.6916494481,40023.4442340906,0.2020612181
1,210.0000000000,0,6958080.4932787511,40018.2456403158,0.2020612181
1,210.0000000000,0,6958075.2948940005,40013.0470605942,0.2020612181
1,210.0000000000,0,6958070.0964969676,40007.8484931550,0.2020612181
1,210.0000000000,0,6958064.8980891993,40002.6499364508,0.2020612181
1,210.0000000000,0,6958059.6996720480,39997.4513891291,0.2020612181
1,210.0000000000,0,6958054.5012466963,39992.2528500078,0.2020612181
1,210.0000000000,0,6958049.3028141772,39987.0543180536,0.2020612181
1,210.0000000000,0,6958044.1043753941,39981.8557923635,0.2020612181
1,210.0000000000,0,6958038.9059311356,39976.6572721482,0.2020612181
1,210.0000000000,0,6958033.7074820921,39971.4587567181,0.2020612181
1,210.0000000000,0,6958028.5090288669,39966.2602454701,0.2020612181
1,210.0000000000,0,6958023.3105719863,39961.0617378773,0.2020612181
1,210.0000000000,0,6958018.1121119102,39955.8632334793,0.2020612181
1,210.0000000000,0,6958012.9136490421,39950.6647318735,0.2020612181
1,210.0000000000,0,6958007.7151837340,39945.4662327081,0.2020612181
1,210.0000000000,0,6958002.5167162931,39940.2677356756,0.2020612181
1,210.0000000000,0,6957997.3182469876,39935.0692405072,0.2020612181
1,210.0000000000,0,6957992.1197760534,39929.8707469682,0.2020612181
1,210.0000000000,0,6957986.9213036951,39924.6722548532,0.2020612181
1,210.0000000000,0,6957981.7228300916,39919.4737639828,0.2020612181
1,210.0000000000,0,6957976.5243554004,39914.2752742002,0.2020612181
1,210.0000000000,0,6957971.3258797582,39909.0767853683,0.2020612181
1,210.0000000000,0,6957966.1274032854,39903.8782973674,0.2020612181
1,210.0000000000,0,6957960.9289260861,39898.6798100926,0.2020612181
1,210.0000000000,0,6957955.7304482525,39893.4813234527,0.2020612181
1,210.0000000000,0,6957950.5319698639,39888.2828373674,0.2020612181
1,210.0000000000,0,6957945.3334909901,39883.0843517671,0.2020612181
1,210.0000000000,0,6957940.1350116925,39877.8858665905,0.2020612181
1,210.0000000000,0,6957934.9365320252,39872.6873817843,0.2020612181
1,210.0000000000,0,6957929.7380520338,39867.4888973018,0.2020612181
1,210.0000000000,0,6957924.5395717593,39862.2904131023,0.2020612181
1,210.0000000000,0,6957919.3410912380,39857.0919291500,0.2020612181
1,210.0000000000,0,6957914.1426105006,39851.8934454139,0.2020612181
1,210.0000000000,0,6957908.9441295741,39846.6949618666,0.2020612181
1,210.0000000000,0,6957903.7456484828,39841.4964784845,0.2020612181
1,210.0000000000,0,6957898.5471672472,39836.2979952466,0.2020612181
1,210.0000000000,0,6957893.3486858848,39831.0995121349,0.2020612181
1,210.0000000000,0,6957888.1502044126,39825.9010291335,0.2020612181
1,210.0000000000,0,6957882.9517228445,39820.7025462283,0.2020612181
1,210.0000000000,0,6957877.7532411916,39815.5040634074,0.2020612181
1,210.0000000000,1,6958463.4233057909,40457.7426623988,0.2047616657
1,210.0000000000,1,6958458.6610706281,40452.1418096615,0.2047616657
1,210.0000000000,1,6958455.3145300131,40445.5958871869,0.2047616657
1,210.0000000000,1,6958451.7786556920,40439.1502663539,0.2047616657
1,210.0000000000,1,6958448.0379366810,40432.8213283375,0.2047616657
1,210.0000000000,1,6958444.1141083930,40426.6042545323,0.2047616657
1,210.0000000000,1,6958440.0283135250,40420.4924041226,0.2047616657
1,210.0000000000,1,6958435.8000139659,40414.4782609604,0.2047616657
1,210.0000000000,1,6958431.4468266694,40408.5538879558,0.2047616657
1,210.0000000000,1,6958426.9845053954,40402.7112751857,0.2047616657
1,210.0000000000,1,6958422.4270093627,40396.9425955231,0.2047616657
1,210.0000000000,1,6958417.7866242873,40391.2403800339,0.2047616657
1,210.0000000000,1,6958413.0741102910,40385.5976283142,0.2047616657
1,210.0000000000,1,6958408.2988590356,40380.0078688753,0.2047616657
1,210.0000000000,1,6958403.4690487226,40374.4651829315,0.2047616657
1,210.0000000000,1,6958398.5917902635,40368.9642025589,0.2047616657
1,210.0000000000,1,6958393.6732611693,40363.5000917726,0.2047616657
1,210.0000000000,1,6958388.7188257901,40358.0685169356,0.2047616657
1,210.0000000000,1,6958383.7331418646,40352.6656111499,0.2047616657
1,210.0000000000,1,6958378.7202540664,40347.2879359032,0.2047616657
1,210.0000000000,1,6958373.6836756235,40341.9324422074,0.2047616657
1,210.0000000000,1,6958368.6264592344,40336.5964326942,0.2047616657
1,210.0000000000,1,6958363.5512585184,40331.2775255857,0.2047616657
1,210.0000000000,1,6958358.4603811884,40325.9736210668,0.2047616657
1,210.0000000000,1,6958353.3558350150,40320.6828703172,0.2047616657
1,210.0000000000,1,6958348.2393675549,40315.4036472813,0.2047616657
1,210.0000000000,1,6958343.1125004971,40310.1345231318,0.2047616657
1,210.0000000000,1,6958337.9765593605,40304.8742433131,0.2047616657
1,210.0000000000,1,6958332.8326991936,40299.6217070004,0.2047616657
1,210.0000000000,1,6958327.6819268260,40294.3759487949,0.2047616657
1,210.0000000000,1,6958322.5251201484,40289.1361224592,0.2047616657
1,210.0000000000,1,6958317.3630448319,40283.9014865067,0.2047616657
1,210.0000000000,1,6958312.1963688312,40278.6713914564,0.2047616657
1,210.0000000000,1,6958307.0256749839,40273.4452685843,0.2047616657
1,210.0000000000,1,6958301.8514719559,40268.2226200072,0.2047616657
1,210.0000000000,1,6958296.6742037553,40263.0030099533,0.2047616657
1,210.0000000000,1,6958291.4942580117,40257.7860570852,0.2047616657
1,210.0000000000,1,6958286.3119731797,40252.5714277545,0.2047616657
1,210.0000000000,1,6958281.1276448146,40247.3588300783,0.2047616657
1,210.0000000000,1,6958275.9415310342,40242.1480087424,0.2047616657
1,210.0000000000,1,6958270.7538572857,40236.9387404430,0.2047616657
1,210.0000000000,1,6958265.5648204945,40231.7308298912,0.2047616657
1,210.0000000000,1,6958260.3745926861,40226.5241063121,0.2047616657
1,210.0000000000,1,6958255.1833241433,40221.3184203776,0.2047616657
1,210.0000000000,1,6958249.9911461622,40216.1136415211,0.2047616657
1,210.0000000000,1,6958244.7981734565,40210.9096555859,0.2047616657
1,210.0000000000,1,6958239.6045062570,40205.7063627676,0.2047616657
1,210.0000000000,1,6958234.4102321416,40200.5036758132,0.2047616657
1,210.0000000000,1,6958229.2154276362,40195.3015184450,0.2047616657
1,210.0000000000,1,6958224.0201596115,40190.0998239820,0.2047616657
1,210.0000000000,1,6958218.8244865024,40184.8985341344,0.2047616657
1,210.0000000000,1,6958213.6284593735,40179.6975979484,0.2047616657
1,210.0000000000,1,6958208.4321228489,40174.4969708842,0.2047616657
1,210.0000000000,1,6958203.2355159270,40169.2966140091,0.2047616657
1,210.0000000000,1,6958198.0386726866,40164.0964932921,0.2047616657
1,210.0000000000,1,6958192.8416229123,40158.8965789871,0.2047616657
1,210.0000000000,1,6958187.6443926329,40153.6968450941,0.2047616657
1,210.0000000000,1,6958182.4470045967,40148.4972688870,0.2047616657
1,210.0000000000,1,6958177.2494786838,40143.2978305022,0.2047616657
1,210.0000000000,1,6958172.0518322689,40138.0985125778,0.2047616657
1,210.0000000000,1,6958166.8540805373,40132.8992999385,0.2047616657
1,210.0000000000,1,6958161.6562367594,40127.7001793208,0.2047616657
1,210.0000000000,1,6958156.4583125347,40122.5011391316,0.2047616657
1,210.0000000000,1,6958151.2603179999,40117.3021692385,0.2047616657
1,210.0000000000,1,6958146.0622620145,40112.1032607851,0.2047616657
1,210.0000000000,1,6958140.8641523216,40106.9044060310,0.2047616657
1,210.0000000000,1,6958135.6659956882,40101.7055982109,0.2047616657
1,210.0000000000,1,6958130.4677980291,40096.5068314115,0.2047616657
1,210.0000000000,1,6958125.2695645140,40091.3081004648,0.2047616657
1,210.0000000000,1,6958120.0712996610,40086.1094008536,0.2047616657
1,210.0000000000,1,6958114.8730074177,40080.9107286300,0.2047616657
1,210.0000000000,1,6958109.6746912356,40075.7120803435,0.2047616657
1,210.0000000000,1,6958104.4763541315,40070.5134529782,0.2047616657
1,210.0000000000,1,6958099.2779987408,40065.3148438981,0.2047616657
1,210.0000000000,1,6958094.0796273677,40060.1162507995,0.2047616657
1,210.0000000000,1,6958088.8812420266,40054.9176716687,0.2047616657
1,210.0000000000,1,6958083.6828444768,40049.7191047461,0.2047616657
1,210.0000000000,1,6958078.4844362568,40044.5205484933,0.2047616657
1,210.0000000000,1,6958073.2860187106,40039.3220015661,0.2047616657
1,210.0000000000,1,6958068.0875930144,40034.1234627896,0.2047616657
1,210.0000000000,1,6958062.8891601944,40028.9249311367,0.2047616657
1,210.0000000000,1,6958057.6907211477,40023.7264057100,0.2047616657
1,210.0000000000,1,6958052.4922766592,40018.5278857250,0.2047616657
1,210.0000000000,1,6958047.2938274145,40013.3293704961,0.2047616657
1,210.0000000000,1,6958042.0953740133,40008.1308594240,0.2047616657
1,210.0000000000,1,6958036.8969169790,40002.9323519849,0.2047616657
1,210.0000000000,1,6958031.6984567689,39997.7338477213,0.2047616657
1,210.0000000000,1,6958026.4999937834,39992.5353462329,0.2047616657
1,210.0000000000,1,6958021.3015283728,39987.3368471701,0.2047616657
1,210.0000000000,1,6958016.1030608416,39982.1383502273,0.2047616657
1,210.0000000000,1,6958010.9045914579,39976.9398551374,0.2047616657
1,210.0000000000,1,6958005.7061204547,39971.7413616668,0.2047616657
1,210.0000000000,1,6958000.5076480359,39966.5428696117,0.2047616657
1,210.0000000000,1,6957995.3091743803,39961.3443787936,0.2047616657
1,210.0000000000,1,6957990.1106996434,39956.1458890567,0.2047616657
1,210.0000000000,1,6957984.9122239612,39950.9474002648,0.2047616657
1,210.0000000000,1,6957979.7137474539,39945.7489122987,0.2047616657
1,210.0000000000,1,6957974.5152702248,39940.5504250545,0.2047616657
1,210.0000000000,1,6957969.3167923642,39935.3519384412,0.2047616657
1,210.0000000000,1,6957964.1183139523,39930.1534523794,0.2047616657
1,210.0000000000,1,6957958.9198350590,39924.9549667994,0.2047616657
1,210.0000000000,1,6957953.7213557437,39919.7564816407,0.2047616657
1,210.0000000000,1,6957948.5228760606,39914.5579968502,0.2047616657
1,210.0000000000,1,6957943.3243960552,39909.3595123813,0.2047616657
1,210.0000000000,1,6957938.1259157695,39904.1610281937,0.2047616657
1,210.0000000000,1,6957932.9274352379,39898.9625442519,0.2047616657
1,210.0000000000,1,6957927.7289544912,39893.7640605249,0.2047616657
1,210.0000000000,1,6957922.5304735564,39888.5655769856,0.2047616657
1,210.0000000000,1,6957917.3319924576,39883.3670936105,0.2047616657
1,210.0000000000,1,6957912.1335112154,39878.1686103788,0.2047616657
1,210.0000000000,1,6957906.9350298485,39872.9701272724,0.2047616657
1,210.0000000000,1,6957901.7365483716,39867.7716442755,0.2047616657
1,210.0000000000,1,6957896.5380667988,39862.5731613744,0.2047616657
1,210.0000000000,1,6957891.3395851422,39857.3746785570,0.2047616657
1,210.0000000000,1,6957886.1411034130,39852.1761958128,0.2047616657
1,210.0000000000,1,6957880.9426216194,39846.9777131324,0.2047616657
1,210.0000000000,1,6957875.7441397700,39841.7792305080,0.2047616657
1,210.0000000000,1,6957870.5456578722,39836.5807479323,0.2047616657
1,210.0000000000,1,6957865.3471759316,39831.3822653994,0.2047616657
1,210.0000000000,1,6957860.1486939536,39826.1837829037,0.2047616657
1,210.0000000000,2,6958463.4233057909,40457.7426623988,0.1935698323
1,210.0000000000,2,6958458.6610706281,40452.1418096615,0.1935698323
1,210.0000000000,2,6958453.4262155518,40446.9799565580,0.1935698323
1,210.0000000000,2,6958448.1803587973,40441.8292845588,0.1935698323
1,210.0000000000,2,6958442.9398389272,40436.6731826761,0.1935698323
1,210.0000000000,2,6958437.7045724541,40431.5117468207,0.1935698323
1,210.0000000000,2,6958432.4739248883,40426.3456301769,0.1935698323
1,210.0000000000,2,6958427.2473186897,40421.1754248834,0.1935698323
1,210.0000000000,2,6958422.0242473856,40416.0016485756,0.1935698323
1,210.0000000000,2,6958416.8042676402,40410.8247531166,0.1935698323
1,210.0000000000,2,6958411.5869914889,40405.6451329865,0.1935698323
1,210.0000000000,2,6958406.3720794758,40400.4631326168,0.1935698323
1,210.0000000000,2,6958401.1592346346,40395.2790527763,0.1935698323
1,210.0000000000,2,6958395.9481971990,40390.0931561345,0.1935698323
1,210.0000000000,2,6958390.7387399692,40384.9056721096,0.1935698323
1,210.0000000000,2,6958385.5306642475,40379.7168010945,0.1935698323
1,210.0000000000,2,6958380.3237962751,40374.5267181418,0.1935698323
1,210.0000000000,2,6958375.1179841151,40369.3355761783,0.1935698323
1,210.0000000000,2,6958369.9130949173,40364.1435088089,0.1935698323
1,210.0000000000,2,6958364.7090125280,40358.9506327638,0.1935698323
1,210.0000000000,2,6958359.5056353966,40353.7570500345,0.1935698323
1,210.0000000000,2,6958354.3028747439,40348.5628497378,0.1935698323
1,210.0000000000,2,6958349.1006529564,40343.3681097438,0.1935698323
1,210.0000000000,2,6958343.8989021853,40338.1728980975,0.1935698323
1,210.0000000000,2,6958338.6975631202,40332.9772742597,0.1935698323
1,210.0000000000,2,6958333.4965839153,40327.7812901911,0.1935698323
1,210.0000000000,2,6958328.2959192498,40322.5849912994,0.1935698323
1,210.0000000000,2,6958323.0955295088,40317.3884172664,0.1935698323
1,210.0000000000,2,6958317.8953800658,40312.1916027705,0.1935698323
1,210.0000000000,2,6958312.6954406537,40306.9945781178,0.1935698323
1,210.0000000000,2,6958307.4956848156,40301.7973697941,0.1935698323
1,210.0000000000,2,6958302.2960894275,40296.6000009463,0.1935698323
1,210.0000000000,2,6958297.0966342781,40291.4024918038,0.1935698323
1,210.0000000000,2,6958291.8973017009,40286.2048600460,0.1935698323
1,210.0000000000,2,6958286.6980762547,40281.0071211243,0.1935698323
1,210.0000000000,2,6958281.4989444437,40275.8092885426,0.1935698323
1,210.0000000000,2,6958276.2998944717,40270.6113741030,0.1935698323
1,210.0000000000,2,6958271.1009160280,40265.4133881203,0.1935698323
1,210.0000000000,2,6958265.9020001013,40260.2153396094,0.1935698323
1,210.0000000000,2,6958260.7031388152,40255.0172364491,0.1935698323
1,210.0000000000,2,6958255.5043252865,40249.8190855254,0.1935698323
1,210.0000000000,2,6958250.3055534977,40244.6208928567,0.1935698323
1,210.0000000000,2,6958245.1068181898,40239.4226637030,0.1935698323
1,210.0000000000,2,6958239.9081147676,40234.2244026613,0.1935698323
1,210.0000000000,2,6958234.7094392125,40229.0261137496,0.1935698323
1,210.0000000000,2,6958229.5107880142,40223.8278004795,0.1935698323
1,210.0000000000,2,6958224.3121581040,40218.6294659200,0.1935698323
1,210.0000000000,2,6958219.1135467999,40213.4311127537,0.1935698323
1,210.0000000000,2,6958213.9149517575,40208.2327433249,0.1935698323
1,210.0000000000,2,6958208.7163709281,40203.0343596827,0.1935698323
1,210.0000000000,2,6958203.5178025207,40197.8359636180,0.1935698323
1,210.0000000000,2,6958198.3192449696,40192.6375566960,0.1935698323
1,210.0000000000,2,6958193.1206969079,40187.4391402845,0.1935698323
1,210.0000000000,2,6958187.9221571395,40182.2407155794,0.1935698323
1,210.0000000000,2,6958182.7236246206,40177.0422836254,0.1935698323
1,210.0000000000,2,6958177.5250984365,40171.8438453360,0.1935698323
1,210.0000000000,2,6958172.3265777901,40166.6454015095,0.1935698323
1,210.0000000000,2,6958167.1280619828,40161.4469528434,0.1935698323
1,210.0000000000,2,6958161.9295504047,40156.2484999475,0.1935698323
1,210.0000000000,2,6958156.7310425239,40151.0500433549,0.1935698323
1,210.0000000000,2,6958151.5325378738,40145.8515835311,0.1935698323
1,210.0000000000,2,6958146.3340360476,40140.6531208834,0.1935698323
1,210.0000000000,2,6958141.1355366893,40135.4546557676,0.1935698323
1,210.0000000000,2,6958135.9370394889,40130.2561884946,0.1935698323
1,210.0000000000,2,6958130.7385441735,40125.0577193361,0.1935698323
1,210.0000000000,2,6958125.5400505057,40119.8592485299,0.1935698323
1,210.0000000000,2,6958120.3415582785,40114.6607762834,0.1935698323
1,210.0000000000,2,6958115.1430673096,40109.4623027782,0.1935698323
1,210.0000000000,2,6958109.9445774416,40104.2638281729,0.1935698323
1,210.0000000000,2,6958104.7460885346,40099.0653526060,0.1935698323
1,210.0000000000,2,6958099.5476004677,40093.8668761987,0.1935698323
1,210.0000000000,2,6958094.3491131356,40088.6683990569,0.1935698323
1,210.0000000000,2,6958089.1506264452,40083.4699212731,0.1935698323
1,210.0000000000,2,6958083.9521403164,40078.2714429283,0.1935698323
1,210.0000000000,2,6958078.7536546774,40073.0729640930,0.1935698323
1,210.0000000000,2,6958073.5551694678,40067.8744848292,0.1935698323
1,210.0000000000,2,6958068.3566846326,40062.6760051907,0.1935698323
1,210.0000000000,2,6958063.1582001243,40057.4775252249,0.1935698323
1,210.0000000000,2,6958057.9597159028,40052.2790449730,0.1935698323
1,210.0000000000,2,6958052.7612319309,40047.0805644709,0.1935698323
1,210.0000000000,2,6958047.5627481779,40041.8820837502,0.1935698323
1,210.0000000000,2,6958042.3642646158,40036.6836028386,0.1935698323
1,210.0000000000,2,6958037.1657812204,40031.4851217599,0.1935698323
1,210.0000000000,2,6958031.9672979712,40026.2866405353,0.1935698323
1,210.0000000000,2,6958026.7688148497,40021.0881591832,0.1935698323
1,210.0000000000,2,6958021.5703318398,40015.8896777196,0.1935698323
1,210.0000000000,2,6958016.3718489269,40010.6911961585,0.1935698323
1,210.0000000000,2,6958011.1733660996,40005.4927145124,0.1935698323
1,210.0000000000,2,6958005.9748833468,40000.2942327918,0.1935698323
1,210.0000000000,2,6958000.7764006583,39995.0957510061,0.1935698323
1,210.0000000000,2,6957995.5779180266,39989.8972691636,0.1935698323
1,210.0000000000,2,6957990.3794354452,39984.6987872714,0.1935698323
1,210.0000000000,2,6957985.1809529075,39979.5003053358,0.1935698323
1,210.0000000000,2,6957979.9824704072,39974.3018233622,0.1935698323
1,210.0000000000,2,6957974.7839879403,39969.1033413555,0.1935698323
1,210.0000000000,2,6957969.5855055023,39963.9048593197,0.1935698323
1,210.0000000000,2,6957964.3870230895,39958.7063772587,0.1935698323
1,210.0000000000,2,6957959.1885406990,39953.5078951754,0.1935698323
1,210.0000000000,2,6957953.9900583280,39948.3094130728,0.1935698323
1,210.0000000000,2,6957948.7915759739,39943.1109309533,0.1935698323
1,210.0000000000,2,6957943.5930936346,39937.9124488191,0.1935698323
1,210.0000000000,2,6957938.3946113084,39932.7139666718,0.1935698323
1,210.0000000000,2,6957933.1961289933,39927.5154845134,0.1935698323
1,210.0000000000,2,6957927.9976466876,39922.3170023450,0.1935698323
1,210.0000000000,2,6957922.7991643911,39917.1185201680,0.1935698323
1,210.0000000000,2,6957917.6006821021,39911.9200379835,0.1935698323
1,210.0000000000,2,6957912.4021998197,39906.7215557924,0.1935698323
1,210.0000000000,2,6957907.2037175428,39901.5230735955,0.1935698323
1,210.0000000000,2,6957902.0052352706,39896.3245913936,0.1935698323
1,210.0000000000,2,6957896.8067530030,39891.1261091873,0.1935698323
1,210.0000000000,2,6957891.6082707392,39885.9276269772,0.1935698323
1,210.0000000000,2,6957886.4097884791,39880.7291447636,0.1935698323
1,210.0000000000,2,6957881.2113062218,39875.5306625471,0.1935698323
1,210.0000000000,2,6957876.0128239673,39870.3321803280,0.1935698323
1,210.0000000000,2,6957870.8143417146,39865.1336981067,0.1935698323
1,210.0000000000,2,6957865.6158594638,39859.9352158835,0.1935698323
1,210.0000000000,2,6957860.4173772149,39854.7367336585,0.1935698323
1,210.0000000000,2,6957855.2188949678,39849.5382514320,0.1935698323
1,210.0000000000,2,6957850.0204127217,39844.3397692042,0.1935698323
1,210.0000000000,2,6957844.8219304765,39839.1412869752,0.1935698323
1,210.0000000000,3,6958463.4233057909,40457.7426623988,0.1963329758
1,210.0000000000,3,6958458.6610706281,40452.1418096615,0.1963329758
1,210.0000000000,3,6958452.0687994855,40448.8875207512,0.1963329758
1,210.0000000000,3,6958445.5651412318,40445.4595673594,0.1963329758
1,210.0000000000,3,6958439.1798314657,40441.8159078903,0.1963329758
1,210.0000000000,3,6958432.9091468202,40437.9783371463,0.1963329758
1,210.0000000000,3,6958426.7470571948,40433.9687129012,0.1963329758
1,210.0000000000,3,6958420.6864054091,40429.8073507358,0.1963329758
1,210.0000000000,3,6958414.7194093652,40425.5127735331,0.1963329758
1,210.0000000000,3,6958408.8380571129,40421.1016363983,0.1963329758
1,210.0000000000,3,6958403.0344061581,40416.5887580780,0.1963329758
1,210.0000000000,3,6958397.3007960543,40411.9872202579,0.1963329758
1,210.0000000000,3,6958391.6299884096,40407.3085050725,0.1963329758
1,210.0000000000,3,6958386.0152497459,40402.5626495258,0.1963329758
1,210.0000000000,3,6958380.4503915496,40397.7584026137,0.1963329758
1,210.0000000000,3,6958374.9297796730,40392.9033763893,0.1963329758
1,210.0000000000,3,6958369.4483227851,40388.0041860969,0.1963329758
1,210.0000000000,3,6958364.0014472874,40383.0665771162,0.1963329758
1,210.0000000000,3,6958358.5850641420,40378.0955381146,0.1963329758
1,210.0000000000,3,6958353.1955315163,40373.0954007950,0.1963329758
1,210.0000000000,3,6958347.8296159450,40368.0699271644,0.1963329758
1,210.0000000000,3,6958342.4844538132,40363.0223854939,0.1963329758
1,210.0000000000,3,6958337.1575143309,40357.9556162187,0.1963329758
1,210.0000000000,3,6958331.8465646934,40352.8720889905,0.1963329758
1,210.0000000000,3,6958326.5496377982,40347.7739520169,0.1963329758
1,210.0000000000,3,6958321.2650026865,40342.6630747080,0.1963329758
1,210.0000000000,3,6958315.9911377057,40337.5410845380,0.1963329758
1,210.0000000000,3,6958310.7267063204,40332.4093989160,0.1963329758
1,210.0000000000,3,6958305.4705354162,40327.2692527544,0.1963329758
1,210.0000000000,3,6958300.2215959346,40322.1217223319,0.1963329758
1,210.0000000000,3,6958294.9789856384,40316.9677459625,0.1963329758
1,210.0000000000,3,6958289.7419138253,40311.8081419115,0.1963329758
1,210.0000000000,3,6958284.5096877962,40306.6436239363,0.1963329758
1,210.0000000000,3,6958279.2817008989,40301.4748147762,0.1963329758
1,210.0000000000,3,6958274.0574219832,40296.3022578703,0.1963329758
1,210.0000000000,3,6958268.8363861134,40291.1264275423,0.1963329758
1,210.0000000000,3,6958263.6181863965,40285.9477378575,0.1963329758
1,210.0000000000,3,6958258.4024667973,40280.7665503302,0.1963329758
1,210.0000000000,3,6958253.1889158264,40275.5831806336,0.1963329758
1,210.0000000000,3,6958247.9772610059,40270.3979044433,0.1963329758
1,210.0000000000,3,6958242.7672640085,40265.2109625295,0.1963329758
1,210.0000000000,3,6958237.5587163959,40260.0225651946,0.1963329758
1,210.0000000000,3,6958232.3514358895,40254.8328961432,0.1963329758
1,210.0000000000,3,6958227.1452630963,40249.6421158568,0.1963329758
1,210.0000000000,3,6958221.9400586449,40244.4503645379,0.1963329758
1,210.0000000000,3,6958216.7357006790,40239.2577646789,0.1963329758
1,210.0000000000,3,6958211.5320826592,40234.0644233041,0.1963329758
1,210.0000000000,3,6958206.3291114420,40228.8704339269,0.1963329758
1,210.0000000000,3,6958201.1267056009,40223.6758782582,0.1963329758
1,210.0000000000,3,6958195.9247939512,40218.4808276981,0.1963329758
1,210.0000000000,3,6958190.7233142657,40213.2853446391,0.1963329758
1,210.0000000000,3,6958185.5222121486,40208.0894836031,0.1963329758
1,210.0000000000,3,6958180.3214400513,40202.8932922359,0.1963329758
1,210.0000000000,3,6958175.1209564097,40197.6968121746,0.1963329758
1,210.0000000000,3,6958169.9207248930,40192.5000798066,0.1963329758
1,210.0000000000,3,6958164.7207137449,40187.3031269312,0.1963329758
1,210.0000000000,3,6958159.5208952073,40182.1059813389,0.1963329758
1,210.0000000000,3,6958154.3212450184,40176.9086673170,0.1963329758
1,210.0000000000,3,6958149.1217419710,40171.7112060912,0.1963329758
1,210.0000000000,3,6958143.9223675299,40166.5136162119,0.1963329758
1,210.0000000000,3,6958138.7231054939,40161.3159138915,0.1963329758
1,210.0000000000,3,6958133.5239417022,40156.1181132990,0.1963329758
1,210.0000000000,3,6958128.3248637784,40150.9202268177,0.1963329758
1,210.0000000000,3,6958123.1258609043,40145.7222652703,0.1963329758
1,210.0000000000,3,6958117.9269236252,40140.5242381157,0.1963329758
1,210.0000000000,3,6958112.7280436764,40135.3261536207,0.1963329758
1,210.0000000000,3,6958107.5292138364,40130.1280190106,0.1963329758
1,210.0000000000,3,6958102.3304277910,40124.9298405998,0.1963329758
1,210.0000000000,3,6958097.1316800229,40119.7316239075,0.1963329758
1,210.0000000000,3,6958091.9329657098,40114.5333737571,0.1963329758
1,210.0000000000,3,6958086.7342806365,40109.3350943643,0.1963329758
1,210.0000000000,3,6958081.5356211197,40104.1367894137,0.1963329758
1,210.0000000000,3,6958076.3369839387,40098.9384621255,0.1963329758
1,210.0000000000,3,6958071.1383662801,40093.7401153143,0.1963329758
1,210.0000000000,3,6958065.9397656834,40088.5417514400,0.1963329758
1,210.0000000000,3,6958060.7411799990,40083.3433726524,0.1963329758
1,210.0000000000,3,6958055.5426073484,40078.1449808306,0.1963329758
1,210.0000000000,3,6958050.3440460898,40072.9465776168,0.1963329758
1,210.0000000000,3,6958045.1454947870,40067.7481644464,0.1963329758
1,210.0000000000,3,6958039.9469521865,40062.5497425740,0.1963329758
1,210.0000000000,3,6958034.7484171912,40057.3513130958,0.1963329758
1,210.0000000000,3,6958029.5498888437,40052.1528769703,0.1963329758
1,210.0000000000,3,6958024.3513663057,40046.9544350349,0.1963329758
1,210.0000000000,3,6958019.1528488453,40041.7559880218,0.1963329758
1,210.0000000000,3,6958013.9543358227,40036.5575365706,0.1963329758
1,210.0000000000,3,6958008.7558266791,40031.3590812405,0.1963329758
1,210.0000000000,3,6958003.5573209254,40026.1606225204,0.1963329758
1,210.0000000000,3,6957998.3588181352,40020.9621608372,0.1963329758
1,210.0000000000,3,6957993.1603179341,40015.7636965643,0.1963329758
1,210.0000000000,3,6957987.9618199971,40010.5652300280,0.1963329758
1,210.0000000000,3,6957982.7633240381,40005.3667615136,0.1963329758
1,210.0000000000,3,6957977.5648298077,40000.1682912702,0.1963329758
1,210.0000000000,3,6957972.3663370889,39994.9698195157,0.1963329758
1,210.0000000000,3,6957967.1678456906,39989.7713464404,0.1963329758
1,210.0000000000,3,6957961.9693554463,39984.5728722109,0.1963329758
1,210.0000000000,3,6957956.7708662106,39979.3743969725,0.1963329758
1,210.0000000000,3,6957951.5723778568,39974.1759208523,0.1963329758
1,210.0000000000,3,6957946.3738902742,39968.9774439614,0.1963329758
1,210.0000000000,3,6957941.1754033649,39963.7789663970,0.1963329758
1,210.0000000000,3,6957935.9769170443,39958.5804882438,0.1963329758
1,210.0000000000,3,6957930.7784312386,39953.3820095761,0.1963329758
1,210.0000000000,3,6957925.5799458819,39948.1835304587,0.1963329758
1,210.0000000000,3,6957920.3814609181,39942.9850509483,0.1963329758
1,210.0000000000,3,6957915.1829762980,39937.7865710944,0.1963329758
1,210.0000000000,3,6957909.9844919788,39932.5880909402,0.1963329758
1,210.0000000000,3,6957904.7860079212,39927.3896105235,0.1963329758
1,210.0000000000,3,6957899.5875240937,39922.1911298776,0.1963329758
1,210.0000000000,3,6957894.3890404664,39916.9926490311,0.1963329758
1,210.0000000000,3,6957889.1905570142,39911.7941680095,0.1963329758
1,210.0000000000,3,6957883.9920737147,39906.5956868348,0.1963329758
1,210.0000000000,3,6957878.7935905494,39901.3972055263,0.1963329758
1,210.0000000000,3,6957873.5951075014,39896.1987241007,0.1963329758
1,210.0000000000,3,6957868.3966245558,39891.0002425729,0.1963329758
1,210.0000000000,3,6957863.1981416987,39885.8017609558,0.1963329758
1,210.0000000000,3,6957857.9996589199,39880.6032792607,0.1963329758
1,210.0000000000,3,6957852.8011762099,39875.4047974972,0.1963329758
1,210.0000000000,3,6957847.6026935596,39870.2063156741,0.1963329758
1,210.0000000000,3,6957842.4042109614,39865.0078337989,0.1963329758
1,210.0000000000,3,6957837.2057284089,39859.8093518781,0.1963329758
1,210.0000000000,3,6957832.0072458955,39854.6108699175,0.1963329758
1,210.0000000000,4,6958463.4233057909,40457.7426623988,0.2032743082
1,210.0000000000,4,6958458.6610706281,40452.1418096615,0.2032743082
1,210.0000000000,4,6958451.4362923736,40450.7812897953,0.2032743082
1,210.0000000000,4,6958444.2920252383,40449.0469650764,0.2032743082
1,210.0000000000,4,6958437.2359261280,40446.9830124413,0.2032743082
1,210.0000000000,4,6958430.2808214054,40444.6007963659,0.2032743082
1,210.0000000000,4,6958423.4365753774,40441.9166332857,0.2032743082
1,210.0000000000,4,6958416.7098200964,40438.9502889830,0.2032743082
1,210.0000000000,4,6958410.1038613785,40435.7238754088,0.2032743082
1,210.0000000000,4,6958403.6188790100,40432.2607209486,0.2032743082
1,210.0000000000,4,6958397.2523473017,40428.5843492118,0.2032743082
1,210.0000000000,4,6958390.9995816601,40424.7176507531,0.2032743082
1,210.0000000000,4,6958384.8543209499,40420.6822813852,0.2032743082
1,210.0000000000,4,6958378.8092764383,40416.4982794753,0.2032743082
1,210.0000000000,4,6958372.8566049151,40412.1838691013,0.2032743082
1,210.0000000000,4,6958366.9882878121,40407.7554055407,0.2032743082
1,210.0000000000,4,6958361.1964157512,40403.2274199885,0.2032743082
1,210.0000000000,4,6958355.4733884288,40398.6127267805,0.2032743082
1,210.0000000000,4,6958349.8120443942,40393.9225648580,0.2032743082
1,210.0000000000,4,6958344.2057360988,40389.1667534199,0.2032743082
1,210.0000000000,4,6958338.6483642580,40384.3538485428,0.2032743082
1,210.0000000000,4,6958333.1343832873,40379.4912927346,0.2032743082
1,210.0000000000,4,6958327.6587871341,40374.5855530452,0.2032743082
1,210.0000000000,4,6958322.2170825666,40369.6422457987,0.2032743082
1,210.0000000000,4,6958316.8052551020,40364.6662475444,0.2032743082
1,210.0000000000,4,6958311.4197312556,40359.6617927250,0.2032743082
1,210.0000000000,4,6958306.0573396534,40354.6325590420,0.2032743082
1,210.0000000000,4,6958300.7152726902,40349.5817417129,0.2032743082
1,210.0000000000,4,6958295.3910498181,40344.5121178668,0.2032743082
1,210.0000000000,4,6958290.0824830988,40339.4261022824,0.2032743082
1,210.0000000000,4,6958284.7876453567,40334.3257955836,0.2032743082
1,210.0000000000,4,6958279.5048410567,40329.2130258975,0.2032743082
1,210.0000000000,4,6958274.2325799027,40324.0893848619,0.2032743082
1,210.0000000000,4,6958268.9695530599,40318.9562587595,0.2032743082
1,210.0000000000,4,6958263.7146118451,40313.8148554527,0.2032743082
1,210.0000000000,4,6958258.4667487191,40308.6662276996,0.2032743082
1,210.0000000000,4,6958253.2250803774,40303.5112933519,0.2032743082
1,210.0000000000,4,6958247.9888327597,40298.3508528648,0.2032743082
1,210.0000000000,4,6958242.7573277820,40293.1856044873,0.2032743082
1,210.0000000000,4,6958237.5299716191,40288.0161574489,0.2032743082
1,210.0000000000,4,6958232.3062443743,40282.8430434156,0.2032743082
1,210.0000000000,4,6958227.0856909761,40277.6667264479,0.2032743082
1,210.0000000000,4,6958221.8679131763,40272.4876116617,0.2032743082
1,210.0000000000,4,6958216.6525625130,40267.3060527656,0.2032743082
1,210.0000000000,4,6958211.4393341308,40262.1223586224,0.2032743082
1,210.0000000000,4,6958206.2279613586,40256.9367989650,0.2032743082
1,210.0000000000,4,6958201.0182109512,40251.7496093765,0.2032743082
1,210.0000000000,4,6958195.8098789202,40246.5609956318,0.2032743082
1,210.0000000000,4,6958190.6027868791,40241.3711374824,0.2032743082
1,210.0000000000,4,6958185.3967788406,40236.1801919579,0.2032743082
1,210.0000000000,4,6958180.1917184126,40230.9882962464,0.2032743082
1,210.0000000000,4,6958174.9874863438,40225.7955702078,0.2032743082
1,210.0000000000,4,6958169.7839783747,40220.6021185669,0.2032743082
1,210.0000000000,4,6958164.5811033547,40215.4080328284,0.2032743082
1,210.0000000000,4,6958159.3787815990,40210.2133929484,0.2032743082
1,210.0000000000,4,6958154.1769434474,40205.0182687942,0.2032743082
1,210.0000000000,4,6958148.9755280055,40199.8227214188,0.2032743082
1,210.0000000000,4,6958143.7744820416,40194.6268041740,0.2032743082
1,210.0000000000,4,6958138.5737590250,40189.4305636831,0.2032743082
1,210.0000000000,4,6958133.3733182829,40184.2340406900,0.2032743082
1,210.0000000000,4,6958128.1731242621,40179.0372708010,0.2032743082
1,210.0000000000,4,6958122.9731458863,40173.8402851335,0.2032743082
1,210.0000000000,4,6958117.7733559934,40168.6431108818,0.2032743082
1,210.0000000000,4,6958112.5737308403,40163.4457718122,0.2032743082
1,210.0000000000,4,6958107.3742496753,40158.2482886952,0.2032743082
1,210.0000000000,4,6958102.1748943599,40153.0506796834,0.2032743082
1,210.0000000000,4,6958096.9756490402,40147.8529606414,0.2032743082
1,210.0000000000,4,6958091.7764998591,40142.6551454343,0.2032743082
1,210.0000000000,4,6958086.5774347046,40137.4572461800,0.2032743082
1,210.0000000000,4,6958081.3784429915,40132.2592734691,0.2032743082
1,210.0000000000,4,6958076.1795154670,40127.0612365576,0.2032743082
1,210.0000000000,4,6958070.9806440445,40121.8631435351,0.2032743082
1,210.0000000000,4,6958065.7818216560,40116.6650014719,0.2032743082
1,210.0000000000,4,6958060.5830421243,40111.4668165472,0.2032743082
1,210.0000000000,4,6958055.3843000494,40106.2685941617,0.2032743082
1,210.0000000000,4,6958050.1855907114,40101.0703390355,0.2032743082
1,210.0000000000,4,6958044.9869099865,40095.8720552938,0.2032743082
1,210.0000000000,4,6958039.7882542703,40090.6737465424,0.2032743082
1,210.0000000000,4,6958034.5896204114,40085.4754159322,0.2032743082
1,210.0000000000,4,6958029.3910056558,40080.2770662176,0.2032743082
1,210.0000000000,4,6958024.1924075969,40075.0786998056,0.2032743082
1,210.0000000000,4,6958018.9938241309,40069.8803188002,0.2032743082
1,210.0000000000,4,6958013.7952534184,40064.6819250399,0.2032743082
1,210.0000000000,4,6958008.5966938538,40059.4835201320,0.2032743082
1,210.0000000000,4,6958003.3981440319,40054.2851054810,0.2032743082
1,210.0000000000,4,6957998.1996027250,40049.0866823144,0.2032743082
1,210.0000000000,4,6957993.0010688612,40043.8882517051,0.2032743082
1,210.0000000000,4,6957987.8025415018,40038.6898145910,0.2032743082
1,210.0000000000,4,6957982.6040198281,40033.4913717917,0.2032743082
1,210.0000000000,4,6957977.4055031231,40028.2929240233,0.2032743082
1,210.0000000000,4,6957972.2069907608,40023.0944719122,0.2032743082
1,210.0000000000,4,6957967.0084821936,40017.8960160053,0.2032743082
1,210.0000000000,4,6957961.8099769447,40012.6975567810,0.2032743082
1,210.0000000000,4,6957956.6114745950,40007.4990946571,0.2032743082
1,210.0000000000,4,6957951.4129747795,40002.3006299992,0.2032743082
1,210.0000000000,4,6957946.2144771786,39997.1021631264,0.2032743082
1,210.0000000000,4,6957941.0159815131,39991.9036943178,0.2032743082
1,210.0000000000,4,6957935.8174875397,39986.7052238173,0.2032743082
1,210.0000000000,4,6957930.6189950453,39981.5067518380,0.2032743082
1,210.0000000000,4,6957925.4205038436,39976.3082785664,0.2032743082
1,210.0000000000,4,6957920.2220137715,39971.1098041651,0.2032743082
1,210.0000000000,4,6957915.0235246867,39965.9113287766,0.2032743082
1,210.0000000000,4,6957909.8250364643,39960.7128525253,0.2032743082
1,210.0000000000,4,6957904.6265489962,39955.5143755199,0.2032743082
1,210.0000000000,4,6957899.4280621866,39950.3158978553,0.2032743082
1,210.0000000000,4,6957894.2295759534,39945.1174196147,0.2032743082
1,210.0000000000,4,6957889.0310902242,39939.9189408705,0.2032743082
1,210.0000000000,4,6957883.8326049345,39934.7204616863,0.2032743082
1,210.0000000000,4,6957878.6341200294,39929.5219821174,0.2032743082
1,210.0000000000,4,6957873.4356354605,39924.3235022124,0.2032743082
1,210.0000000000,4,6957868.2371511860,39919.1250220136,0.2032743082
1,210.0000000000,4,6957863.0386671675,39913.9265415580,0.2032743082
1,210.0000000000,4,6957857.8401833735,39908.7280608779,0.2032743082
1,210.0000000000,4,6957852.6416997761,39903.5295800017,0.2032743082
1,210.0000000000,4,6957847.4432163499,39898.3310989541,0.2032743082
1,210.0000000000,4,6957842.2447330737,39893.1326177566,0.2032743082
1,210.0000000000,4,6957837.0462499289,39887.9341364281,0.2032743082
1,210.0000000000,4,6957831.8477668976,39882.7356549852,0.2032743082
1,210.0000000000,4,6957826.6492839670,39877.5371734423,0.2032743082
1,210.0000000000,4,6957821.4508011239,39872.3386918120,0.2032743082
1,215.0000000000,0,6958439.2080277018,40429.1553867000,0.1962908837
1,215.0000000000,0,6958434.3095328724,40423.4024688933,0.1962908837
1,215.0000000000,0,6958432.8075578818,40415.9973769958,0.1962908837
1,215.0000000000,0,6958430.9282807922,40408.6789323179,0.1962908837
1,215.0000000000,0,6958428.7026129169,40401.4582870981,0.1962908837
1,215.0000000000,0,6958426.1448175265,40394.3485052714,0.1962908837
1,215.0000000000,0,6958423.2740473049,40387.3592282546,0.1962908837
1,215.0000000000,0,6958420.1129395301,40380.4963780801,0.1962908837
1,215.0000000000,0,6958416.6863052193,40373.7621749216,0.1962908837
1,215.0000000000,0,6958413.0198510429,40367.1554791774,0.1962908837
1,215.0000000000,0,6958409.1390765859,40360.6723545838,0.1962908837
1,215.0000000000,0,6958405.0684256684,40354.3067347401,0.1962908837
1,215.0000000000,0,6958400.8307095338,40348.0510911404,0.1962908837
1,215.0000000000,0,6958396.4467757633,40341.8970323516,0.1962908837
1,215.0000000000,0,6958391.9353738446,40335.8357975259,0.1962908837
1,215.0000000000,0,6958387.3131627254,40329.8586343814,0.1962908837
1,215.0000000000,0,6958382.5948109152,40323.9570692434,0.1962908837
1,215.0000000000,0,6958377.7931497730,40318.1230855997,0.1962908837
1,215.0000000000,0,6958372.9193514418,40312.3492303274,0.1962908837
1,215.0000000000,0,6958367.9831123333,40306.6286658143,0.1962908837
1,215.0000000000,0,6958362.9928304004,40300.9551835400,0.1962908837
1,215.0000000000,0,6958357.9557696590,40295.3231915325,0.1962908837
1,215.0000000000,0,6958352.8782089334,40289.7276851248,0.1962908837
1,215.0000000000,0,6958347.7655739915,40284.1642079000,0.1962908837
1,215.0000000000,0,6958342.6225535376,40278.6288076895,0.1962908837
1,215.0000000000,0,6958337.4532002164,40273.1179909509,0.1962908837
1,215.0000000000,0,6958332.2610181002,40267.6286777193,0.1962908837
1,215.0000000000,0,6958327.0490382016,40262.1581585100,0.1962908837
1,215.0000000000,0,6958321.8198835263,40256.7040539765,0.1962908837
1,215.0000000000,0,6958316.5758250440,40251.2642777387,0.1962908837
1,215.0000000000,0,6958311.3188298335,40245.8370025253,0.1962908837
1,215.0000000000,0,6958306.0506024919,40240.4206296096,0.1962908837
1,215.0000000000,0,6958300.7726207664,40235.0137614045,0.1962908837
1,215.0000000000,0,6958295.4861662313,40229.6151770220,0.1962908837
1,215.0000000000,0,6958290.1923507201,40224.2238105701,0.1962908837
1,215.0000000000,0,6958284.8921391126,40218.8387319453,0.1962908837
1,215.0000000000,0,6958279.5863689966,40213.4591298817,0.1962908837
1,215.0000000000,0,6958274.2757676514,40208.0842970255,0.1962908837
1,215.0000000000,0,6958268.9609667165,40202.7136168168,0.1962908837
1,215.0000000000,0,6958263.6425148826,40197.3465519787,0.1962908837
1,215.0000000000,0,6958258.3208888713,40191.9826344287,0.1962908837
1,215.0000000000,0,6958252.9965029415,40186.6214564474,0.1962908837
1,215.0000000000,0,6958247.6697171219,40181.2626629534,0.1962908837
1,215.0000000000,0,6958242.3408443518,40175.9059447528,0.1962908837
1,215.0000000000,0,6958237.0101566687,40170.5510326422,0.1962908837
1,215.0000000000,0,6958231.6778905783,40165.1976922620,0.1962908837
1,215.0000000000,0,6958226.3442517119,40159.8457196051,0.1962908837
1,215.0000000000,0,6958221.0094188685,40154.4949371005,0.1962908837
1,215.0000000000,0,6958215.6735475278,40149.1451901982,0.1962908837
1,215.0000000000,0,6958210.3367729001,40143.7963443925,0.1962908837
1,215.0000000000,0,6958204.9992125724,40138.4482826290,0.1962908837
1,215.0000000000,0,6958199.6609688103,40133.1009030444,0.1962908837
1,215.0000000000,0,6958194.3221305599,40127.7541169990,0.1962908837
1,215.0000000000,0,6958188.9827751815,40122.4078473626,0.1962908837
1,215.0000000000,0,6958183.6429699641,40117.0620270216,0.1962908837
1,215.0000000000,0,6958178.3027734347,40111.7165975802,0.1962908837
1,215.0000000000,0,6958172.9622365041,40106.3715082289,0.1962908837
1,215.0000000000,0,6958167.6214034557,40101.0267147598,0.1962908837
1,215.0000000000,0,6958162.2803128101,40095.6821787094,0.1962908837
1,215.0000000000,0,6958156.9389980752,40090.3378666130,0.1962908837
1,215.0000000000,0,6958151.5974883996,40084.9937493552,0.1962908837
1,215.0000000000,0,6958146.2558091395,40079.6498016046,0.1962908837
1,215.0000000000,0,6958140.9139823513,40074.3060013229,0.1962908837
1,215.0000000000,0,6958135.5720272241,40068.9623293363,0.1962908837
1,215.0000000000,0,6958130.2299604490,40063.6187689639,0.1962908837
1,215.0000000000,0,6958124.8877965473,40058.2753056930,0.1962908837
1,215.0000000000,0,6958119.5455481503,40052.9319268980,0.1962908837
1,215.0000000000,0,6958114.2032262469,40047.5886215946,0.1962908837
1,215.0000000000,0,6958108.8608403970,40042.2453802269,0.1962908837
1,215.0000000000,0,6958103.5183989173,40036.9021944810,0.1962908837
1,215.0000000000,0,6958098.1759090414,40031.5590571244,0.1962908837
1,215.0000000000,0,6958092.8333770642,40026.2159618650,0.1962908837
1,215.0000000000,0,6958087.4908084599,40020.8729032285,0.1962908837
1,215.0000000000,0,6958082.1482079923,40015.5298764528,0.1962908837
1,215.0000000000,0,6958076.8055798048,40010.1868773947,0.1962908837
1,215.0000000000,0,6958071.4629275026,40004.8439024501,0.1962908837
1,215.0000000000,0,6958066.1202542214,39999.5009484831,0.1962908837
1,215.0000000000,0,6958060.7775626890,39994.1580127660,0.1962908837
1,215.0000000000,0,6958055.4348552795,39988.8150929256,0.1962908837
1,215.0000000000,0,6958050.0921340575,39983.4721868973,0.1962908837
1,215.0000000000,0,6958044.7494008197,39978.1292928849,0.1962908837
1,215.0000000000,0,6958039.4066571277,39972.7864093260,0.1962908837
1,215.0000000000,0,6958034.0639043413,39967.4435348612,0.1962908837
1,215.0000000000,0,6958028.7211436434,39962.1006683079,0.1962908837
1,215.0000000000,0,6958023.3783760630,39956.7578086372,0.1962908837
1,215.0000000000,0,6958018.0356024941,39951.4149549543,0.1962908837
1,215.0000000000,0,6958012.6928237164,39946.0721064804,0.1962908837
1,215.0000000000,0,6958007.3500404069,39940.7292625381,0.1962908837
1,215.0000000000,0,6958002.0072531551,39935.3864225382,0.1962908837
1,215.0000000000,0,6957996.6644624732,39930.0435859680,0.1962908837
1,215.0000000000,0,6957991.3216688083,39924.7007523814,0.1962908837
1,215.0000000000,0,6957985.9788725479,39919.3579213906,0.1962908837
1,215.0000000000,0,6957980.6360740289,39914.0150926579,0.1962908837
1,215.0000000000,0,6957975.2932735449,39908.6722658897,0.1962908837
1,215.0000000000,0,6957969.9504713519,39903.3294408305,0.1962908837
1,215.0000000000,0,6957964.6076676724,39897.9866172581,0.1962908837
1,215.0000000000,0,6957959.2648626994,39892.6437949792,0.1962908837
1,215.0000000000,0,6957953.9220566014,39887.3009738255,0.1962908837
1,215.0000000000,0,6957948.5792495245,39881.9581536507,0.1962908837
1,215.0000000000,0,6957943.2364415955,39876.6153343275,0.1962908837
1,215.0000000000,0,6957937.8936329260,39871.2725157452,0.1962908837
1,215.0000000000,0,6957932.5508236121,39865.9296978074,0.1962908837
1,215.0000000000,0,6957927.2080137376,39860.5868804303,0.1962908837
1,215.0000000000,0,6957921.8652033750,39855.2440635411,0.1962908837
1,215.0000000000,0,6957916.5223925877,39849.9012470762,0.1962908837
1,215.0000000000,0,6957911.1795814317,39844.5584309805,0.1962908837
1,215.0000000000,0,6957905.8367699543,39839.2156152060,0.1962908837
1,215.0000000000,0,6957900.4939581975,39833.8727997109,0.1962908837
1,215.0000000000,0,6957895.1511461977,39828.5299844588,0.1962908837
1,215.0000000000,0,6957889.8083339864,39823.1871694182,0.1962908837
1,215.0000000000,0,6957884.4655215917,39817.8443545616,0.1962908837
1,215.0000000000,0,6957879.1227090368,39812.5015398650,0.1962908837
1,215.0000000000,0,6957873.7798963422,39807.1587253076,0.1962908837
1,215.0000000000,0,6957868.4370835265,39801.8159108714,0.1962908837
1,215.0000000000,0,6957863.0942706056,39796.4730965406,0.1962908837
1,215.0000000000,0,6957857.7514575934,39791.1302823015,0.1962908837
1,215.0000000000,0,6957852.4086445011,39785.7874681420,0.1962908837
1,215.0000000000,0,6957847.0658313390,39780.4446540520,0.1962908837
1,215.0000000000,0,6957841.7230181172,39775.1018400224,0.1962908837
1,215.0000000000,0,6957836.3802048424,39769.7590260452,0.1962908837
1,215.0000000000,1,6958439.2080277018,40429.1553867000,0.2020513315
1,215.0000000000,1,6958434.3095328724,40423.4024688933,0.2020513315
1,215.0000000000,1,6958430.8704891764,40416.6745945380,0.2020513315
1,215.0000000000,1,6958427.2352868980,40410.0506516578,0.2020513315
1,215.0000000000,1,6958423.3833403811,40403.5503575944,0.2020513315
1,215.0000000000,1,6958419.3381730113,40397.1685133600,0.2020513315
1,215.0000000000,1,6958415.1228221124,40390.8977772244,0.2020513315
1,215.0000000000,1,6958410.7584248036,40384.7298479925,0.2020513315
1,215.0000000000,1,6958406.2640301967,40378.6559915570,0.2020513315
1,215.0000000000,1,6958401.6565891467,40372.6674356502,0.2020513315
1,215.0000000000,1,6958396.9510438535,40366.7556543305,0.2020513315
1,215.0000000000,1,6958392.1604755903,40360.9125583537,0.2020513315
1,215.0000000000,1,6958387.2962805014,40355.1306104966,0.2020513315
1,215.0000000000,1,6958382.3683531648,40349.4028843297,0.2020513315
1,215.0000000000,1,6958377.3852652367,40343.7230824331,0.2020513315
1,215.0000000000,1,6958372.3544320362,40338.0855269172,0.2020513315
1,215.0000000000,1,6958367.2822636142,40332.4851320753,0.2020513315
1,215.0000000000,1,6958362.1742992392,40326.9173663812,0.2020513315
1,215.0000000000,1,6958357.0353256157,40321.3782089560,0.2020513315
1,215.0000000000,1,6958351.8694799319,40315.8641040196,0.2020513315
1,215.0000000000,1,6958346.6803391632,40310.3719156613,0.2020513315
1,215.0000000000,1,6958341.4709971938,40304.8988844051,0.2020513315
1,215.0000000000,1,6958336.2441312633,40299.4425864456,0.2020513315
1,215.0000000000,1,6958331.0020591440,40294.0008960117,0.2020513315
1,215.0000000000,1,6958325.7467883267,40288.5719510387,0.2020513315
1,215.0000000000,1,6958320.4800583227,40283.1541221425,0.2020513315
1,215.0000000000,1,6958315.2033770625,40277.7459847778,0.2020513315
1,215.0000000000,1,6958309.9180522282,40272.3462943910,0.2020513315
1,215.0000000000,1,6958304.6252182480,40266.9539643432,0.2020513315
1,215.0000000000,1,6958299.3258595690,40261.5680463642,0.2020513315
1,215.0000000000,1,6958294.0208307328,40256.1877132954,0.2020513315
1,215.0000000000,1,6958288.7108737119,40250.8122438913,0.2020513315
1,215.0000000000,1,6958283.3966328874,40245.4410094575,0.2020513315
1,215.0000000000,1,6958278.0786680039,40240.0734621237,0.2020513315
1,215.0000000000,1,6958272.7574653737,40234.7091245639,0.2020513315
1,215.0000000000,1,6958267.4334475808,40229.3475809962,0.2020513315
1,215.0000000000,1,6958262.1069818838,40223.9884693100,0.2020513315
1,215.0000000000,1,6958256.7783875000,40218.6314741840,0.2020513315
1,215.0000000000,1,6958251.4479419207,40213.2763210758,0.2020513315
1,215.0000000000,1,6958246.1158863893,40207.9227709740,0.2020513315
1,215.0000000000,1,6958240.7824306535,40202.5706158201,0.2020513315
1,215.0000000000,1,6958235.4477570904,40197.2196745144,0.2020513315
1,215.0000000000,1,6958230.1120242905,40191.8697894342,0.2020513315
1,215.0000000000,1,6958224.7753701666,40186.5208233987,0.2020513315
1,215.0000000000,1,6958219.4379146574,40181.1726570245,0.2020513315
1,215.0000000000,1,6958214.0997620719,40175.8251864210,0.2020513315
1,215.0000000000,1,6958208.7610031320,40170.4783211840,0.2020513315
1,215.0000000000,1,6958203.4217167441,40165.1319826473,0.2020513315
1,215.0000000000,1,6958198.0819715401,40159.7861023608,0.2020513315
1,215.0000000000,1,6958192.7418272169,40154.4406207654,0.2020513315
1,215.0000000000,1,6958187.4013357004,40149.0954860392,0.2020513315
1,215.0000000000,1,6958182.0605421579,40143.7506530937,0.2020513315
1,215.0000000000,1,6958176.7194858789,40138.4060826988,0.2020513315
1,215.0000000000,1,6958171.3782010404,40133.0617407228,0.2020513315
1,215.0000000000,1,6958166.0367173729,40127.7175974699,0.2020513315
1,215.0000000000,1,6958160.6950607374,40122.3736271039,0.2020513315
1,215.0000000000,1,6958155.3532536319,40117.0298071472,0.2020513315
1,215.0000000000,1,6958150.0113156270,40111.6861180438,0.2020513315
1,215.0000000000,1,6958144.6692637475,40106.3425427801,0.2020513315
1,215.0000000000,1,6958139.3271128042,40100.9990665542,0.2020513315
1,215.0000000000,1,6958133.9848756799,40095.6556764886,0.2020513315
1,215.0000000000,1,6958128.6425635833,40090.3123613802,0.2020513315
1,215.0000000000,1,6958123.3001862653,40084.9691114824,0.2020513315
1,215.0000000000,1,6958117.9577522073,40079.6259183156,0.2020513315
1,215.0000000000,1,6958112.6152687883,40074.2827745031,0.2020513315
1,215.0000000000,1,6958107.2727424279,40068.9396736272,0.2020513315
1,215.0000000000,1,6958101.9301787103,40063.5966101046,0.2020513315
1,215.0000000000,1,6958096.5875824941,40058.2535790781,0.2020513315
1,215.0000000000,1,6958091.2449580049,40052.9105763221,0.2020513315
1,215.0000000000,1,6958085.9023089204,40047.5675981603,0.2020513315
1,215.0000000000,1,6958080.5596384378,40042.2246413946,0.2020513315
1,215.0000000000,1,6958075.2169493409,40036.8817032427,0.2020513315
1,215.0000000000,1,6958069.8742440501,40031.5387812841,0.2020513315
1,215.0000000000,1,6958064.5315246712,40026.1958734131,0.2020513315
1,215.0000000000,1,6958059.1887930362,40020.8529777977,0.2020513315
1,215.0000000000,1,6958053.8460507384,40015.5100928442,0.2020513315
1,215.0000000000,1,6958048.5032991655,40010.1672171661,0.2020513315
1,215.0000000000,1,6958043.1605395228,40004.8243495573,0.2020513315
1,215.0000000000,1,6958037.8177728606,39999.4814889685,0.2020513315
1,215.0000000000,1,6958032.4750000909,39994.1386344867,0.2020513315
1,215.0000000000,1,6958027.1322220080,39988.7957853178,0.2020513315
1,215.0000000000,1,6958021.7894393029,39983.4529407710,0.2020513315
1,215.0000000000,1,6958016.4466525773,39978.1101002451,0.2020513315
1,215.0000000000,1,6958011.1038623536,39972.7672632173,0.2020513315
1,215.0000000000,1,6958005.7610690864,39967.4244292327,0.2020513315
1,215.0000000000,1,6958000.4182731714,39962.0815978956,0.2020513315
1,215.0000000000,1,6957995.0754749533,39956.7387688616,0.2020513315
1,215.0000000000,1,6957989.7326747319,39951.3959418313,0.2020513315
1,215.0000000000,1,6957984.3898727670,39946.0531165441,0.2020513315
1,215.0000000000,1,6957979.0470692860,39940.7102927733,0.2020513315
1,215.0000000000,1,6957973.7042644862,39935.3674703218,0.2020513315
1,215.0000000000,1,6957968.3614585381,39930.0246490179,0.2020513315
1,215.0000000000,1,6957963.0186515916,39924.6818287125,0.2020513315
1,215.0000000000,1,6957957.6758437762,39919.3390092758,0.2020513315
1,215.0000000000,1,6957952.3330352055,39913.9961905946,0.2020513315
1,215.0000000000,1,6957946.9902259773,39908.6533725709,0.2020513315
1,215.0000000000,1,6957941.6474161772,39903.3105551190,0.2020513315
1,215.0000000000,1,6957936.3046058798,39897.9677381646,0.2020513315
1,215.0000000000,1,6957930.9617951494,39892.6249216431,0.2020513315
1,215.0000000000,1,6957925.6189840427,39887.2821054981,0.2020513315
1,215.0000000000,1,6957920.2761726081,39881.9392896807,0.2020513315
1,215.0000000000,1,6957914.9333608886,39876.5964741483,0.2020513315
1,215.0000000000,1,6957909.5905489214,39871.2536588638,0.2020513315
1,215.0000000000,1,6957904.2477367381,39865.9108437950,0.2020513315
1,215.0000000000,1,6957898.9049243676,39860.5680289138,0.2020513315
1,215.0000000000,1,6957893.5621118341,39855.2252141959,0.2020513315
1,215.0000000000,1,6957888.2192991581,39849.8823996199,0.2020513315
1,215.0000000000,1,6957882.8764863582,39844.5395851675,0.2020513315
1,215.0000000000,1,6957877.5336734513,39839.1967708226,0.2020513315
1,215.0000000000,1,6957872.1908604512,39833.8539565712,0.2020513315
1,215.0000000000,1,6957866.8480473692,39828.5111424011,0.2020513315
1,215.0000000000,1,6957861.5052342163,39823.1683283018,0.2020513315
1,215.0000000000,1,6957856.1624210021,39817.8255142640,0.2020513315
1,215.0000000000,1,6957850.8196077347,39812.4827002798,0.2020513315
1,215.0000000000,1,6957845.4767944207,39807.1398863422,0.2020513315
1,215.0000000000,1,6957840.1339810658,39801.7970724451,0.2020513315
1,215.0000000000,1,6957834.7911676755,39796.4542585833,0.2020513315
1,215.0000000000,1,6957829.4483542545,39791.1114447521,0.2020513315
1,215.0000000000,1,6957824.1055408074,39785.7686309476,0.2020513315
1,215.0000000000,1,6957818.7627273370,39780.4258171663,0.2020513315
1,215.0000000000,2,6958439.2080277018,40429.1553867000,0.1977790523
1,215.0000000000,2,6958434.3095328724,40423.4024688933,0.1977790523
1,215.0000000000,2,6958428.9296604460,40418.0969729168,0.1977790523
1,215.0000000000,2,6958423.5371547109,40412.8043179333,0.1977790523
1,215.0000000000,2,6958418.1503331326,40407.5058777699,0.1977790523
1,215.0000000000,2,6958412.7691807309,40402.2016800251,0.1977790523
1,215.0000000000,2,6958407.3929964546,40396.8924467929,0.1977790523
1,215.0000000000,2,6958402.0211395305,40391.5788352090,0.1977790523
1,215.0000000000,2,6958396.6530502597,40386.2614173713,0.1977790523
1,215.0000000000,2,6958391.2882409403,40380.9406903676,0.1977790523
1,215.0000000000,2,6958385.9262867374,40375.6170861366,0.1977790523
1,215.0000000000,2,6958380.5668176468,40370.2909800594,0.1977790523
1,215.0000000000,2,6958375.2095114663,40364.9626984070,0.1977790523
1,215.0000000000,2,6958369.8540876573,40359.6325247979,0.1977790523
1,215.0000000000,2,6958364.5003019841,40354.3007057982,0.1977790523
1,215.0000000000,2,6958359.1479418380,40348.9674557812,0.1977790523
1,215.0000000000,2,6958353.7968221558,40343.6329611448,0.1977790523
1,215.0000000000,2,6958348.4467818635,40338.2973839731,0.1977790523
1,215.0000000000,2,6958343.0976807764,40332.9608652165,0.1977790523
1,215.0000000000,2,6958337.7493968951,40327.6235274528,0.1977790523
1,215.0000000000,2,6958332.4018240515,40322.2854772879,0.1977790523
1,215.0000000000,2,6958327.0548698595,40316.9468074396,0.1977790523
1,215.0000000000,2,6958321.7084539272,40311.6075985501,0.1977790523
1,215.0000000000,2,6958316.3625063039,40306.2679207607,0.1977790523
1,215.0000000000,2,6958311.0169661241,40300.9278350809,0.1977790523
1,215.0000000000,2,6958305.6717804288,40295.5873945782,0.1977790523
1,215.0000000000,2,6958300.3269031392,40290.2466454132,0.1977790523
1,215.0000000000,2,6958294.9822941646,40284.9056277391,0.1977790523
1,215.0000000000,2,6958289.6379186250,40279.5643764839,0.1977790523
1,215.0000000000,2,6958284.2937461715,40274.2229220310,0.1977790523
1,215.0000000000,2,6958278.9497504020,40268.8812908106,0.1977790523
1,215.0000000000,2,6958273.6059083445,40263.5395058145,0.1977790523
1,215.0000000000,2,6958268.2622000137,40258.1975870434,0.1977790523
1,215.0000000000,2,6958262.9186080229,40252.8555518963,0.1977790523
1,215.0000000000,2,6958257.5751172444,40247.5134155087,0.1977790523
1,215.0000000000,2,6958252.2317145187,40242.1711910477,0.1977790523
1,215.0000000000,2,6958246.8883883962,40236.8288899676,0.1977790523
1,215.0000000000,2,6958241.5451289164,40231.4865222329,0.1977790523
1,215.0000000000,2,6958236.2019274132,40226.1440965120,0.1977790523
1,215.0000000000,2,6958230.8587763486,40220.8016203461,0.1977790523
1,215.0000000000,2,6958225.5156691633,40215.4591002953,0.1977790523
1,215.0000000000,2,6958220.1726001520,40210.1165420670,0.1977790523
1,215.0000000000,2,6958214.8295643507,40204.7739506258,0.1977790523
1,215.0000000000,2,6958209.4865574408,40199.4313302910,0.1977790523
1,215.0000000000,2,6958204.1435756655,40194.0886848200,0.1977790523
1,215.0000000000,2,6958198.8006157558,40188.7460174818,0.1977790523
1,215.0000000000,2,6958193.4576748684,40183.4033311201,0.1977790523
1,215.0000000000,2,6958188.1147505306,40178.0606282086,0.1977790523
1,215.0000000000,2,6958182.7718405891,40172.7179108995,0.1977790523
1,215.0000000000,2,6958177.4289431730,40167.3751810653,0.1977790523
1,215.0000000000,2,6958172.0860566525,40162.0324403346,0.1977790523
1,215.0000000000,2,6958166.7431796119,40156.6896901246,0.1977790523
1,215.0000000000,2,6958161.4003108172,40151.3469316678,0.1977790523
1,215.0000000000,2,6958156.0574491965,40146.0041660367,0.1977790523
1,215.0000000000,2,6958150.7145938175,40140.6613941644,0.1977790523
1,215.0000000000,2,6958145.3717438681,40135.3186168623,0.1977790523
1,215.0000000000,2,6958140.0288986424,40129.9758348367,0.1977790523
1,215.0000000000,2,6958134.6860575257,40124.6330487017,0.1977790523
1,215.0000000000,2,6958129.3432199843,40119.2902589918,0.1977790523
1,215.0000000000,2,6958124.0003855526,40113.9474661718,0.1977790523
1,215.0000000000,2,6958118.6575538265,40108.6046706463,0.1977790523
1,215.0000000000,2,6958113.3147244537,40103.2618727669,0.1977790523
1,215.0000000000,2,6958107.9718971290,40097.9190728399,0.1977790523
1,215.0000000000,2,6958102.6290715858,40092.5762711314,0.1977790523
1,215.0000000000,2,6958097.2862475924,40087.2334678732,0.1977790523
1,215.0000000000,2,6958091.9434249466,40081.8906632667,0.1977790523
1,215.0000000000,2,6958086.6006034743,40076.5478574874,0.1977790523
1,215.0000000000,2,6958081.2577830227,40071.2050506877,0.1977790523
1,215.0000000000,2,6958075.9149634587,40065.8622430003,0.1977790523
1,215.0000000000,2,6958070.5721446667,40060.5194345406,0.1977790523
1,215.0000000000,2,6958065.2293265462,40055.1766254092,0.1977790523
1,215.0000000000,2,6958059.8865090106,40049.8338156933,0.1977790523
1,215.0000000000,2,6958054.5436919834,40044.4910054690,0.1977790523
1,215.0000000000,2,6958049.2008753987,40039.1481948023,0.1977790523
1,215.0000000000,2,6958043.8580591986,40033.8053837508,0.1977790523
1,215.0000000000,2,6958038.5152433328,40028.4625723646,0.1977790523
1,215.0000000000,2,6958033.1724277586,40023.1197606872,0.1977790523
1,215.0000000000,2,6958027.8296124376,40017.7769487563,0.1977790523
1,215.0000000000,2,6958022.4867973374,40012.4341366050,0.1977790523
1,215.0000000000,2,6958017.1439824291,40007.0913242620,0.1977790523
1,215.0000000000,2,6958011.8011676874,40001.7485117522,0.1977790523
1,215.0000000000,2,6958006.4583530901,39996.4056990972,0.1977790523
1,215.0000000000,2,6958001.1155386195,39991.0628863160,0.1977790523
1,215.0000000000,2,6957995.7727242587,39985.7200734250,0.1977790523
1,215.0000000000,2,6957990.4299099939,39980.3772604383,0.1977790523
1,215.0000000000,2,6957985.0870958120,39975.0344473686,0.1977790523
1,215.0000000000,2,6957979.7442817027,39969.6916342265,0.1977790523
1,215.0000000000,2,6957974.4014676558,39964.3488210216,0.1977790523
1,215.0000000000,2,6957969.0586536638,39959.0060077619,0.1977790523
1,215.0000000000,2,6957963.7158397194,39953.6631944546,0.1977790523
1,215.0000000000,2,6957958.3730258159,39948.3203811059,0.1977790523
1,215.0000000000,2,6957953.0302119488,39942.9775677211,0.1977790523
1,215.0000000000,2,6957947.6873981133,39937.6347543050,0.1977790523
1,215.0000000000,2,6957942.3445843048,39932.2919408615,0.1977790523
1,215.0000000000,2,6957937.0017705206,39926.9491273944,0.1977790523
1,215.0000000000,2,6957931.6589567568,39921.6063139066,0.1977790523
1,215.0000000000,2,6957926.3161430107,39916.2635004008,0.1977790523
1,215.0000000000,2,6957920.9733292805,39910.9206868795,0.1977790523
1,215.0000000000,2,6957915.6305155633,39905.5778733446,0.1977790523
1,215.0000000000,2,6957910.2877018582,39900.2350597978,0.1977790523
1,215.0000000000,2,6957904.9448881634,39894.8922462407,0.1977790523
1,215.0000000000,2,6957899.6020744778,39889.5494326747,0.1977790523
1,215.0000000000,2,6957894.2592607997,39884.2066191009,0.1977790523
1,215.0000000000,2,6957888.9164471282,39878.8638055203,0.1977790523
1,215.0000000000,2,6957883.5736334631,39873.5209919339,0.1977790523
1,215.0000000000,2,6957878.2308198027,39868.1781783422,0.1977790523
1,215.0000000000,2,6957872.8880061470,39862.8353647462,0.1977790523
1,215.0000000000,2,6957867.5451924950,39857.4925511462,0.1977790523
1,215.0000000000,2,6957862.2023788467,39852.1497375429,0.1977790523
1,215.0000000000,2,6957856.8595652012,39846.8069239366,0.1977790523
1,215.0000000000,2,6957851.5167515585,39841.4641103278,0.1977790523
1,215.0000000000,2,6957846.1739379177,39836.1212967168,0.1977790523
1,215.0000000000,2,6957840.8311242787,39830.7784831038,0.1977790523
1,215.0000000000,2,6957835.4883106416,39825.4356694892,0.1977790523
1,215.0000000000,2,6957830.1454970064,39820.0928558731,0.1977790523
1,215.0000000000,2,6957824.8026833721,39814.7500422557,0.1977790523
1,215.0000000000,2,6957819.4598697387,39809.4072286372,0.1977790523
1,215.0000000000,2,6957814.1170561062,39804.0644150178,0.1977790523
1,215.0000000000,2,6957808.7742424747,39798.7216013975,0.1977790523
1,215.0000000000,2,6957803.4314288441,39793.3787877765,0.1977790523
1,215.0000000000,3,6958439.2080277018,40429.1553867000,0.2005049212
1,215.0000000000,3,6958434.3095328724,40423.4024688933,0.2005049212
1,215.0000000000,3,6958427.5344371991,40420.0574138123,0.2005049212
1,215.0000000000,3,6958420.8496009549,40416.5354428760,0.2005049212
1,215.0000000000,3,6958414.2901574578,40412.7851074384,0.2005049212
1,215.0000000000,3,6958407.8521831129,40408.8298828917,0.2005049212
1,215.0000000000,3,6958401.5290090227,40404.6936062686,0.2005049212
1,215.0000000000,3,6958395.3127166480,40400.3983735626,0.2005049212
1,215.0000000000,3,6958389.1947234375,40395.9642474981,0.2005049212
1,215.0000000000,3,6958383.1662334856,40391.4091817711,0.2005049212
1,215.0000000000,3,6958377.2185732704,40386.7490688065,0.2005049212
1,215.0000000000,3,6958371.3434249852,40381.9978639583,0.2005049212
1,215.0000000000,3,6958365.5329755433,40377.1677508993,0.2005049212
1,215.0000000000,3,6958359.7800003653,40372.2693234493,0.2005049212
1,215.0000000000,3,6958354.0778992968,40367.3117677727,0.2005049212
1,215.0000000000,3,6958348.4206990413,40362.3030353832,0.2005049212
1,215.0000000000,3,6958342.8030333547,40357.2500019266,0.2005049212
1,215.0000000000,3,6958337.2201094106,40352.1586096692,0.2005049212
1,215.0000000000,3,6958331.6676664008,40347.0339934389,0.2005049212
1,215.0000000000,3,6958326.1419305997,40341.8805908023,0.2005049212
1,215.0000000000,3,6958320.6395697491,40336.7022377865,0.2005049212
1,215.0000000000,3,6958315.1576486239,40331.5022516659,0.2005049212
1,215.0000000000,3,6958309.6935868990,40326.2835023567,0.2005049212
1,215.0000000000,3,6958304.2451199777,40321.0484738861,0.2005049212
1,215.0000000000,3,6958298.8102630591,40315.7993172724,0.2005049212
1,215.0000000000,3,6958293.3872785363,40310.5378960054,0.2005049212
1,215.0000000000,3,6958287.9746466437,40305.2658251718,0.2005049212
1,215.0000000000,3,6958282.5710391942,40299.9845051270,0.2005049212
1,215.0000000000,3,6958277.1752962023,40294.6951504927,0.2005049212
1,215.0000000000,3,6958271.7864051489,40289.3988151466,0.2005049212
1,215.0000000000,3,6958266.4034826551,40284.0964137753,0.2005049212
1,215.0000000000,3,6958261.0257583195,40278.7887404758,0.2005049212
1,215.0000000000,3,6958255.6525605023,40273.4764848247,0.2005049212
1,215.0000000000,3,6958250.2833038354,40268.1602457659,0.2005049212
1,215.0000000000,3,6958244.9174782690,40262.8405436249,0.2005049212
1,215.0000000000,3,6958239.5546394736,40257.5178305066,0.2005049212
1,215.0000000000,3,6958234.1944004474,40252.1924992996,0.2005049212
1,215.0000000000,3,6958228.8364241701,40246.8648914785,0.2005049212
1,215.0000000000,3,6958223.4804171892,40241.5353038671,0.2005049212
1,215.0000000000,3,6958218.1261240188,40236.2039945037,0.2005049212
1,215.0000000000,3,6958212.7733222479,40230.8711877298,0.2005049212
1,215.0000000000,3,6958207.4218182778,40225.5370786062,0.2005049212
1,215.0000000000,3,6958202.0714436015,40220.2018367462,0.2005049212
1,215.0000000000,3,6958196.7220515609,40214.8656096448,0.2005049212
1,215.0000000000,3,6958191.3735145219,40209.5285255700,0.2005049212
1,215.0000000000,3,6958186.0257214112,40204.1906960741,0.2005049212
1,215.0000000000,3,6958180.6785755726,40198.8522181762,0.2005049212
1,215.0000000000,3,6958175.3319928991,40193.5131762586,0.2005049212
1,215.0000000000,3,6958169.9859002046,40188.1736437150,0.2005049212
1,215.0000000000,3,6958164.6402338082,40182.8336843832,0.2005049212
1,215.0000000000,3,6958159.2949383026,40177.4933537908,0.2005049212
1,215.0000000000,3,6958153.9499654770,40172.1527002376,0.2005049212
1,215.0000000000,3,6958148.6052733855,40166.8117657376,0.2005049212
1,215.0000000000,3,6958143.2608255344,40161.4705868372,0.2005049212
1,215.0000000000,3,6958137.9165901709,40156.1291953276,0.2005049212
1,215.0000000000,3,6958132.5725396695,40150.7876188636,0.2005049212
1,215.0000000000,3,6958127.2286499962,40145.4458815018,0.2005049212
1,215.0000000000,3,6958121.8849002402,40140.1040041696,0.2005049212
1,215.0000000000,3,6958116.5412722109,40134.7620050718,0.2005049212
1,215.0000000000,3,6958111.1977500794,40129.4199000450,0.2005049212
1,215.0000000000,3,6958105.8543200772,40124.0777028662,0.2005049212
1,215.0000000000,3,6958100.5109702256,40118.7354255201,0.2005049212
1,215.0000000000,3,6958095.1676901020,40113.3930784326,0.2005049212
1,215.0000000000,3,6958089.8244706402,40108.0506706739,0.2005049212
1,215.0000000000,3,6958084.4813039517,40102.7082101341,0.2005049212
1,215.0000000000,3,6958079.1381831747,40097.3657036775,0.2005049212
1,215.0000000000,3,6958073.7951023383,40092.0231572753,0.2005049212
1,215.0000000000,3,6958068.4520562496,40086.6805761224,0.2005049212
1,215.0000000000,3,6958063.1090403898,40081.3379647380,0.2005049212
1,215.0000000000,3,6958057.7660508286,40075.9953270535,0.2005049212
1,215.0000000000,3,6958052.4230841454,40070.6526664891,0.2005049212
1,215.0000000000,3,6958047.0801373655,40065.3099860202,0.2005049212
1,215.0000000000,3,6958041.7372079007,40059.9672882354,0.2005049212
1,215.0000000000,3,6958036.3942935001,40054.6245753862,0.2005049212
1,215.0000000000,3,6958031.0513922041,40049.2818494319,0.2005049212
1,215.0000000000,3,6958025.7085023085,40043.9391120766,0.2005049212
1,215.0000000000,3,6958020.3656223314,40038.5963648030,0.2005049212
1,215.0000000000,3,6958015.0227509821,40033.2536089008,0.2005049212
1,215.0000000000,3,6958009.6798871392,40027.9108454922,0.2005049212
1,215.0000000000,3,6958004.3370298268,40022.5680755532,0.2005049212
1,215.0000000000,3,6957998.9941781955,40017.2252999331,0.2005049212
1,215.0000000000,3,6957993.6513315067,40011.8825193707,0.2005049212
1,215.0000000000,3,6957988.3084891168,40006.5397345086,0.2005049212
1,215.0000000000,3,6957982.9656504672,40001.1969459062,0.2005049212
1,215.0000000000,3,6957977.6228150716,39995.8541540496,0.2005049212
1,215.0000000000,3,6957972.2799825072,39990.5113593621,0.2005049212
1,215.0000000000,3,6957966.9371524062,39985.1685622118,0.2005049212
1,215.0000000000,3,6957961.5943244472,39979.8257629190,0.2005049212
1,215.0000000000,3,6957956.2514983518,39974.4829617623,0.2005049212
1,215.0000000000,3,6957950.9086738778,39969.1401589841,0.2005049212
1,215.0000000000,3,6957945.5658508148,39963.7973547953,0.2005049212
1,215.0000000000,3,6957940.2230289793,39958.4545493792,0.2005049212
1,215.0000000000,3,6957934.8802082110,39953.1117428955,0.2005049212
1,215.0000000000,3,6957929.5373883713,39947.7689354830,0.2005049212
1,215.0000000000,3,6957924.1945693400,39942.4261272626,0.2005049212
1,215.0000000000,3,6957918.8517510118,39937.0833183391,0.2005049212
1,215.0000000000,3,6957913.5089332946,39931.7405088042,0.2005049212
1,215.0000000000,3,6957908.1661161100,39926.3976987373,0.2005049212
1,215.0000000000,3,6957902.8232993884,39921.0548882075,0.2005049212
1,215.0000000000,3,6957897.4804830691,39915.7120772752,0.2005049212
1,215.0000000000,3,6957892.1376670999,39910.3692659926,0.2005049212
1,215.0000000000,3,6957886.7948514353,39905.0264544053,0.2005049212
1,215.0000000000,3,6957881.4520360362,39899.6836425528,0.2005049212
1,215.0000000000,3,6957876.1092208670,39894.3408304698,0.2005049212
1,215.0000000000,3,6957870.7664058991,39888.9980181861,0.2005049212
1,215.0000000000,3,6957865.4235911053,39883.6552057279,0.2005049212
1,215.0000000000,3,6957860.0807764633,39878.3123931178,0.2005049212
1,215.0000000000,3,6957854.7379619535,39872.9695803756,0.2005049212
1,215.0000000000,3,6957849.3951475592,39867.6267675185,0.2005049212
1,215.0000000000,3,6957844.0523332646,39862.2839545614,0.2005049212
1,215.0000000000,3,6957838.7095190566,39856.9411415174,0.2005049212
1,215.0000000000,3,6957833.3667049250,39851.5983283977,0.2005049212
1,215.0000000000,3,6957828.0238908585,39846.2555152121,0.2005049212
1,215.0000000000,3,6957822.6810768498,39840.9127019693,0.2005049212
1,215.0000000000,3,6957817.3382628905,39835.5698886767,0.2005049212
1,215.0000000000,3,6957811.9954489749,39830.2270753408,0.2005049212
1,215.0000000000,3,6957806.6526350966,39824.8842619671,0.2005049212
1,215.0000000000,3,6957801.3098212508,39819.5414485607,0.2005049212
1,215.0000000000,3,6957795.9670074340,39814.1986351257,0.2005049212
1,215.0000000000,3,6957790.6241936423,39808.8558216658,0.2005049212
1,215.0000000000,4,6958439.2080277018,40429.1553867000,0.2033738113
1,215.0000000000,4,6958434.3095328724,40423.4024688933,0.2033738113
1,215.0000000000,4,6958426.8842502441,40422.0037220339,0.2033738113
1,215.0000000000,4,6958419.5413812641,40420.2222647602,0.2033738113
1,215.0000000000,4,6958412.2921821391,40418.0914370041,0.2033738113
1,215.0000000000,4,6958405.1505552465,40415.6239524116,0.2033738113
1,215.0000000000,4,6958398.1271252492,40412.8377819299,0.2033738113
1,215.0000000000,4,6958391.2288590036,40409.7547253803,0.2033738113
1,215.0000000000,4,6958384.4589806227,40406.3991238569,0.2033738113
1,215.0000000000,4,6958377.8172325222,40402.7965557376,0.2033738113
1,215.0000000000,4,6958371.3003890980,40398.9726746371,0.2033738113
1,215.0000000000,4,6958364.9029058889,40394.9522861643,0.2033738113
1,215.0000000000,4,6958358.6175957192,40390.7586968954,0.2033738113
1,215.0000000000,4,6958352.4362520073,40386.4133194896,0.2033738113
1,215.0000000000,4,6958346.3501735311,40381.9354892495,0.2033738113
1,215.0000000000,4,6958340.3505742373,40377.3424376284,0.2033738113
1,215.0000000000,4,6958334.4288817942,40372.6493710946,0.2033738113
1,215.0000000000,4,6958328.5769396117,40367.8696129860,0.2033738113
1,215.0000000000,4,6958322.7871312052,40363.0147768924,0.2033738113
1,215.0000000000,4,6958317.0524456212,40358.0949500523,0.2033738113
1,215.0000000000,4,6958311.3665003236,40353.1188731887,0.2033738113
1,215.0000000000,4,6958305.7235348243,40348.0941089900,0.2033738113
1,215.0000000000,4,6958300.1183852796,40343.0271953864,0.2033738113
1,215.0000000000,4,6958294.5464475928,40337.9237822838,0.2033738113
1,215.0000000000,4,6958289.0036343895,40332.7887519355,0.2033738113
1,215.0000000000,4,6958283.4863295853,40327.6263239619,0.2033738113
1,215.0000000000,4,6958277.9913430102,40322.4401464272,0.2033738113
1,215.0000000000,4,6958272.5158666680,40317.2333745188,0.2033738113
1,215.0000000000,4,6958267.0574335763,40312.0087383533,0.2033738113
1,215.0000000000,4,6958261.6138796909,40306.7686013339,0.2033738113
1,215.0000000000,4,6958256.1833091285,40301.5150103477,0.2033738113
1,215.0000000000,4,6958250.7640626971,40296.2497389399,0.2033738113
1,215.0000000000,4,6958245.3546896335,40290.9743244596,0.2033738113
1,215.0000000000,4,6958239.9539223630,40285.6901000349,0.2033738113
1,215.0000000000,4,6958234.5606540618,40280.3982221155,0.2033738113
1,215.0000000000,4,6958229.1739187818,40275.0996942156,0.2033738113
1,215.0000000000,4,6958223.7928738985,40269.7953873952,0.2033738113
1,215.0000000000,4,6958218.4167846451,40264.4860579436,0.2033738113
1,215.0000000000,4,6958213.0450105164,40259.1723626574,0.2033738113
1,215.0000000000,4,6958207.6769933300,40253.8548720492,0.2033738113
1,215.0000000000,4,6958202.3122467613,40248.5340817759,0.2033738113
1,215.0000000000,4,6958196.9503471786,40243.2104225315,0.2033738113
1,215.0000000000,4,6958191.5909256283,40237.8842686166,0.2033738113
1,215.0000000000,4,6958186.2336608227,40232.5559453640,0.2033738113
1,215.0000000000,4,6958180.8782730205,40227.2257355769,0.2033738113
1,215.0000000000,4,6958175.5245186817,40221.8938851133,0.2033738113
1,215.0000000000,4,6958170.1721858028,40216.5606077312,0.2033738113
1,215.0000000000,4,6958164.8210898479,40211.2260892937,0.2033738113
1,215.0000000000,4,6958159.4710702021,40205.8904914202,0.2033738113
1,215.0000000000,4,6958154.1219870793,40200.5539546569,0.2033738113
1,215.0000000000,4,6958148.7737188283,40195.2166012306,0.2033738113
1,215.0000000000,4,6958143.4261595849,40189.8785374416,0.2033738113
1,215.0000000000,4,6958138.0792172253,40184.5398557422,0.2033738113
1,215.0000000000,4,6958132.7328115888,40179.2006365438,0.2033738113
1,215.0000000000,4,6958127.3868729230,40173.8609497869,0.2033738113
1,215.0000000000,4,6958122.0413405355,40168.5208563064,0.2033738113
1,215.0000000000,4,6958116.6961616194,40163.1804090178,0.2033738113
1,215.0000000000,4,6958111.3512902288,40157.8396539497,0.2033738113
1,215.0000000000,4,6958106.0066863867,40152.4986311404,0.2033738113
1,215.0000000000,4,6958100.6623153118,40147.1573754180,0.2033738113
1,215.0000000000,4,6958095.3181467429,40141.8159170789,0.2033738113
1,215.0000000000,4,6958089.9741543522,40136.4742824779,0.2033738113
1,215.0000000000,4,6958084.6303152340,40131.1324945409,0.2033738113
1,215.0000000000,4,6958079.2866094606,40125.7905732114,0.2033738113
1,215.0000000000,4,6958073.9430196946,40120.4485358386,0.2033738113
1,215.0000000000,4,6958068.5995308524,40115.1063975147,0.2033738113
1,215.0000000000,4,6958063.2561298106,40109.7641713693,0.2033738113
1,215.0000000000,4,6958057.9128051531,40104.4218688239,0.2033738113
1,215.0000000000,4,6958052.5695469482,40099.0794998143,0.2033738113
1,215.0000000000,4,6958047.2263465542,40093.7370729844,0.2033738113
1,215.0000000000,4,6958041.8831964545,40088.3945958537,0.2033738113
1,215.0000000000,4,6958036.5400901083,40083.0520749637,0.2033738113
1,215.0000000000,4,6958031.1970218271,40077.7095160052,0.2033738113
1,215.0000000000,4,6958025.8539866609,40072.3669239289,0.2033738113
1,215.0000000000,4,6958020.5109803034,40067.0243030415,0.2033738113
1,215.0000000000,4,6958015.1679990087,40061.6816570899,0.2033738113
1,215.0000000000,4,6958009.8250395171,40056.3389893335,0.2033738113
1,215.0000000000,4,6958004.4820989938,40050.9963026079,0.2033738113
1,215.0000000000,4,6957999.1391749727,40045.6535993799,0.2033738113
1,215.0000000000,4,6957993.7962653069,40040.3108817955,0.2033738113
1,215.0000000000,4,6957988.4533681301,40034.9681517218,0.2033738113
1,215.0000000000,4,6957983.1104818182,40029.6254107828,0.2033738113
1,215.0000000000,4,6957977.7676049583,40024.2826603914,0.2033738113
1,215.0000000000,4,6957972.4247363219,40018.9399017770,0.2033738113
1,215.0000000000,4,6957967.0818748390,40013.5971360087,0.2033738113
1,215.0000000000,4,6957961.7390195793,40008.2543640171,0.2033738113
1,215.0000000000,4,6957956.3961697333,40002.9115866112,0.2033738113
1,215.0000000000,4,6957951.0533245979,39997.5688044953,0.2033738113
1,215.0000000000,4,6957945.7104835594,39992.2260182818,0.2033738113
1,215.0000000000,4,6957940.3676460860,39986.8832285035,0.2033738113
1,215.0000000000,4,6957935.0248117140,39981.5404356241,0.2033738113
1,215.0000000000,4,6957929.6819800399,39976.1976400467,0.2033738113
1,215.0000000000,4,6957924.3391507128,39970.8548421224,0.2033738113
1,215.0000000000,4,6957918.9963234272,39965.5120421562,0.2033738113
1,215.0000000000,4,6957913.6534979176,39960.1692404137,0.2033738113
1,215.0000000000,4,6957908.3106739540,39954.8264371259,0.2033738113
1,215.0000000000,4,6957902.9678513343,39949.4836324937,0.2033738113
1,215.0000000000,4,6957897.6250298843,39944.1408266919,0.2033738113
1,215.0000000000,4,6957892.2822094513,39938.7980198727,0.2033738113
1,215.0000000000,4,6957886.9393899040,39933.4552121684,0.2033738113
1,215.0000000000,4,6957881.5965711270,39928.1124036939,0.2033738113
1,215.0000000000,4,6957876.2537530195,39922.7695945496,0.2033738113
1,215.0000000000,4,6957870.9109354950,39917.4267848225,0.2033738113
1,215.0000000000,4,6957865.5681184772,39912.0839745884,0.2033738113
1,215.0000000000,4,6957860.2253019009,39906.7411639133,0.2033738113
1,215.0000000000,4,6957854.8824857082,39901.3983528544,0.2033738113
1,215.0000000000,4,6957849.5396698490,39896.0555414617,0.2033738113
1,215.0000000000,4,6957844.1968542803,39890.7127297787,0.2033738113
1,215.0000000000,4,6957838.8540389640,39885.3699178430,0.2033738113
1,215.0000000000,4,6957833.5112238675,39880.0271056875,0.2033738113
1,215.0000000000,4,6957828.1684089629,39874.6842933407,0.2033738113
1,215.0000000000,4,6957822.8255942240,39869.3414808276,0.2033738113
1,215.0000000000,4,6957817.4827796305,39863.9986681699,0.2033738113
1,215.0000000000,4,6957812.1399651626,39858.6558553862,0.2033738113
1,215.0000000000,4,6957806.7971508037,39853.3130424930,0.2033738113
1,215.0000000000,4,6957801.4543365408,39847.9702295046,0.2033738113
1,215.0000000000,4,6957796.1115223607,39842.6274164332,0.2033738113
1,215.0000000000,4,6957790.7687082523,39837.2846032898,0.2033738113
1,215.0000000000,4,6957785.4258942064,39831.9417900836,0.2033738113
1,215.0000000000,4,6957780.0830802154,39826.5989768229,0.2033738113
1,220.0000000000,0,6958412.6559855314,40411.5796223261,0.1986571720
1,220.0000000000,0,6958407.1482057981,40406.4806242089,0.1986571720
1,220.0000000000,0,6958405.7321251323,40399.1097263706,0.1986571720
1,220.0000000000,0,6958403.9372824645,40391.8217939347,0.1986571720
1,220.0000000000,0,6958401.7986817593,40384.6272260937,0.1986571720
1,220.0000000000,0,6958399.3291059118,40377.5394468558,0.1986571720
1,220.0000000000,0,6958396.5464130947,40370.5686477567,0.1986571720
1,220.0000000000,0,6958393.4721103944,40363.7214525427,0.1986571720
1,220.0000000000,0,6958390.1301061297,40357.0008553305,0.1986571720
1,220.0000000000,0,6958386.5454556402,40350.4064865005,0.1986571720
1,220.0000000000,0,6958382.7432488957,40343.9351154503,0.1986571720
1,220.0000000000,0,6958378.7477292446,40337.5812786477,0.1986571720
1,220.0000000000,0,6958374.5816729572,40331.3379306354,0.1986571720
1,220.0000000000,0,6958370.2660131399,40325.1970430991,0.1986571720
1,220.0000000000,0,6958365.8196651256,40319.1501092704,0.1986571720
1,220.0000000000,0,6958361.2595015178,40313.1885383984,0.1986571720
1,220.0000000000,0,6958356.6004279219,40307.3039438818,0.1986571720
1,220.0000000000,0,6958351.8555191318,40301.4883390151,0.1986571720
1,220.0000000000,0,6958347.0361858029,40295.7342582316,0.1986571720
1,220.0000000000,0,6958342.1523510665,40290.0348216223,0.1986571720
1,220.0000000000,0,6958337.2126240283,40284.3837583433,0.1986571720
1,220.0000000000,0,6958332.2244626218,40278.7754016162,0.1986571720
1,220.0000000000,0,6958327.1943220338,40273.2046651248,0.1986571720
1,220.0000000000,0,6958322.1277873442,40267.6670080722,0.1986571720
1,220.0000000000,0,6958317.0296904938,40262.1583940998,0.1986571720
1,220.0000000000,0,6958311.9042124934,40256.6752476803,0.1986571720
1,220.0000000000,0,6958306.7549721990,40251.2144104012,0.1986571720
1,220.0000000000,0,6958301.5851031160,40245.7730986972,0.1986571720
1,220.0000000000,0,6958296.3973196745,40240.3488639718,0.1986571720
1,220.0000000000,0,6958291.1939743459,40234.9395556254,0.1986571720
1,220.0000000000,0,6958285.9771068357,40229.5432872131,0.1986571720
1,220.0000000000,0,6958280.7484864425,40224.1584057679,0.1986571720
1,220.0000000000,0,6958275.5096485447,40218.7834641984,0.1986571720
1,220.0000000000,0,6958270.2619260447,40213.4171965980,0.1986571720
1,220.0000000000,0,6958265.0064764842,40208.0584962597,0.1986571720
1,220.0000000000,0,6958259.7443054439,40202.7063961729,0.1986571720
1,220.0000000000,0,6958254.4762867503,40197.3600517733,0.1986571720
1,220.0000000000,0,6958249.2031799415,40192.0187257232,0.1986571720
1,220.0000000000,0,6958243.9256453710,40186.6817745103,0.1986571720
1,220.0000000000,0,6958238.6442572838,40181.3486366662,0.1986571720
1,220.0000000000,0,6958233.3595151380,40176.0188224249,0.1986571720
1,220.0000000000,0,6958228.0718534179,40170.6919046548,0.1986571720
1,220.0000000000,0,6958222.7816501427,40165.3675109146,0.1986571720
1,220.0000000000,0,6958217.4892342472,40160.0453165008,0.1986571720
1,220.0000000000,0,6958212.1948919874,40154.7250383663,0.1986571720
1,220.0000000000,0,6958206.8988725040,40149.4064298048,0.1986571720
1,220.0000000000,0,6958201.6013926556,40144.0892758058,0.1986571720
1,220.0000000000,0,6958196.3026412129,40138.7733889986,0.1986571720
1,220.0000000000,0,6958191.0027825115,40133.4586061116,0.1986571720
1,220.0000000000,0,6958185.7019596202,40128.1447848813,0.1986571720
1,220.0000000000,0,6958180.4002971016,40122.8318013567,0.1986571720
1,220.0000000000,0,6958175.0979034109,40117.5195475469,0.1986571720
1,220.0000000000,0,6958169.7948729815,40112.2079293701,0.1986571720
1,220.0000000000,0,6958164.4912880417,40106.8968648651,0.1986571720
1,220.0000000000,0,6958159.1872201934,40101.5862826321,0.1986571720
1,220.0000000000,0,6958153.8827317879,40096.2761204735,0.1986571720
1,220.0000000000,0,6958148.5778771220,40090.9663242091,0.1986571720
1,220.0000000000,0,6958143.2727034800,40085.6568466435,0.1986571720
1,220.0000000000,0,6958137.9672520384,40080.3476466669,0.1986571720
1,220.0000000000,0,6958132.6615586570,40075.0386884702,0.1986571720
1,220.0000000000,0,6958127.3556545647,40069.7299408627,0.1986571720
1,220.0000000000,0,6958122.0495669600,40064.4213766763,0.1986571720
1,220.0000000000,0,6958116.7433195282,40059.1129722469,0.1986571720
1,220.0000000000,0,6958111.4369328981,40053.8047069632,0.1986571720
1,220.0000000000,0,6958106.1304250350,40048.4965628724,0.1986571720
1,220.0000000000,0,6958100.8238115851,40043.1885243377,0.1986571720
1,220.0000000000,0,6958095.5171061754,40037.8805777396,0.1986571720
1,220.0000000000,0,6958090.2103206739,40032.5727112158,0.1986571720
1,220.0000000000,0,6958084.9034654172,40027.2649144342,0.1986571720
1,220.0000000000,0,6958079.5965494066,40021.9571783958,0.1986571720
1,220.0000000000,0,6958074.2895804830,40016.6494952628,0.1986571720
1,220.0000000000,0,6958068.9825654747,40011.3418582086,0.1986571720
1,220.0000000000,0,6958063.6755103292,40006.0342612873,0.1986571720
1,220.0000000000,0,6958058.3684202265,40000.7266993204,0.1986571720
1,220.0000000000,0,6958053.0612996770,39995.4191677974,0.1986571720
1,220.0000000000,0,6958047.7541526100,39990.1116627900,0.1986571720
1,220.0000000000,0,6958042.4469824471,39984.8041808766,0.1986571720
1,220.0000000000,0,6958037.1397921694,39979.4967190771,0.1986571720
1,220.0000000000,0,6958031.8325843727,39974.1892747962,0.1986571720
1,220.0000000000,0,6958026.5253613172,39968.8818457732,0.1986571720
1,220.0000000000,0,6958021.2181249727,39963.5744300392,0.1986571720
1,220.0000000000,0,6958015.9108770527,39958.2670258794,0.1986571720
1,220.0000000000,0,6958010.6036190521,39952.9596318003,0.1986571720
1,220.0000000000,0,6958005.2963522719,39947.6522465010,0.1986571720
1,220.0000000000,0,6957999.9890778447,39942.3448688487,0.1986571720
1,220.0000000000,0,6957994.6817967566,39937.0374978564,0.1986571720
1,220.0000000000,0,6957989.3745098682,39931.7301326649,0.1986571720
1,220.0000000000,0,6957984.0672179274,39926.4227725255,0.1986571720
1,220.0000000000,0,6957978.7599215861,39921.1154167864,0.1986571720
1,220.0000000000,0,6957973.4526214125,39915.8080648797,0.1986571720
1,220.0000000000,0,6957968.1453179009,39910.5007163108,0.1986571720
1,220.0000000000,0,6957962.8380114827,39905.1933706491,0.1986571720
1,220.0000000000,0,6957957.5307025323,39899.8860275194,0.1986571720
1,220.0000000000,0,6957952.2233913764,39894.5786865950,0.1986571720
1,220.0000000000,0,6957946.9160783002,39889.2713475912,0.1986571720
1,220.0000000000,0,6957941.6087635504,39883.9640102604,0.1986571720
1,220.0000000000,0,6957936.3014473440,39878.6566743865,0.1986571720
1,220.0000000000,0,6957930.9941298682,39873.3493397816,0.1986571720
1,220.0000000000,0,6957925.6868112879,39868.0420062819,0.1986571720
1,220.0000000000,0,6957920.3794917446,39862.7346737447,0.1986571720
1,220.0000000000,0,6957915.0721713630,39857.4273420460,0.1986571720
1,220.0000000000,0,6957909.7648502514,39852.1200110774,0.1986571720
1,220.0000000000,0,6957904.4575285036,39846.8126807448,0.1986571720
1,220.0000000000,0,6957899.1502062017,39841.5053509662,0.1986571720
1,220.0000000000,0,6957893.8428834174,39836.1980216699,0.1986571720
1,220.0000000000,0,6957888.5355602130,39830.8906927939,0.1986571720
1,220.0000000000,0,6957883.2282366427,39825.5833642837,0.1986571720
1,220.0000000000,0,6957877.9209127538,39820.2760360923,0.1986571720
1,220.0000000000,0,6957872.6135885874,39814.9687081784,0.1986571720
1,220.0000000000,0,6957867.3062641788,39809.6613805064,0.1986571720
1,220.0000000000,0,6957861.9989395598,39804.3540530449,0.1986571720
1,220.0000000000,0,6957856.6916147573,39799.0467257669,0.1986571720
1,220.0000000000,0,6957851.3842897955,39793.7393986485,0.1986571720
1,220.0000000000,0,6957846.0769646941,39788.4320716693,0.1986571720
1,220.0000000000,0,6957840.7696394715,39783.1247448113,0.1986571720
1,220.0000000000,0,6957835.4623141438,39777.8174180588,0.1986571720
1,220.0000000000,0,6957830.1549887238,39772.5100913982,0.1986571720
1,220.0000000000,0,6957824.8476632237,39767.2027648176,0.1986571720
1,220.0000000000,0,6957819.5403376538,39761.8954383068,0.1986571720
1,220.0000000000,0,6957814.2330120234,39756.5881118567,0.1986571720
1,220.0000000000,1,6958412.6559855314,40411.5796223261,0.1984962012
1,220.0000000000,1,6958407.1482057981,40406.4806242089,0.1984962012
1,220.0000000000,1,6958403.8010892533,40399.7625716468,0.1984962012
1,220.0000000000,1,6958400.2731872043,40393.1376696456,0.1984962012
1,220.0000000000,1,6958396.5230031023,40386.6360130415,0.1984962012
1,220.0000000000,1,6958392.5736022415,40380.2534075990,0.1984962012
1,220.0000000000,1,6958388.4481346151,40373.9831654776,0.1984962012
1,220.0000000000,1,6958384.1680163443,40367.8174532736,0.1984962012
1,220.0000000000,1,6958379.7526743868,40361.7478425120,0.1984962012
1,220.0000000000,1,6958375.2194880135,40355.7657324580,0.1984962012
1,220.0000000000,1,6958370.5838435050,40349.8626638168,0.1984962012
1,220.0000000000,1,6958365.8592584329,40344.0305359643,0.1984962012
1,220.0000000000,1,6958361.0575429797,40338.2617450944,0.1984962012
1,220.0000000000,1,6958356.1889755484,40332.5492613476,0.1984962012
1,220.0000000000,1,6958351.2624779278,40326.8866611862,0.1984962012
1,220.0000000000,1,6958346.2857812839,40321.2681284678,0.1984962012
1,220.0000000000,1,6958341.2655783929,40315.6884347196,0.1984962012
1,220.0000000000,1,6958336.2076602606,40310.1429064702,0.1984962012
1,220.0000000000,1,6958331.1170369461,40304.6273853102,0.1984962012
1,220.0000000000,1,6958325.9980433444,40299.1381846488,0.1984962012
1,220.0000000000,1,6958320.8544311868,40293.6720458504,0.1984962012
1,220.0000000000,1,6958315.6894486956,40288.2260954958,0.1984962012
1,220.0000000000,1,6958310.5059093637,40282.7978048451,0.1984962012
1,220.0000000000,1,6958305.3062512372,40277.3849521076,0.1984962012
1,220.0000000000,1,6958300.0925879795,40271.9855878088,0.1984962012
1,220.0000000000,1,6958294.8667528462,40266.5980033268,0.1984962012
1,220.0000000000,1,6958289.6303365538,40261.2207025346,0.1984962012
1,220.0000000000,1,6958284.3847199166,40255.8523763994,0.1984962012
1,220.0000000000,1,6958279.1311019808,40250.4918803420,0.1984962012
1,220.0000000000,1,6958273.8705243003,40245.1382141344,0.1984962012
1,220.0000000000,1,6958268.6038918970,40239.7905041078,0.1984962012
1,220.0000000000,1,6958263.3319913745,40234.4479874463,0.1984962012
1,220.0000000000,1,6958258.0555065796,40229.1099983490,0.1984962012
1,220.0000000000,1,6958252.7750321552,40223.7759558628,0.1984962012
1,220.0000000000,1,6958247.4910852779,40218.4453531961,0.1984962012
1,220.0000000000,1,6958242.2041158276,40213.1177483472,0.1984962012
1,220.0000000000,1,6958236.9145152038,40207.7927558928,0.1984962012
1,220.0000000000,1,6958231.6226239745,40202.4700397991,0.1984962012
1,220.0000000000,1,6958226.3287385115,40197.1493071332,0.1984962012
1,220.0000000000,1,6958221.0331167541,40191.8303025649,0.1984962012
1,220.0000000000,1,6958215.7359832125,40186.5128035630,0.1984962012
1,220.0000000000,1,6958210.4375333162,40181.1966161989,0.1984962012
1,220.0000000000,1,6958205.1379371928,40175.8815714835,0.1984962012
1,220.0000000000,1,6958199.8373429542,40170.5675221693,0.1984962012
1,220.0000000000,1,6958194.5358795505,40165.2543399611,0.1984962012
1,220.0000000000,1,6958189.2336592562,40159.9419130819,0.1984962012
1,220.0000000000,1,6958183.9307798296,40154.6301441504,0.1984962012
1,220.0000000000,1,6958178.6273263926,40149.3189483305,0.1984962012
1,220.0000000000,1,6958173.3233730672,40144.0082517171,0.1984962012
1,220.0000000000,1,6958168.0189843988,40138.6979899299,0.1984962012
1,220.0000000000,1,6958162.7142165937,40133.3881068870,0.1984962012
1,220.0000000000,1,6958157.4091185983,40128.0785537365,0.1984962012
1,220.0000000000,1,6958152.1037330385,40122.7692879250,0.1984962012
1,220.0000000000,1,6958146.7980970349,40117.4602723863,0.1984962012
1,220.0000000000,1,6958141.4922429146,40112.1514748343,0.1984962012
1,220.0000000000,1,6958136.1861988315,40106.8428671467,0.1984962012
1,220.0000000000,1,6958130.8799893036,40101.5344248286,0.1984962012
1,220.0000000000,1,6958125.5736356853,40096.2261265445,0.1984962012
1,220.0000000000,1,6958120.2671565730,40090.9179537110,0.1984962012
1,220.0000000000,1,6958114.9605681635,40085.6098901421,0.1984962012
1,220.0000000000,1,6958109.6538845627,40080.3019217399,0.1984962012
1,220.0000000000,1,6958104.3471180554,40074.9940362253,0.1984962012
1,220.0000000000,1,6958099.0402793419,40069.6862229032,0.1984962012
1,220.0000000000,1,6958093.7333777398,40064.3784724586,0.1984962012
1,220.0000000000,1,6958088.4264213657,40059.0707767783,0.1984962012
1,220.0000000000,1,6958083.1194172874,40053.7631287957,0.1984962012
1,220.0000000000,1,6958077.8123716610,40048.4555223563,0.1984962012
1,220.0000000000,1,6958072.5052898489,40043.1479520994,0.1984962012
1,220.0000000000,1,6958067.1981765199,40037.8404133562,0.1984962012
1,220.0000000000,1,6958061.8910357421,40032.5329020602,0.1984962012
1,220.0000000000,1,6958056.5838710573,40027.2254146697,0.1984962012
1,220.0000000000,1,6958051.2766855499,40021.9179481000,0.1984962012
1,220.0000000000,1,6958045.9694819078,40016.6104996643,0.1984962012
1,220.0000000000,1,6958040.6622624714,40011.3030670226,0.1984962012
1,220.0000000000,1,6958035.3550292784,40005.9956481370,0.1984962012
1,220.0000000000,1,6958030.0477841040,40000.6882412322,0.1984962012
1,220.0000000000,1,6958024.7405284941,39995.3808447624,0.1984962012
1,220.0000000000,1,6958019.4332637955,39990.0734573809,0.1984962012
1,220.0000000000,1,6958014.1259911815,39984.7660779149,0.1984962012
1,220.0000000000,1,6958008.8187116729,39979.4587053431,0.1984962012
1,220.0000000000,1,6958003.5114261601,39974.1513387758,0.1984962012
1,220.0000000000,1,6957998.2041354179,39968.8439774382,0.1984962012
1,220.0000000000,1,6957992.8968401207,39963.5366206555,0.1984962012
1,220.0000000000,1,6957987.5895408560,39958.2292678398,0.1984962012
1,220.0000000000,1,6957982.2822381360,39952.9219184793,0.1984962012
1,220.0000000000,1,6957976.9749324070,39947.6145721282,0.1984962012
1,220.0000000000,1,6957971.6676240573,39942.3072283979,0.1984962012
1,220.0000000000,1,6957966.3603134239,39936.9998869505,0.1984962012
1,220.0000000000,1,6957961.0530008031,39931.6925474912,0.1984962012
1,220.0000000000,1,6957955.7456864500,39926.3852097636,0.1984962012
1,220.0000000000,1,6957950.4383705892,39921.0778735441,0.1984962012
1,220.0000000000,1,6957945.1310534151,39915.7705386382,0.1984962012
1,220.0000000000,1,6957939.8237350965,39910.4632048764,0.1984962012
1,220.0000000000,1,6957934.5164157813,39905.1558721109,0.1984962012
1,220.0000000000,1,6957929.2090955982,39899.8485402134,0.1984962012
1,220.0000000000,1,6957923.9017746598,39894.5412090716,0.1984962012
1,220.0000000000,1,6957918.5944530629,39889.2338785882,0.1984962012
1,220.0000000000,1,6957913.2871308923,39883.9265486781,0.1984962012
1,220.0000000000,1,6957907.9798082225,39878.6192192674,0.1984962012
1,220.0000000000,1,6957902.6724851178,39873.3118902916,0.1984962012
1,220.0000000000,1,6957897.3651616341,39868.0045616947,0.1984962012
1,220.0000000000,1,6957892.0578378206,39862.6972334276,0.1984962012
1,220.0000000000,1,6957886.7505137203,39857.3899054479,0.1984962012
1,220.0000000000,1,6957881.4431893695,39852.0825777185,0.1984962012
1,220.0000000000,1,6957876.1358648008,39846.7752502071,0.1984962012
1,220.0000000000,1,6957870.8285400420,39841.4679228855,0.1984962012
1,220.0000000000,1,6957865.5212151175,39836.1605957293,0.1984962012
1,220.0000000000,1,6957860.2138900496,39830.8532687172,0.1984962012
1,220.0000000000,1,6957854.9065648559,39825.5459418304,0.1984962012
1,220.0000000000,1,6957849.5992395533,39820.2386150529,0.1984962012
1,220.0000000000,1,6957844.2919141557,39814.9312883705,0.1984962012
1,220.0000000000,1,6957838.9845886752,39809.6239617710,0.1984962012
1,220.0000000000,1,6957833.6772631221,39804.3166352437,0.1984962012
1,220.0000000000,1,6957828.3699375056,39799.0093087793,0.1984962012
1,220.0000000000,1,6957823.0626118351,39793.7019823697,0.1984962012
1,220.0000000000,1,6957817.7552861171,39788.3946560077,0.1984962012
1,220.0000000000,1,6957812.4479603572,39783.0873296872,0.1984962012
1,220.0000000000,1,6957807.1406345610,39777.7800034029,0.1984962012
1,220.0000000000,1,6957801.8333087331,39772.4726771501,0.1984962012
1,220.0000000000,1,6957796.5259828782,39767.1653509248,0.1984962012
1,220.0000000000,2,6958412.6559855314,40411.5796223261,0.2044227003
1,220.0000000000,2,6958407.1482057981,40406.4806242089,0.2044227003
1,220.0000000000,2,6958401.8586870087,40401.1555504659,0.2044227003
1,220.0000000000,2,6958396.5751329204,40395.8245584762,0.2044227003
1,220.0000000000,2,6958391.2888533045,40390.4962691434,0.2044227003
1,220.0000000000,2,6958385.9998678379,40385.1706656917,0.2044227003
1,220.0000000000,2,6958380.7085127700,40379.8474165954,0.2044227003
1,220.0000000000,2,6958375.4150941325,40374.5262195007,0.2044227003
1,220.0000000000,2,6958370.1198788285,40369.2068102970,0.2044227003
1,220.0000000000,2,6958364.8230991894,40363.8889587715,0.2044227003
1,220.0000000000,2,6958359.5249574501,40358.5724642959,0.2044227003
1,220.0000000000,2,6958354.2256296612,40353.2571520401,0.2044227003
1,220.0000000000,2,6958348.9252690859,40347.9428696647,0.2044227003
1,220.0000000000,2,6958343.6240091594,40342.6294844359,0.2044227003
1,220.0000000000,2,6958338.3219660595,40337.3168807086,0.2044227003
1,220.0000000000,2,6958333.0192409428,40332.0049577304,0.2044227003
1,220.0000000000,2,6958327.7159218881,40326.6936277274,0.2044227003
1,220.0000000000,2,6958322.4120855927,40321.3828142351,0.2044227003
1,220.0000000000,2,6958317.1077988446,40316.0724506428,0.2044227003
1,220.0000000000,2,6958311.8031198010,40310.7624789255,0.2044227003
1,220.0000000000,2,6958306.4980991082,40305.4528485384,0.2044227003
1,220.0000000000,2,6958301.1927808719,40300.1435154535,0.2044227003
1,220.0000000000,2,6958295.8872035015,40294.8344413197,0.2044227003
1,220.0000000000,2,6958290.5814004457,40289.5255927316,0.2044227003
1,220.0000000000,2,6958285.2754008360,40284.2169405923,0.2044227003
1,220.0000000000,2,6958279.9692300418,40278.9084595573,0.2044227003
1,220.0000000000,2,6958274.6629101578,40273.6001275514,0.2044227003
1,220.0000000000,2,6958269.3564604260,40268.2919253470,0.2044227003
1,220.0000000000,2,6958264.0498976056,40262.9838361968,0.2044227003
1,220.0000000000,2,6958258.7432362912,40257.6758455140,0.2044227003
1,220.0000000000,2,6958253.4364891946,40252.3679405935,0.2044227003
1,220.0000000000,2,6958248.1296673864,40247.0601103696,0.2044227003
1,220.0000000000,2,6958242.8227805076,40241.7523452041,0.2044227003
1,220.0000000000,2,6958237.5158369569,40236.4446367023,0.2044227003
1,220.0000000000,2,6958232.2088440470,40231.1369775528,0.2044227003
1,220.0000000000,2,6958226.9018081482,40225.8293613873,0.2044227003
1,220.0000000000,2,6958221.5947348075,40220.5217826594,0.2044227003
1,220.0000000000,2,6958216.2876288574,40215.2142365383,0.2044227003
1,220.0000000000,2,6958210.9804945057,40209.9067188164,0.2044227003
1,220.0000000000,2,6958205.6733354181,40204.5992258292,0.2044227003
1,220.0000000000,2,6958200.3661547862,40199.2917543849,0.2044227003
1,220.0000000000,2,6958195.0589553900,40193.9843017037,0.2044227003
1,220.0000000000,2,6958189.7517396510,40188.6768653644,0.2044227003
1,220.0000000000,2,6958184.4445096785,40183.3694432583,0.2044227003
1,220.0000000000,2,6958179.1372673092,40178.0620335486,0.2044227003
1,220.0000000000,2,6958173.8300141422,40172.7546346357,0.2044227003
1,220.0000000000,2,6958168.5227515716,40167.4472451265,0.2044227003
1,220.0000000000,2,6958163.2154808110,40162.1398638074,0.2044227003
1,220.0000000000,2,6958157.9082029164,40156.8324896216,0.2044227003
1,220.0000000000,2,6958152.6009188090,40151.5251216486,0.2044227003
1,220.0000000000,2,6958147.2936292905,40146.2177590866,0.2044227003
1,220.0000000000,2,6958141.9863350596,40140.9104012375,0.2044227003
1,220.0000000000,2,6958136.6790367234,40135.6030474930,0.2044227003
1,220.0000000000,2,6958131.3717348129,40130.2956973236,0.2044227003
1,220.0000000000,2,6958126.0644297879,40124.9883502678,0.2044227003
1,220.0000000000,2,6958120.7571220510,40119.6810059239,0.2044227003
1,220.0000000000,2,6958115.4498119522,40114.3736639420,0.2044227003
1,220.0000000000,2,6958110.1424997970,40109.0663240172,0.2044227003
1,220.0000000000,2,6958104.8351858500,40103.7589858840,0.2044227003
1,220.0000000000,2,6958099.5278703421,40098.4516493114,0.2044227003
1,220.0000000000,2,6958094.2205534754,40093.1443140979,0.2044227003
1,220.0000000000,2,6958088.9132354250,40087.8369800682,0.2044227003
1,220.0000000000,2,6958083.6059163436,40082.5296470695,0.2044227003
1,220.0000000000,2,6958078.2985963644,40077.2223149687,0.2044227003
1,220.0000000000,2,6958072.9912756030,40071.9149836500,0.2044227003
1,220.0000000000,2,6958067.6839541597,40066.6076530125,0.2044227003
1,220.0000000000,2,6958062.3766321233,40061.3003229682,0.2044227003
1,220.0000000000,2,6958057.0693095708,40055.9929934407,0.2044227003
1,220.0000000000,2,6958051.7619865676,40050.6856643631,0.2044227003
1,220.0000000000,2,6958046.4546631724,40045.3783356775,0.2044227003
1,220.0000000000,2,6958041.1473394362,40040.0710073332,0.2044227003
1,220.0000000000,2,6958035.8400154030,40034.7636792862,0.2044227003
1,220.0000000000,2,6958030.5326911109,40029.4563514982,0.2044227003
1,220.0000000000,2,6958025.2253665933,40024.1490239358,0.2044227003
1,220.0000000000,2,6958019.9180418793,40018.8416965698,0.2044227003
1,220.0000000000,2,6958014.6107169939,40013.5343693749,0.2044227003
1,220.0000000000,2,6958009.3033919595,40008.2270423290,0.2044227003
1,220.0000000000,2,6958003.9960667947,40002.9197154129,0.2044227003
1,220.0000000000,2,6957998.6887415173,39997.6123886099,0.2044227003
1,220.0000000000,2,6957993.3814161411,39992.3050619052,0.2044227003
1,220.0000000000,2,6957988.0740906792,39986.9977352863,0.2044227003
1,220.0000000000,2,6957982.7667651428,39981.6904087421,0.2044227003
1,220.0000000000,2,6957977.4594395412,39976.3830822628,0.2044227003
1,220.0000000000,2,6957972.1521138838,39971.0757558402,0.2044227003
1,220.0000000000,2,6957966.8447881769,39965.7684294670,0.2044227003
1,220.0000000000,2,6957961.5374624263,39960.4611031367,0.2044227003
1,220.0000000000,2,6957956.2301366385,39955.1537768439,0.2044227003
1,220.0000000000,2,6957950.9228108181,39949.8464505836,0.2044227003
1,220.0000000000,2,6957945.6154849697,39944.5391243517,0.2044227003
1,220.0000000000,2,6957940.3081590962,39939.2317981446,0.2044227003
1,220.0000000000,2,6957935.0008332012,39933.9244719590,0.2044227003
1,220.0000000000,2,6957929.6935072877,39928.6171457921,0.2044227003
1,220.0000000000,2,6957924.3861813573,39923.3098196416,0.2044227003
1,220.0000000000,2,6957919.0788554130,39918.0024935053,0.2044227003
1,220.0000000000,2,6957913.7715294566,39912.6951673814,0.2044227003
1,220.0000000000,2,6957908.4642034890,39907.3878412682,0.2044227003
1,220.0000000000,2,6957903.1568775121,39902.0805151645,0.2044227003
1,220.0000000000,2,6957897.8495515268,39896.7731890690,0.2044227003
1,220.0000000000,2,6957892.5422255350,39891.4658629806,0.2044227003
1,220.0000000000,2,6957887.2348995367,39886.1585368984,0.2044227003
1,220.0000000000,2,6957881.9275735328,39880.8512108216,0.2044227003
1,220.0000000000,2,6957876.6202475242,39875.5438847495,0.2044227003
1,220.0000000000,2,6957871.3129215119,39870.2365586815,0.2044227003
1,220.0000000000,2,6957866.0055954959,39864.9292326171,0.2044227003
1,220.0000000000,2,6957860.6982694771,39859.6219065558,0.2044227003
1,220.0000000000,2,6957855.3909434555,39854.3145804973,0.2044227003
1,220.0000000000,2,6957850.0836174311,39849.0072544411,0.2044227003
1,220.0000000000,2,6957844.7762914049,39843.6999283870,0.2044227003
1,220.0000000000,2,6957839.4689653767,39838.3926023347,0.2044227003
1,220.0000000000,2,6957834.1616393467,39833.0852762840,0.2044227003
1,220.0000000000,2,6957828.8543133158,39827.7779502346,0.2044227003
1,220.0000000000,2,6957823.5469872840,39822.4706241864,0.2044227003
1,220.0000000000,2,6957818.2396612503,39817.1632981392,0.2044227003
1,220.0000000000,2,6957812.9323352166,39811.8559720929,0.2044227003
1,220.0000000000,2,6957807.6250091819,39806.5486460474,0.2044227003
1,220.0000000000,2,6957802.3176831463,39801.2413200026,0.2044227003
1,220.0000000000,2,6957797.0103571098,39795.9339939584,0.2044227003
1,220.0000000000,2,6957791.7030310733,39790.6266679148,0.2044227003
1,220.0000000000,2,6957786.3957050359,39785.3193418715,0.2044227003
1,220.0000000000,2,6957781.0883789985,39780.0120158287,0.2044227003
1,220.0000000000,3,6958412.6559855314,40411.5796223261,0.1991897576
1,220.0000000000,3,6958407.1482057981,40406.4806242089,0.1991897576
1,220.0000000000,3,6958400.4527269378,40403.0885773017,0.1991897576
1,220.0000000000,3,6958393.8567522932,40399.5068824677,0.1991897576
1,220.0000000000,3,6958387.3831945965,40395.7083998579,0.1991897576
1,220.0000000000,3,6958381.0272683119,40391.7162049158,0.1991897576
1,220.0000000000,3,6958374.7819695901,40387.5530734903,0.1991897576
1,220.0000000000,3,6958368.6392838145,40383.2399735773,0.1991897576
1,220.0000000000,3,6958362.5907091079,40378.7958579836,0.1991897576
1,220.0000000000,3,6958356.6276533622,40374.2376362289,0.1991897576
1,220.0000000000,3,6958350.7417242294,40369.5802488022,0.1991897576
1,220.0000000000,3,6958344.9249264039,40364.8368025391,0.1991897576
1,220.0000000000,3,6958339.1697840616,40360.0187369511,0.1991897576
1,220.0000000000,3,6958333.4694062676,40355.1360007917,0.1991897576
1,220.0000000000,3,6958327.8175110146,40350.1972256959,0.1991897576
1,220.0000000000,3,6958322.2084206454,40345.2098892703,0.1991897576
1,220.0000000000,3,6958316.6370385159,40340.1804638005,0.1991897576
1,220.0000000000,3,6958311.0988142081,40335.1145491829,0.1991897576
1,220.0000000000,3,6958305.5897025270,40330.0169901710,0.1991897576
1,220.0000000000,3,6958300.1061199121,40324.8919788439,0.1991897576
1,220.0000000000,3,6958294.6449007085,40319.7431436157,0.1991897576
1,220.0000000000,3,6958289.2032548618,40314.5736262421,0.1991897576
1,220.0000000000,3,6958283.7787279915,40309.3861482783,0.1991897576
1,220.0000000000,3,6958278.3691643607,40304.1830683521,0.1991897576
1,220.0000000000,3,6958272.9726729784,40298.9664314891,0.1991897576
1,220.0000000000,3,6958267.5875968654,40293.7380115888,0.1991897576
1,220.0000000000,3,6958262.2124853954,40288.4993480111,0.1991897576
1,220.0000000000,3,6958256.8460695539,40283.2517771058,0.1991897576
1,220.0000000000,3,6958251.4872399038,40277.9964594014,0.1991897576
1,220.0000000000,3,6958246.1350270417,40272.7344030668,0.1991897576
1,220.0000000000,3,6958240.7885843059,40267.4664841735,0.1991897576
1,220.0000000000,3,6958235.4471725235,40262.1934642070,0.1991897576
1,220.0000000000,3,6958230.1101465765,40256.9160052125,0.1991897576
1,220.0000000000,3,6958224.7769435933,40251.6346829029,0.1991897576
1,220.0000000000,3,6958219.4470725823,40246.3499980117,0.1991897576
1,220.0000000000,3,6958214.1201053401,40241.0623861316,0.1991897576
1,220.0000000000,3,6958208.7956684912,40235.7722262444,0.1991897576
1,220.0000000000,3,6958203.4734365148,40230.4798481223,0.1991897576
1,220.0000000000,3,6958198.1531256530,40225.1855387500,0.1991897576
1,220.0000000000,3,6958192.8344885781,40219.8895479019,0.1991897576
1,220.0000000000,3,6958187.5173097383,40214.5920929865,0.1991897576
1,220.0000000000,3,6958182.2014012905,40209.2933632546,0.1991897576
1,220.0000000000,3,6958176.8865995519,40203.9935234579,0.1991897576
1,220.0000000000,3,6958171.5727618998,40198.6927170288,0.1991897576
1,220.0000000000,3,6958166.2597640697,40193.3910688460,0.1991897576
1,220.0000000000,3,6958160.9474977991,40188.0886876392,0.1991897576
1,220.0000000000,3,6958155.6358687682,40182.7856680814,0.1991897576
1,220.0000000000,3,6958150.3247948084,40177.4820926092,0.1991897576
1,220.0000000000,3,6958145.0142043401,40172.1780330063,0.1991897576
1,220.0000000000,3,6958139.7040350083,40166.8735517818,0.1991897576
1,220.0000000000,3,6958134.3942324957,40161.5687033700,0.1991897576
1,220.0000000000,3,6958129.0847494882,40156.2635351743,0.1991897576
1,220.0000000000,3,6958123.7755447710,40150.9580884758,0.1991897576
1,220.0000000000,3,6958118.4665824454,40145.6523992253,0.1991897576
1,220.0000000000,3,6958113.1578312423,40140.3464987312,0.1991897576
1,220.0000000000,3,6958107.8492639242,40135.0404142597,0.1991897576
1,220.0000000000,3,6958102.5408567665,40129.7341695569,0.1991897576
1,220.0000000000,3,6958097.2325891070,40124.4277853034,0.1991897576
1,220.0000000000,3,6958091.9244429469,40119.1212795101,0.1991897576
1,220.0000000000,3,6958086.6164026093,40113.8146678630,0.1991897576
1,220.0000000000,3,6958081.3084544409,40108.5079640235,0.1991897576
1,220.0000000000,3,6958076.0005865498,40103.2011798897,0.1991897576
1,220.0000000000,3,6958070.6927885767,40097.8943258238,0.1991897576
1,220.0000000000,3,6958065.3850515010,40092.5874108509,0.1991897576
1,220.0000000000,3,6958060.0773674650,40087.2804428310,0.1991897576
1,220.0000000000,3,6958054.7697296236,40081.9734286100,0.1991897576
1,220.0000000000,3,6958049.4621320171,40076.6663741501,0.1991897576
1,220.0000000000,3,6958044.1545694536,40071.3592846440,0.1991897576
1,220.0000000000,3,6958038.8470374104,40066.0521646144,0.1991897576
1,220.0000000000,3,6958033.5395319499,40060.7450180003,0.1991897576
1,220.0000000000,3,6958028.2320496421,40055.4378482322,0.1991897576
1,220.0000000000,3,6958022.9245874994,40050.1306582981,0.1991897576
1,220.0000000000,3,6958017.6171429195,40044.8234508003,0.1991897576
1,220.0000000000,3,6958012.3097136356,40039.5162280055,0.1991897576
1,220.0000000000,3,6958007.0022976743,40034.2089918874,0.1991897576
1,220.0000000000,3,6958001.6948933173,40028.9017441655,0.1991897576
1,220.0000000000,3,6957996.3874990661,40023.5944863371,0.1991897576
1,220.0000000000,3,6957991.0801136168,40018.2872197065,0.1991897576
1,220.0000000000,3,6957985.7727358341,40012.9799454095,0.1991897576
1,220.0000000000,3,6957980.4653647281,40007.6726644354,0.1991897576
1,220.0000000000,3,6957975.1579994373,40002.3653776458,0.1991897576
1,220.0000000000,3,6957969.8506392119,39997.0580857912,0.1991897576
1,220.0000000000,3,6957964.5432833973,39991.7507895252,0.1991897576
1,220.0000000000,3,6957959.2359314254,39986.4434894171,0.1991897576
1,220.0000000000,3,6957953.9285827996,39981.1361859626,0.1991897576
1,220.0000000000,3,6957948.6212370880,39975.8288795936,0.1991897576
1,220.0000000000,3,6957943.3138939152,39970.5215706862,0.1991897576
1,220.0000000000,3,6957938.0065529533,39965.2142595679,0.1991897576
1,220.0000000000,3,6957932.6992139164,39959.9069465240,0.1991897576
1,220.0000000000,3,6957927.3918765569,39954.5996318031,0.1991897576
1,220.0000000000,3,6957922.0845406577,39949.2923156215,0.1991897576
1,220.0000000000,3,6957916.7772060307,39943.9849981677,0.1991897576
1,220.0000000000,3,6957911.4698725119,39938.6776796058,0.1991897576
1,220.0000000000,3,6957906.1625399580,39933.3703600789,0.1991897576
1,220.0000000000,3,6957900.8552082451,39928.0630397115,0.1991897576
1,220.0000000000,3,6957895.5478772642,39922.7557186121,0.1991897576
1,220.0000000000,3,6957890.2405469203,39917.4483968751,0.1991897576
1,220.0000000000,3,6957884.9332171325,39912.1410745828,0.1991897576
1,220.0000000000,3,6957879.6258878279,39906.8337518068,0.1991897576
1,220.0000000000,3,6957874.3185589444,39901.5264286096,0.1991897576
1,220.0000000000,3,6957869.0112304278,39896.2191050455,0.1991897576
1,220.0000000000,3,6957863.7039022306,39890.9117811619,0.1991897576
1,220.0000000000,3,6957858.3965743119,39885.6044570000,0.1991897576
1,220.0000000000,3,6957853.0892466353,39880.2971325957,0.1991897576
1,220.0000000000,3,6957847.7819191702,39874.9898079802,0.1991897576
1,220.0000000000,3,6957842.4745918894,39869.6824831809,0.1991897576
1,220.0000000000,3,6957837.1672647689,39864.3751582215,0.1991897576
1,220.0000000000,3,6957831.8599377871,39859.0678331225,0.1991897576
1,220.0000000000,3,6957826.5526109273,39853.7605079022,0.1991897576
1,220.0000000000,3,6957821.2452841727,39848.4531825760,0.1991897576
1,220.0000000000,3,6957815.9379575104,39843.1458571578,0.1991897576
1,220.0000000000,3,6957810.6306309281,39837.8385316592,0.1991897576
1,220.0000000000,3,6957805.3233044157,39832.5312060907,0.1991897576
1,220.0000000000,3,6957800.0159779647,39827.2238804614,0.1991897576
1,220.0000000000,3,6957794.7086515669,39821.9165547790,0.1991897576
1,220.0000000000,3,6957789.4013252147,39816.6092290504,0.1991897576
1,220.0000000000,3,6957784.0939989034,39811.3019032816,0.1991897576
1,220.0000000000,3,6957778.7866726266,39805.9945774778,0.1991897576
1,220.0000000000,3,6957773.4793463806,39800.6872516435,0.1991897576
1,220.0000000000,3,6957768.1720201606,39795.3799257826,0.1991897576
1,220.0000000000,4,6958412.6559855314,40411.5796223261,0.1992341689
1,220.0000000000,4,6958407.1482057981,40406.4806242089,0.1992341689
1,220.0000000000,4,6958399.7869599462,40405.0151963182,0.1992341689
1,220.0000000000,4,6958392.5106280372,40403.1738888085,0.1992341689
1,220.0000000000,4,6958385.3296101205,40400.9902219201,0.1992341689
1,220.0000000000,4,6958378.2569363508,40398.4777121891,0.1992341689
1,220.0000000000,4,6958371.3023386160,40395.6547722791,0.1992341689
1,220.0000000000,4,6958364.4719517408,40392.5433040523,0.1992341689
1,220.0000000000,4,6958357.7682990525,40389.1674397137,0.1992341689
1,220.0000000000,4,6958351.1905959444,40385.5522991617,0.1992341689
1,220.0000000000,4,6958344.7352758776,40381.7229046622,0.1992341689
1,220.0000000000,4,6958338.3966269474,40377.7033338978,0.1992341689
1,220.0000000000,4,6958332.1674395725,40373.5161338731,0.1992341689
1,220.0000000000,4,6958326.0395947229,40369.1819745662,0.1992341689
1,220.0000000000,4,6958320.0045540193,40364.7194973279,0.1992341689
1,220.0000000000,4,6958314.0537394919,40360.1453060489,0.1992341689
1,220.0000000000,4,6958308.1788084283,40355.4740530695,0.1992341689
1,220.0000000000,4,6958302.3718381096,40350.7185809463,0.1992341689
1,220.0000000000,4,6958296.6254384825,40345.8900914595,0.1992341689
1,220.0000000000,4,6958290.9328103475,40340.9983224226,0.1992341689
1,220.0000000000,4,6958285.2877643025,40336.0517200997,0.1992341689
1,220.0000000000,4,6958279.6847127527,40331.0576002853,0.1992341689
1,220.0000000000,4,6958274.1186444229,40326.0222946596,0.1992341689
1,220.0000000000,4,6958268.5850883340,40320.9512813080,0.1992341689
1,220.0000000000,4,6958263.0800722064,40315.8492996508,0.1992341689
1,220.0000000000,4,6958257.6000787178,40310.7204507780,0.1992341689
1,220.0000000000,4,6958252.1420019073,40305.5682845415,0.1992341689
1,220.0000000000,4,6958246.7031051842,40300.3958748682,0.1992341689
1,220.0000000000,4,6958241.2809818136,40295.2058847384,0.1992341689
1,220.0000000000,4,6958235.8735183552,40290.0006221764,0.1992341689
1,220.0000000000,4,6958230.4788612453,40284.7820884682,0.1992341689
1,220.0000000000,4,6958225.0953865387,40279.5520196854,0.1992341689
1,220.0000000000,4,6958219.7216727026,40274.3119224533,0.1992341689
1,220.0000000000,4,6958214.3564763032,40269.0631047779,0.1992341689
1,220.0000000000,4,6958208.9987103632,40263.8067026312,0.1992341689
1,220.0000000000,4,6958203.6474251729,40258.5437028965,0.1992341689
1,220.0000000000,4,6958198.3017913243,40253.2749631847,0.1992341689
1,220.0000000000,4,6958192.9610847458,40248.0012289636,0.1992341689
1,220.0000000000,4,6958187.6246735277,40242.7231483744,0.1992341689
1,220.0000000000,4,6958182.2920063445,40237.4412850562,0.1992341689
1,220.0000000000,4,6958176.9626022931,40232.1561292545,0.1992341689
1,220.0000000000,4,6958171.6360419802,40226.8681074481,0.1992341689
1,220.0000000000,4,6958166.3119597202,40221.5775906977,0.1992341689
1,220.0000000000,4,6958160.9900367064,40216.2849018883,0.1992341689
1,220.0000000000,4,6958155.6699950369,40210.9903220159,0.1992341689
1,220.0000000000,4,6958150.3515924914,40205.6940956463,0.1992341689
1,220.0000000000,4,6958145.0346179726,40200.3964356568,0.1992341689
1,220.0000000000,4,6958139.7188875228,40195.0975273560,0.1992341689
1,220.0000000000,4,6958134.4042408448,40189.7975320651,0.1992341689
1,220.0000000000,4,6958129.0905382689,40184.4965902313,0.1992341689
1,220.0000000000,4,6958123.7776581030,40179.1948241351,0.1992341689
1,220.0000000000,4,6958118.4654943263,40173.8923402447,0.1992341689
1,220.0000000000,4,6958113.1539545739,40168.5892312644,0.1992341689
1,220.0000000000,4,6958107.8429583805,40163.2855779170,0.1992341689
1,220.0000000000,4,6958102.5324356491,40157.9814504941,0.1992341689
1,220.0000000000,4,6958097.2223253185,40152.6769102059,0.1992341689
1,220.0000000000,4,6958091.9125741972,40147.3720103556,0.1992341689
1,220.0000000000,4,6958086.6031359518,40142.0667973617,0.1992341689
1,220.0000000000,4,6958081.2939702226,40136.7613116481,0.1992341689
1,220.0000000000,4,6958075.9850418558,40131.4555884186,0.1992341689
1,220.0000000000,4,6958070.6763202297,40126.1496583313,0.1992341689
1,220.0000000000,4,6958065.3677786728,40120.8435480863,0.1992341689
1,220.0000000000,4,6958060.0593939535,40115.5372809366,0.1992341689
1,220.0000000000,4,6958054.7511458369,40110.2308771332,0.1992341689
1,220.0000000000,4,6958049.4430166977,40104.9243543132,0.1992341689
1,220.0000000000,4,6958044.1349911857,40099.6177278369,0.1992341689
1,220.0000000000,4,6958038.8270559302,40094.3110110820,0.1992341689
1,220.0000000000,4,6958033.5191992857,40089.0042156996,0.1992341689
1,220.0000000000,4,6958028.2114111083,40083.6973518368,0.1992341689
1,220.0000000000,4,6958022.9036825635,40078.3904283313,0.1992341689
1,220.0000000000,4,6958017.5960059576,40073.0834528800,0.1992341689
1,220.0000000000,4,6958012.2883745879,40067.7764321866,0.1992341689
1,220.0000000000,4,6958006.9807826178,40062.4693720895,0.1992341689
1,220.0000000000,4,6958001.6732249632,40057.1622776737,0.1992341689
1,220.0000000000,4,6957996.3656971967,40051.8551533680,0.1992341689
1,220.0000000000,4,6957991.0581954606,40046.5480030295,0.1992341689
1,220.0000000000,4,6957985.7507163966,40041.2408300177,0.1992341689
1,220.0000000000,4,6957980.4432570785,40035.9336372586,0.1992341689
1,220.0000000000,4,6957975.1358149592,40030.6264273004,0.1992341689
1,220.0000000000,4,6957969.8283878183,40025.3192023625,0.1992341689
1,220.0000000000,4,6957964.5209737234,40020.0119643780,0.1992341689
1,220.0000000000,4,6957959.2135709915,40014.7047150306,0.1992341689
1,220.0000000000,4,6957953.9061781559,40009.3974557864,0.1992341689
1,220.0000000000,4,6957948.5987939397,40004.0901879226,0.1992341689
1,220.0000000000,4,6957943.2914172309,39998.7829125516,0.1992341689
1,220.0000000000,4,6957937.9840470599,39993.4756306421,0.1992341689
1,220.0000000000,4,6957932.6766825840,39988.1683430378,0.1992341689
1,220.0000000000,4,6957927.3693230683,39982.8610504736,0.1992341689
1,220.0000000000,4,6957922.0619678721,39977.5537535895,0.1992341689
1,220.0000000000,4,6957916.7546164384,39972.2464529431,0.1992341689
1,220.0000000000,4,6957911.4472682811,39966.9391490199,0.1992341689
1,220.0000000000,4,6957906.1399229784,39961.6318422426,0.1992341689
1,220.0000000000,4,6957900.8325801613,39956.3245329795,0.1992341689
1,220.0000000000,4,6957895.5252395086,39951.0172215515,0.1992341689
1,220.0000000000,4,6957890.2179007418,39945.7099082379,0.1992341689
1,220.0000000000,4,6957884.9105636170,39940.4025932820,0.1992341689
1,220.0000000000,4,6957879.6032279227,39935.0952768958,0.1992341689
1,220.0000000000,4,6957874.2958934745,39929.7879592638,0.1992341689
1,220.0000000000,4,6957868.9885601113,39924.4806405468,0.1992341689
1,220.0000000000,4,6957863.6812276933,39919.1733208847,0.1992341689
1,220.0000000000,4,6957858.3738960978,39913.8660003996,0.1992341689
1,220.0000000000,4,6957853.0665652193,39908.5586791978,0.1992341689
1,220.0000000000,4,6957847.7592349648,39903.2513573715,0.1992341689
1,220.0000000000,4,6957842.4519052543,39897.9440350015,0.1992341689
1,220.0000000000,4,6957837.1445760177,39892.6367121578,0.1992341689
1,220.0000000000,4,6957831.8372471938,39887.3293889016,0.1992341689
1,220.0000000000,4,6957826.5299187284,39882.0220652862,0.1992341689
1,220.0000000000,4,6957821.2225905759,39876.7147413579,0.1992341689
1,220.0000000000,4,6957815.9152626963,39871.4074171571,0.1992341689
1,220.0000000000,4,6957810.6079350542,39866.1000927189,0.1992341689
1,220.0000000000,4,6957805.3006076189,39860.7927680739,0.1992341689
1,220.0000000000,4,6957799.9932803633,39855.4854432489,0.1992341689
1,220.0000000000,4,6957794.6859532651,39850.1781182671,0.1992341689
1,220.0000000000,4,6957789.3786263028,39844.8707931488,0.1992341689
1,220.0000000000,4,6957784.0712994598,39839.5634679114,0.1992341689
1,220.0000000000,4,6957778.7639727201,39834.2561425705,0.1992341689
1,220.0000000000,4,6957773.4566460708,39828.9488171393,0.1992341689
1,220.0000000000,4,6957768.1493194997,39823.6414916296,0.1992341689
1,220.0000000000,4,6957762.8419929976,39818.3341660513,0.1992341689
1,220.0000000000,4,6957757.5346665550,39813.0268404135,0.1992341689
1,225.0000000000,0,6958381.0779861091,40384.2229707470,0.2015279325
1,225.0000000000,0,6958375.2277294043,40378.9387278564,0.2015279325
1,225.0000000000,0,6958373.7486398639,40371.1952776840,0.2015279325
1,225.0000000000,0,6958371.8729591994,40363.5382189480,0.2015279325
1,225.0000000000,0,6958369.6155856261,40355.9848759138,0.2015279325
1,225.0000000000,0,6958366.9917811677,40348.5508745279,0.2015279325
1,225.0000000000,0,6958364.0226837927,40341.2479170981,0.2015279325
1,225.0000000000,0,6958360.7338497834,40334.0832609795,0.2015279325
1,225.0000000000,0,6958357.1536168028,40327.0596822448,0.2015279325
1,225.0000000000,0,6958353.3114837017,40320.1758795402,0.2015279325
1,225.0000000000,0,6958349.2367097791,40313.4271801157,0.2015279325
1,225.0000000000,0,6958344.9572471036,40306.8063851749,0.2015279325
1,225.0000000000,0,6958340.4990313016,40300.3046132390,0.2015279325
1,225.0000000000,0,6958335.8855931079,40293.9120461123,0.2015279325
1,225.0000000000,0,6958331.1379213473,40287.6185304578,0.2015279325
1,225.0000000000,0,6958326.2745019766,40281.4140257661,0.2015279325
1,225.0000000000,0,6958321.3114669239,40275.2889127465,0.2015279325
1,225.0000000000,0,6958316.2628016742,40269.2341868537,0.2015279325
1,225.0000000000,0,6958311.1405759919,40263.2415638473,0.2015279325
1,225.0000000000,0,6958305.9551750207,40257.3035218122,0.2015279325
1,225.0000000000,0,6958300.7155175814,40251.4132997149,0.2015279325
1,225.0000000000,0,6958295.4292550031,40245.5648679253,0.2015279325
1,225.0000000000,0,6958290.1029480109,40239.7528820112,0.2015279325
1,225.0000000000,0,6958284.7422216339,40233.9726277653,0.2015279325
1,225.0000000000,0,6958279.3518994739,40228.2199628653,0.2015279325
1,225.0000000000,0,6958273.9361192929,40222.4912586946,0.2015279325
1,225.0000000000,0,6958268.4984320858,40216.7833445149,0.2015279325
1,225.0000000000,0,6958263.0418867795,40211.0934552572,0.2015279325
1,225.0000000000,0,6958257.5691025434,40205.4191835729,0.2015279325
1,225.0000000000,0,6958252.0823304886,40199.7584363727,0.2015279325
1,225.0000000000,0,6958246.5835063169,40194.1093958197,0.2015279325
1,225.0000000000,0,6958241.0742952581,40188.4704845815,0.2015279325
1,225.0000000000,0,6958235.5561304577,40182.8403350567,0.2015279325
1,225.0000000000,0,6958230.0302457856,40177.2177622441,0.2015279325
1,225.0000000000,0,6958224.4977039099,40171.6017399124,0.2015279325
1,225.0000000000,0,6958218.9594203280,40165.9913797272,0.2015279325
1,225.0000000000,0,6958213.4161839653,40160.3859130145,0.2015279325
1,225.0000000000,0,6958207.8686748371,40154.7846748554,0.2015279325
1,225.0000000000,0,6958202.3174792090,40149.1870902389,0.2015279325
1,225.0000000000,0,6958196.7631026153,40143.5926620200,0.2015279325
1,225.0000000000,0,6958191.2059810488,40138.0009604601,0.2015279325
1,225.0000000000,0,6958185.6464905795,40132.4116141506,0.2015279325
1,225.0000000000,0,6958180.0849556336,40126.8243021417,0.2015279325
1,225.0000000000,0,6958174.5216561137,40121.2387471211,0.2015279325
1,225.0000000000,0,6958168.9568335321,40115.6547095065,0.2015279325
1,225.0000000000,0,6958163.3906962965,40110.0719823312,0.2015279325
1,225.0000000000,0,6958157.8234242573,40104.4903868170,0.2015279325
1,225.0000000000,0,6958152.2551726326,40098.9097685464,0.2015279325
1,225.0000000000,0,6958146.6860753875,40093.3299941500,0.2015279325
1,225.0000000000,0,6958141.1162481513,40087.7509484436,0.2015279325
1,225.0000000000,0,6958135.5457907291,40082.1725319526,0.2015279325
1,225.0000000000,0,6958129.9747892721,40076.5946587728,0.2015279325
1,225.0000000000,0,6958124.4033181481,40071.0172547213,0.2015279325
1,225.0000000000,0,6958118.8314415533,40065.4402557389,0.2015279325
1,225.0000000000,0,6958113.2592149051,40059.8636065100,0.2015279325
1,225.0000000000,0,6958107.6866860446,40054.2872592699,0.2015279325
1,225.0000000000,0,6958102.1138962731,40048.7111727750,0.2015279325
1,225.0000000000,0,6958096.5408812445,40043.1353114126,0.2015279325
1,225.0000000000,0,6958090.9676717408,40037.5596444332,0.2015279325
1,225.0000000000,0,6958085.3942943355,40031.9841452861,0.2015279325
1,225.0000000000,0,6958079.8207719708,40026.4087910467,0.2015279325
1,225.0000000000,0,6958074.2471244540,40020.8335619210,0.2015279325
1,225.0000000000,0,6958068.6733688861,40015.2584408187,0.2015279325
1,225.0000000000,0,6958063.0995200295,40009.6834129834,0.2015279325
1,225.0000000000,0,6958057.5255906302,40004.1084656746,0.2015279325
1,225.0000000000,0,6958051.9515916929,39998.5335878920,0.2015279325
1,225.0000000000,0,6958046.3775327187,39992.9587701378,0.2015279325
1,225.0000000000,0,6958040.8034219099,39987.3840042114,0.2015279325
1,225.0000000000,0,6958035.2292663483,39981.8092830328,0.2015279325
1,225.0000000000,0,6958029.6550721489,39976.2346004889,0.2015279325
1,225.0000000000,0,6958024.0808445895,39970.6599513018,0.2015279325
1,225.0000000000,0,6958018.5065882280,39965.0853309145,0.2015279325
1,225.0000000000,0,6958012.9323070003,39959.5107353926,0.2015279325
1,225.0000000000,0,6958007.3580043027,39953.9361613391,0.2015279325
1,225.0000000000,0,6958001.7836830691,39948.3616058212,0.2015279325
1,225.0000000000,0,6957996.2093458315,39942.7870663065,0.2015279325
1,225.0000000000,0,6957990.6349947760,39937.2125406089,0.2015279325
1,225.0000000000,0,6957985.0606317911,39931.6380268408,0.2015279325
1,225.0000000000,0,6957979.4862585058,39926.0635233722,0.2015279325
1,225.0000000000,0,6957973.9118763283,39920.4890287963,0.2015279325
1,225.0000000000,0,6957968.3374864729,39914.9145418980,0.2015279325
1,225.0000000000,0,6957962.7630899884,39909.3400616285,0.2015279325
1,225.0000000000,0,6957957.1886877809,39903.7655870823,0.2015279325
1,225.0000000000,0,6957951.6142806318,39898.1911174773,0.2015279325
1,225.0000000000,0,6957946.0398692163,39892.6166521387,0.2015279325
1,225.0000000000,0,6957940.4654541174,39887.0421904834,0.2015279325
1,225.0000000000,0,6957934.8910358381,39881.4677320083,0.2015279325
1,225.0000000000,0,6957929.3166148132,39875.8932762790,0.2015279325
1,225.0000000000,0,6957923.7421914181,39870.3188229202,0.2015279325
1,225.0000000000,0,6957918.1677659759,39864.7443716082,0.2015279325
1,225.0000000000,0,6957912.5933387661,39859.1699220634,0.2015279325
1,225.0000000000,0,6957907.0189100308,39853.5954740442,0.2015279325
1,225.0000000000,0,6957901.4444799786,39848.0210273423,0.2015279325
1,225.0000000000,0,6957895.8700487893,39842.4465817777,0.2015279325
1,225.0000000000,0,6957890.2956166174,39836.8721371950,0.2015279325
1,225.0000000000,0,6957884.7211835980,39831.2976934601,0.2015279325
1,225.0000000000,0,6957879.1467498466,39825.7232504572,0.2015279325
1,225.0000000000,0,6957873.5723154638,39820.1488080862,0.2015279325
1,225.0000000000,0,6957867.9978805352,39814.5743662609,0.2015279325
1,225.0000000000,0,6957862.4234451354,39808.9999249067,0.2015279325
1,225.0000000000,0,6957856.8490093285,39803.4254839592,0.2015279325
1,225.0000000000,0,6957851.2745731706,39797.8510433628,0.2015279325
1,225.0000000000,0,6957845.7001367090,39792.2766030697,0.2015279325
1,225.0000000000,0,6957840.1256999858,39786.7021630383,0.2015279325
1,225.0000000000,0,6957834.5512630371,39781.1277232329,0.2015279325
1,225.0000000000,0,6957828.9768258929,39775.5532836226,0.2015279325
1,225.0000000000,0,6957823.4023885801,39769.9788441808,0.2015279325
1,225.0000000000,0,6957817.8279511221,39764.4044048844,0.2015279325
1,225.0000000000,0,6957812.2535135383,39758.8299657136,0.2015279325
1,225.0000000000,0,6957806.6790758464,39753.2555266512,0.2015279325
1,225.0000000000,0,6957801.1046380606,39747.6810876824,0.2015279325
1,225.0000000000,0,6957795.5302001946,39742.1066487944,0.2015279325
1,225.0000000000,0,6957789.9557622587,39736.5322099762,0.2015279325
1,225.0000000000,0,6957784.3813242624,39730.9577712183,0.2015279325
1,225.0000000000,0,6957778.8068862138,39725.3833325124,0.2015279325
1,225.0000000000,0,6957773.2324481206,39719.8088938514,0.2015279325
1,225.0000000000,0,6957767.6580099883,39714.2344552292,0.2015279325
1,225.0000000000,0,6957762.0835718224,39708.6600166404,0.2015279325
1,225.0000000000,0,6957756.5091336276,39703.0855780806,0.2015279325
1,225.0000000000,0,6957750.9346954087,39697.5111395457,0.2015279325
1,225.0000000000,1,6958381.0779861091,40384.2229707470,0.1996116971
1,225.0000000000,1,6958375.2277294043,40378.9387278564,0.1996116971
1,225.0000000000,1,6958371.7196864523,40371.8788155987,0.1996116971
1,225.0000000000,1,6958368.0252230084,40364.9146454181,0.1996116971
1,225.0000000000,1,6958364.0836026780,40358.0873212271,0.1996116971
1,225.0000000000,1,6958359.9211544096,40351.3923417010,0.1996116971
1,225.0000000000,1,6958355.5649858993,40344.8217616391,0.1996116971
1,225.0000000000,1,6958351.0400694786,40338.3662323944,0.1996116971
1,225.0000000000,1,6958346.3688927181,40332.0157336648,0.1996116971
1,225.0000000000,1,6958341.5714002373,40325.7601128050,0.1996116971
1,225.0000000000,1,6958336.6650851294,40319.5894727652,0.1996116971
1,225.0000000000,1,6958331.6651672823,40313.4944298646,0.1996116971
1,225.0000000000,1,6958326.5848140130,40307.4662678648,0.1996116971
1,225.0000000000,1,6958321.4353730800,40301.4970146018,0.1996116971
1,225.0000000000,1,6958316.2265996691,40295.5794639261,0.1996116971
1,225.0000000000,1,6958310.9668671899,40289.7071610825,0.1996116971
1,225.0000000000,1,6958305.6633571871,40283.8743651760,0.1996116971
1,225.0000000000,1,6958300.3222270710,40278.0759985501,0.1996116971
1,225.0000000000,1,6958294.9487563130,40272.3075898919,0.1996116971
1,225.0000000000,1,6958289.5474727489,40266.5652156181,0.1996116971
1,225.0000000000,1,6958284.1222610967,40260.8454424608,0.1996116971
1,225.0000000000,1,6958278.6764558507,40255.1452730195,0.1996116971
1,225.0000000000,1,6958273.2129206415,40249.4620952585,0.1996116971
1,225.0000000000,1,6958267.7341159740,40243.7936363981,0.1996116971
1,225.0000000000,1,6958262.2421570132,40238.1379213053,0.1996116971
1,225.0000000000,1,6958256.7388629057,40232.4932352726,0.1996116971
1,225.0000000000,1,6958251.2257988872,40226.8580909467,0.1996116971
1,225.0000000000,1,6958245.7043122612,40221.2311990983,0.1996116971
1,225.0000000000,1,6958240.1755631585,40215.6114428933,0.1996116971
1,225.0000000000,1,6958234.6405508704,40209.9978553230,0.1996116971
1,225.0000000000,1,6958229.1001363946,40204.3895994556,0.1996116971
1,225.0000000000,1,6958223.5550617669,40198.7859511960,0.1996116971
1,225.0000000000,1,6958218.0059666457,40193.1862842614,0.1996116971
1,225.0000000000,1,6958212.4534025472,40187.5900571064,0.1996116971
1,225.0000000000,1,6958206.8978450745,40181.9968015600,0.1996116971
1,225.0000000000,1,6958201.3397044316,40176.4061129587,0.1996116971
1,225.0000000000,1,6958195.7793344650,40170.8176415869,0.1996116971
1,225.0000000000,1,6958190.2170404410,40165.2310852568,0.1996116971
1,225.0000000000,1,6958184.6530857440,40159.6461828793,0.1996116971
1,225.0000000000,1,6958179.0876976419,40154.0627088966,0.1996116971
1,225.0000000000,1,6958173.5210722554,40148.4804684636,0.1996116971
1,225.0000000000,1,6958167.9533788385,40142.8992932781,0.1996116971
1,225.0000000000,1,6958162.3847634643,40137.3190379743,0.1996116971
1,225.0000000000,1,6958156.8153522098,40131.7395770036,0.1996116971
1,225.0000000000,1,6958151.2452538973,40126.1608019381,0.1996116971
1,225.0000000000,1,6958145.6745624589,40120.5826191395,0.1996116971
1,225.0000000000,1,6958140.1033589756,40115.0049477448,0.1996116971
1,225.0000000000,1,6958134.5317134392,40109.4277179254,0.1996116971
1,225.0000000000,1,6958128.9596862700,40103.8508693827,0.1996116971
1,225.0000000000,1,6958123.3873296268,40098.2743500487,0.1996116971
1,225.0000000000,1,6958117.8146885373,40092.6981149635,0.1996116971
1,225.0000000000,1,6958112.2418018728,40087.1221253055,0.1996116971
1,225.0000000000,1,6958106.6687031919,40081.5463475538,0.1996116971
1,225.0000000000,1,6958101.0954214670,40075.9707527649,0.1996116971
1,225.0000000000,1,6958095.5219817087,40070.3953159477,0.1996116971
1,225.0000000000,1,6958089.9484055117,40064.8200155241,0.1996116971
1,225.0000000000,1,6958084.3747115182,40059.2448328631,0.1996116971
1,225.0000000000,1,6958078.8009158224,40053.6697518783,0.1996116971
1,225.0000000000,1,6958073.2270323215,40048.0947586805,0.1996116971
1,225.0000000000,1,6958067.6530730110,40042.5198412775,0.1996116971
1,225.0000000000,1,6958062.0790482499,40036.9449893153,0.1996116971
1,225.0000000000,1,6958056.5049669798,40031.3701938542,0.1996116971
1,225.0000000000,1,6958050.9308369216,40025.7954471756,0.1996116971
1,225.0000000000,1,6958045.3566647405,40020.2207426153,0.1996116971
1,225.0000000000,1,6958039.7824561913,40014.6460744195,0.1996116971
1,225.0000000000,1,6958034.2082162434,40009.0714376204,0.1996116971
1,225.0000000000,1,6958028.6339491857,40003.4968279287,0.1996116971
1,225.0000000000,1,6958023.0596587230,39997.9222416412,0.1996116971
1,225.0000000000,1,6958017.4853480523,39992.3476755606,0.1996116971
1,225.0000000000,1,6958011.9110199343,39986.7731269264,0.1996116971
1,225.0000000000,1,6958006.3366767531,39981.1985933550,0.1996116971
1,225.0000000000,1,6958000.7623205660,39975.6240727887,0.1996116971
1,225.0000000000,1,6957995.1879531508,39970.0495634508,0.1996116971
1,225.0000000000,1,6957989.6135760406,39964.4750638073,0.1996116971
1,225.0000000000,1,6957984.0391905606,39958.9005725339,0.1996116971
1,225.0000000000,1,6957978.4647978535,39953.3260884869,0.1996116971
1,225.0000000000,1,6957972.8903989075,39947.7516106792,0.1996116971
1,225.0000000000,1,6957967.3159945738,39942.1771382584,0.1996116971
1,225.0000000000,1,6957961.7415855899,39936.6026704886,0.1996116971
1,225.0000000000,1,6957956.1671725903,39931.0282067343,0.1996116971
1,225.0000000000,1,6957950.5927561233,39925.4537464469,0.1996116971
1,225.0000000000,1,6957945.0183366630,39919.8792891529,0.1996116971
1,225.0000000000,1,6957939.4439146183,39914.3048344432,0.1996116971
1,225.0000000000,1,6957933.8694903422,39908.7303819649,0.1996116971
1,225.0000000000,1,6957928.2950641401,39903.1559314130,0.1996116971
1,225.0000000000,1,6957922.7206362747,39897.5814825243,0.1996116971
1,225.0000000000,1,6957917.1462069731,39892.0070350718,0.1996116971
1,225.0000000000,1,6957911.5717764320,39886.4325888591,0.1996116971
1,225.0000000000,1,6957905.9973448198,39880.8581437168,0.1996116971
1,225.0000000000,1,6957900.4229122838,39875.2836994989,0.1996116971
1,225.0000000000,1,6957894.8484789496,39869.7092560789,0.1996116971
1,225.0000000000,1,6957889.2740449263,39864.1348133478,0.1996116971
1,225.0000000000,1,6957883.6996103078,39858.5603712116,0.1996116971
1,225.0000000000,1,6957878.1251751762,39852.9859295889,0.1996116971
1,225.0000000000,1,6957872.5507396013,39847.4114884096,0.1996116971
1,225.0000000000,1,6957866.9763036435,39841.8370476131,0.1996116971
1,225.0000000000,1,6957861.4018673552,39836.2626071472,0.1996116971
1,225.0000000000,1,6957855.8274307819,39830.6881669666,0.1996116971
1,225.0000000000,1,6957850.2529939618,39825.1137270324,0.1996116971
1,225.0000000000,1,6957844.6785569293,39819.5392873109,0.1996116971
1,225.0000000000,1,6957839.1041197125,39813.9648477731,0.1996116971
1,225.0000000000,1,6957833.5296823373,39808.3904083939,0.1996116971
1,225.0000000000,1,6957827.9552448252,39802.8159691516,0.1996116971
1,225.0000000000,1,6957822.3808071949,39797.2415300275,0.1996116971
1,225.0000000000,1,6957816.8063694630,39791.6670910054,0.1996116971
1,225.0000000000,1,6957811.2319316426,39786.0926520714,0.1996116971
1,225.0000000000,1,6957805.6574937459,39780.5182132135,0.1996116971
1,225.0000000000,1,6957800.0830557840,39774.9437744212,0.1996116971
1,225.0000000000,1,6957794.5086177653,39769.3693356857,0.1996116971
1,225.0000000000,1,6957788.9341796972,39763.7948969991,0.1996116971
1,225.0000000000,1,6957783.3597415872,39758.2204583548,0.1996116971
1,225.0000000000,1,6957777.7853034409,39752.6460197470,0.1996116971
1,225.0000000000,1,6957772.2108652629,39747.0715811707,0.1996116971
1,225.0000000000,1,6957766.6364270579,39741.4971426216,0.1996116971
1,225.0000000000,1,6957761.0619888296,39735.9227040960,0.1996116971
1,225.0000000000,1,6957755.4875505809,39730.3482655907,0.1996116971
1,225.0000000000,1,6957749.9131123144,39724.7738271029,0.1996116971
1,225.0000000000,1,6957744.3386740331,39719.1993886303,0.1996116971
1,225.0000000000,1,6957738.7642357387,39713.6249501707,0.1996116971
1,225.0000000000,1,6957733.1897974331,39708.0505117224,0.1996116971
1,225.0000000000,2,6958381.0779861091,40384.2229707470,0.2021666514
1,225.0000000000,2,6958375.2277294043,40378.9387278564,0.2021666514
1,225.0000000000,2,6958369.6779651949,40373.3397240467,0.2021666514
1,225.0000000000,2,6958364.1382362526,40367.7307910212,0.2021666514
1,225.0000000000,2,6958358.5944192493,40362.1258985619,0.2021666514
1,225.0000000000,2,6958353.0464422284,40356.5251238459,0.2021666514
1,225.0000000000,2,6958347.4948445261,40350.9279380004,0.2021666514
1,225.0000000000,2,6958341.9401210602,40345.3338541919,0.2021666514
1,225.0000000000,2,6958336.3827001564,40339.7424501340,0.2021666514
1,225.0000000000,2,6958330.8229513513,40334.1533607926,0.2021666514
1,225.0000000000,2,6958325.2611934422,40328.5662707272,0.2021666514
1,225.0000000000,2,6958319.6977014784,40322.9809073898,0.2021666514
1,225.0000000000,2,6958314.1327127889,40317.3970353165,0.2021666514
1,225.0000000000,2,6958308.5664321715,40311.8144511003,0.2021666514
1,225.0000000000,2,6958302.9990363643,40306.2329790398,0.2021666514
1,225.0000000000,2,6958297.4306778982,40300.6524673755,0.2021666514
1,225.0000000000,2,6958291.8614884224,40295.0727850352,0.2021666514
1,225.0000000000,2,6958286.2915815655,40289.4938188187,0.2021666514
1,225.0000000000,2,6958280.7210554080,40283.9154709657,0.2021666514
1,225.0000000000,2,6958275.1499946117,40278.3376570526,0.2021666514
1,225.0000000000,2,6958269.5784722595,40272.7603041751,0.2021666514
1,225.0000000000,2,6958264.0065514380,40267.1833493787,0.2021666514
1,225.0000000000,2,6958258.4342866084,40261.6067383016,0.2021666514
1,225.0000000000,2,6958252.8617247846,40256.0304240028,0.2021666514
1,225.0000000000,2,6958247.2889065538,40250.4543659502,0.2021666514
1,225.0000000000,2,6958241.7158669550,40244.8785291454,0.2021666514
1,225.0000000000,2,6958236.1426362386,40239.3028833694,0.2021666514
1,225.0000000000,2,6958230.5692405188,40233.7274025294,0.2021666514
1,225.0000000000,2,6958224.9957023431,40228.1520640965,0.2021666514
1,225.0000000000,2,6958219.4220411759,40222.5768486181,0.2021666514
1,225.0000000000,2,6958213.8482738221,40217.0017392988,0.2021666514
1,225.0000000000,2,6958208.2744147899,40211.4267216371,0.2021666514
1,225.0000000000,2,6958202.7004766054,40205.8517831122,0.2021666514
1,225.0000000000,2,6958197.1264700834,40200.2769129134,0.2021666514
1,225.0000000000,2,6958191.5524045601,40194.7021017070,0.2021666514
1,225.0000000000,2,6958185.9782880973,40189.1273414341,0.2021666514
1,225.0000000000,2,6958180.4041276546,40183.5526251366,0.2021666514
1,225.0000000000,2,6958174.8299292400,40177.9779468070,0.2021666514
1,225.0000000000,2,6958169.2556980420,40172.4033012584,0.2021666514
1,225.0000000000,2,6958163.6814385392,40166.8286840126,0.2021666514
1,225.0000000000,2,6958158.1071545985,40161.2540912030,0.2021666514
1,225.0000000000,2,6958152.5328495596,40155.6795194912,0.2021666514
1,225.0000000000,2,6958146.9585263040,40150.1049659951,0.2021666514
1,225.0000000000,2,6958141.3841873202,40144.5304282261,0.2021666514
1,225.0000000000,2,6958135.8098347578,40138.9559040357,0.2021666514
1,225.0000000000,2,6958130.2354704719,40133.3813915688,0.2021666514
1,225.0000000000,2,6958124.6610960634,40127.8068892237,0.2021666514
1,225.0000000000,2,6958119.0867129155,40122.2323956178,0.2021666514
1,225.0000000000,2,6958113.5123222219,40116.6579095570,0.2021666514
1,225.0000000000,2,6958107.9379250146,40111.0834300107,0.2021666514
1,225.0000000000,2,6958102.3635221822,40105.5089560887,0.2021666514
1,225.0000000000,2,6958096.7891144939,40099.9344870227,0.2021666514
1,225.0000000000,2,6958091.2147026127,40094.3600221494,0.2021666514
1,225.0000000000,2,6958085.6402871124,40088.7855608958,0.2021666514
1,225.0000000000,2,6958080.0658684867,40083.2111027676,0.2021666514
1,225.0000000000,2,6958074.4914471619,40077.6366473377,0.2021666514
1,225.0000000000,2,6958068.9170235079,40072.0621942375,0.2021666514
1,225.0000000000,2,6958063.3425978422,40066.4877431487,0.2021666514
1,225.0000000000,2,6958057.7681704406,40060.9132937965,0.2021666514
1,225.0000000000,2,6958052.1937415395,40055.3388459437,0.2021666514
1,225.0000000000,2,6958046.6193113439,40049.7643993855,0.2021666514
1,225.0000000000,2,6958041.0448800297,40044.1899539450,0.2021666514
1,225.0000000000,2,6958035.4704477508,40038.6155094694,0.2021666514
1,225.0000000000,2,6958029.8960146392,40033.0410658270,0.2021666514
1,225.0000000000,2,6958024.3215808077,40027.4666229040,0.2021666514
1,225.0000000000,2,6958018.7471463550,40021.8921806019,0.2021666514
1,225.0000000000,2,6958013.1727113668,40016.3177388361,0.2021666514
1,225.0000000000,2,6958007.5982759157,40010.7432975332,0.2021666514
1,225.0000000000,2,6958002.0238400642,40005.1688566300,0.2021666514
1,225.0000000000,2,6957996.4494038681,39999.5944160720,0.2021666514
1,225.0000000000,2,6957990.8749673739,39994.0199758118,0.2021666514
1,225.0000000000,2,6957985.3005306227,39988.4455358090,0.2021666514
1,225.0000000000,2,6957979.7260936489,39982.8710960282,0.2021666514
1,225.0000000000,2,6957974.1516564833,39977.2966564392,0.2021666514
1,225.0000000000,2,6957968.5772191528,39971.7222170157,0.2021666514
1,225.0000000000,2,6957963.0027816789,39966.1477777352,0.2021666514
1,225.0000000000,2,6957957.4283440821,39960.5733385781,0.2021666514
1,225.0000000000,2,6957951.8539063781,39954.9988995276,0.2021666514
1,225.0000000000,2,6957946.2794685820,39949.4244605690,0.2021666514
1,225.0000000000,2,6957940.7050307067,39943.8500216899,0.2021666514
1,225.0000000000,2,6957935.1305927634,39938.2755828794,0.2021666514
1,225.0000000000,2,6957929.5561547605,39932.7011441280,0.2021666514
1,225.0000000000,2,6957923.9817167064,39927.1267054278,0.2021666514
1,225.0000000000,2,6957918.4072786085,39921.5522667717,0.2021666514
1,225.0000000000,2,6957912.8328404725,39915.9778281538,0.2021666514
1,225.0000000000,2,6957907.2584023029,39910.4033895687,0.2021666514
1,225.0000000000,2,6957901.6839641053,39904.8289510121,0.2021666514
1,225.0000000000,2,6957896.1095258836,39899.2545124800,0.2021666514
1,225.0000000000,2,6957890.5350876404,39893.6800739690,0.2021666514
1,225.0000000000,2,6957884.9606493786,39888.1056354764,0.2021666514
1,225.0000000000,2,6957879.3862111010,39882.5311969996,0.2021666514
1,225.0000000000,2,6957873.8117728103,39876.9567585363,0.2021666514
1,225.0000000000,2,6957868.2373345075,39871.3823200848,0.2021666514
1,225.0000000000,2,6957862.6628961945,39865.8078816435,0.2021666514
1,225.0000000000,2,6957857.0884578731,39860.2334432110,0.2021666514
1,225.0000000000,2,6957851.5140195442,39854.6590047860,0.2021666514
1,225.0000000000,2,6957845.9395812079,39849.0845663676,0.2021666514
1,225.0000000000,2,6957840.3651428660,39843.5101279549,0.2021666514
1,225.0000000000,2,6957834.7907045195,39837.9356895470,0.2021666514
1,225.0000000000,2,6957829.2162661692,39832.3612511432,0.2021666514
1,225.0000000000,2,6957823.6418278152,39826.7868127431,0.2021666514
1,225.0000000000,2,6957818.0673894575,39821.2123743462,0.2021666514
1,225.0000000000,2,6957812.4929510979,39815.6379359519,0.2021666514
1,225.0000000000,2,6957806.9185127355,39810.0634975600,0.2021666514
1,225.0000000000,2,6957801.3440743713,39804.4890591701,0.2021666514
1,225.0000000000,2,6957795.7696360052,39798.9146207820,0.2021666514
1,225.0000000000,2,6957790.1951976372,39793.3401823954,0.2021666514
1,225.0000000000,2,6957784.6207592683,39787.7657440100,0.2021666514
1,225.0000000000,2,6957779.0463208985,39782.1913056258,0.2021666514
1,225.0000000000,2,6957773.4718825277,39776.6168672426,0.2021666514
1,225.0000000000,2,6957767.8974441560,39771.0424288602,0.2021666514
1,225.0000000000,2,6957762.3230057834,39765.4679904785,0.2021666514
1,225.0000000000,2,6957756.7485674098,39759.8935520974,0.2021666514
1,225.0000000000,2,6957751.1741290363,39754.3191137169,0.2021666514
1,225.0000000000,2,6957745.5996906618,39748.7446753369,0.2021666514
1,225.0000000000,2,6957740.0252522873,39743.1702369572,0.2021666514
1,225.0000000000,2,6957734.4508139128,39737.5957985779,0.2021666514
1,225.0000000000,2,6957728.8763755374,39732.0213601989,0.2021666514
1,225.0000000000,2,6957723.3019371619,39726.4469218201,0.2021666514
1,225.0000000000,2,6957717.7274987865,39720.8724834416,0.2021666514
1,225.0000000000,3,6958381.0779861091,40384.2229707470,0.1986371877
1,225.0000000000,3,6958375.2277294043,40378.9387278564,0.1986371877
1,225.0000000000,3,6958368.1990791773,40375.3684614205,0.1986371877
1,225.0000000000,3,6958361.2771226317,40371.5954991871,0.1986371877
1,225.0000000000,3,6958354.4908176987,40367.5836677100,0.1986371877
1,225.0000000000,3,6958347.8346249983,40363.3594725002,0.1986371877
1,225.0000000000,3,6958341.3000954986,40358.9494100683,0.1986371877
1,225.0000000000,3,6958334.8776100846,40354.3777137144,0.1986371877
1,225.0000000000,3,6958328.5570584089,40349.6660947824,0.1986371877
1,225.0000000000,3,6958322.3283310300,40344.8337370058,0.1986371877
1,225.0000000000,3,6958316.1816651691,40339.8974200354,0.1986371877
1,225.0000000000,3,6958310.1078680353,40334.8717146305,0.1986371877
1,225.0000000000,3,6958304.0984446704,40329.7692096317,0.1986371877
1,225.0000000000,3,6958298.1456557326,40324.6007446471,0.1986371877
1,225.0000000000,3,6958292.2425266020,40319.3756328863,0.1986371877
1,225.0000000000,3,6958286.3828245373,40314.1018659065,0.1986371877
1,225.0000000000,3,6958280.5610162700,40308.7862967992,0.1986371877
1,225.0000000000,3,6958274.7722148672,40303.4348012358,0.1986371877
1,225.0000000000,3,6958269.0121219233,40298.0524174037,0.1986371877
1,225.0000000000,3,6958263.2769690575,40292.6434666690,0.1986371877
1,225.0000000000,3,6958257.5634612627,40287.2116571072,0.1986371877
1,225.0000000000,3,6958251.8687235797,40281.7601720658,0.1986371877
1,225.0000000000,3,6958246.1902519045,40276.2917457955,0.1986371877
1,225.0000000000,3,6958240.5258682510,40270.8087279891,0.1986371877
1,225.0000000000,3,6958234.8736804947,40265.3131388477,0.1986371877
1,225.0000000000,3,6958229.2320464458,40259.8067160797,0.1986371877
1,225.0000000000,3,6958223.5995419798,40254.2909550369,0.1986371877
1,225.0000000000,3,6958217.9749329109,40248.7671430147,0.1986371877
1,225.0000000000,3,6958212.3571502594,40243.2363885888,0.1986371877
1,225.0000000000,3,6958206.7452685768,40237.6996467289,0.1986371877
1,225.0000000000,3,6958201.1384869935,40232.1577403136,0.1986371877
1,225.0000000000,3,6958195.5361126810,40226.6113785782,0.1986371877
1,225.0000000000,3,6958189.9375464479,40221.0611729444,0.1986371877
1,225.0000000000,3,6958184.3422702122,40215.5076506125,0.1986371877
1,225.0000000000,3,6958178.7498361142,40209.9512662398,0.1986371877
1,225.0000000000,3,6958173.1598570645,40204.3924119817,0.1986371877
1,225.0000000000,3,6958167.5719985506,40198.8314261275,0.1986371877
1,225.0000000000,3,6958161.9859715328,40193.2686005330,0.1986371877
1,225.0000000000,3,6958156.4015262891,40187.7041870187,0.1986371877
1,225.0000000000,3,6958150.8184470879,40182.1384028804,0.1986371877
1,225.0000000000,3,6958145.2365475772,40176.5714356368,0.1986371877
1,225.0000000000,3,6958139.6556667937,40171.0034471203,0.1986371877
1,225.0000000000,3,6958134.0756657124,40165.4345770035,0.1986371877
1,225.0000000000,3,6958128.4964242643,40159.8649458395,0.1986371877
1,225.0000000000,3,6958122.9178387532,40154.2946576835,0.1986371877
1,225.0000000000,3,6958117.3398196297,40148.7238023539,0.1986371877
1,225.0000000000,3,6958111.7622895623,40143.1524573826,0.1986371877
1,225.0000000000,3,6958106.1851817723,40137.5806896975,0.1986371877
1,225.0000000000,3,6958100.6084385943,40132.0085570744,0.1986371877
1,225.0000000000,3,6958095.0320102358,40126.4361093893,0.1986371877
1,225.0000000000,3,6958089.4558537016,40120.8633896993,0.1986371877
1,225.0000000000,3,6958083.8799318662,40115.2904351757,0.1986371877
1,225.0000000000,3,6958078.3042126736,40109.7172779089,0.1986371877
1,225.0000000000,3,6958072.7286684448,40104.1439456028,0.1986371877
1,225.0000000000,3,6958067.1532752812,40098.5704621755,0.1986371877
1,225.0000000000,3,6958061.5780125484,40092.9968482758,0.1986371877
1,225.0000000000,3,6958056.0028624302,40087.4231217310,0.1986371877
1,225.0000000000,3,6958050.4278095420,40081.8492979323,0.1986371877
1,225.0000000000,3,6958044.8528406033,40076.2753901675,0.1986371877
1,225.0000000000,3,6958039.2779441457,40070.7014099090,0.1986371877
1,225.0000000000,3,6958033.7031102674,40065.1273670612,0.1986371877
1,225.0000000000,3,6958028.1283304198,40059.5532701758,0.1986371877
1,225.0000000000,3,6958022.5535972212,40053.9791266354,0.1986371877
1,225.0000000000,3,6958016.9789042994,40048.4049428143,0.1986371877
1,225.0000000000,3,6958011.4042461524,40042.8307242157,0.1986371877
1,225.0000000000,3,6958005.8296180293,40037.2564755911,0.1986371877
1,225.0000000000,3,6958000.2550158286,40031.6822010426,0.1986371877
1,225.0000000000,3,6957994.6804360086,40026.1079041120,0.1986371877
1,225.0000000000,3,6957989.1058755117,40020.5335878572,0.1986371877
1,225.0000000000,3,6957983.5313316984,40014.9592549182,0.1986371877
1,225.0000000000,3,6957977.9568022890,40009.3849075744,0.1986371877
1,225.0000000000,3,6957972.3822853165,40003.8105477938,0.1986371877
1,225.0000000000,3,6957966.8077790812,39998.2361772754,0.1986371877
1,225.0000000000,3,6957961.2332821162,39992.6617974863,0.1986371877
1,225.0000000000,3,6957955.6587931560,39987.0874096931,0.1986371877
1,225.0000000000,3,6957950.0843111062,39981.5130149891,0.1986371877
1,225.0000000000,3,6957944.5098350225,39975.9386143186,0.1986371877
1,225.0000000000,3,6957938.9353640899,39970.3642084968,0.1986371877
1,225.0000000000,3,6957933.3608976053,39964.7897982273,0.1986371877
1,225.0000000000,3,6957927.7864349606,39959.2153841178,0.1986371877
1,225.0000000000,3,6957922.2119756313,39953.6409666929,0.1986371877
1,225.0000000000,3,6957916.6375191640,39948.0665464055,0.1986371877
1,225.0000000000,3,6957911.0630651684,39942.4921236468,0.1986371877
1,225.0000000000,3,6957905.4886133065,39936.9176987543,0.1986371877
1,225.0000000000,3,6957899.9141632868,39931.3432720195,0.1986371877
1,225.0000000000,3,6957894.3397148577,39925.7688436942,0.1986371877
1,225.0000000000,3,6957888.7652678024,39920.1944139957,0.1986371877
1,225.0000000000,3,6957883.1908219326,39914.6199831114,0.1986371877
1,225.0000000000,3,6957877.6163770864,39909.0455512036,0.1986371877
1,225.0000000000,3,6957872.0419331240,39903.4711184119,0.1986371877
1,225.0000000000,3,6957866.4674899243,39897.8966848572,0.1986371877
1,225.0000000000,3,6957860.8930473840,39892.3222506436,0.1986371877
1,225.0000000000,3,6957855.3186054118,39886.7478158613,0.1986371877
1,225.0000000000,3,6957849.7441639313,39881.1733805878,0.1986371877
1,225.0000000000,3,6957844.1697228746,39875.5989448903,0.1986371877
1,225.0000000000,3,6957838.5952821840,39870.0245088268,0.1986371877
1,225.0000000000,3,6957833.0208418090,39864.4500724472,0.1986371877
1,225.0000000000,3,6957827.4464017069,39858.8756357947,0.1986371877
1,225.0000000000,3,6957821.8719618404,39853.3011989065,0.1986371877
1,225.0000000000,3,6957816.2975221779,39847.7267618149,0.1986371877
1,225.0000000000,3,6957810.7230826905,39842.1523245477,0.1986371877
1,225.0000000000,3,6957805.1486433549,39836.5778871288,0.1986371877
1,225.0000000000,3,6957799.5742041506,39831.0034495790,0.1986371877
1,225.0000000000,3,6957793.9997650590,39825.4290119162,0.1986371877
1,225.0000000000,3,6957788.4253260652,39819.8545741558,0.1986371877
1,225.0000000000,3,6957782.8508871552,39814.2801363111,0.1986371877
1,225.0000000000,3,6957777.2764483187,39808.7056983937,0.1986371877
1,225.0000000000,3,6957771.7020095447,39803.1312604134,0.1986371877
1,225.0000000000,3,6957766.1275708247,39797.5568223790,0.1986371877
1,225.0000000000,3,6957760.5531321513,39791.9823842977,0.1986371877
1,225.0000000000,3,6957754.9786935188,39786.4079461760,0.1986371877
1,225.0000000000,3,6957749.4042549208,39780.8335080194,0.1986371877
1,225.0000000000,3,6957743.8298163535,39775.2590698326,0.1986371877
1,225.0000000000,3,6957738.2553778123,39769.6846316198,0.1986371877
1,225.0000000000,3,6957732.6809392935,39764.1101933846,0.1986371877
1,225.0000000000,3,6957727.1065007942,39758.5357551300,0.1986371877
1,225.0000000000,3,6957721.5320623117,39752.9613168587,0.1986371877
1,225.0000000000,3,6957715.9576238431,39747.3868785730,0.1986371877
1,225.0000000000,3,6957710.3831853867,39741.8124402748,0.1986371877
1,225.0000000000,3,6957704.8087469414,39736.2380019658,0.1986371877
1,225.0000000000,4,6958381.0779861091,40384.2229707470,0.1980565314
1,225.0000000000,4,6958375.2277294043,40378.9387278564,0.1980565314
1,225.0000000000,4,6958367.4976461446,40377.3912979759,0.1980565314
1,225.0000000000,4,6958359.8575322665,40375.4477480368,0.1980565314
1,225.0000000000,4,6958352.3241214454,40373.1247224582,0.1980565314
1,225.0000000000,4,6958344.9124123342,40370.4385924375,0.1980565314
1,225.0000000000,4,6958337.6333511565,40367.4113833577,0.1980565314
1,225.0000000000,4,6958330.4933969416,40364.0692612406,0.1980565314
1,225.0000000000,4,6958323.4945696890,40360.4408809503,0.1980565314
1,225.0000000000,4,6958316.6349187149,40356.5557921538,0.1980565314
1,225.0000000000,4,6958309.9092648262,40352.4430915551,0.1980565314
1,225.0000000000,4,6958303.3100544279,40348.1304185375,0.1980565314
1,225.0000000000,4,6958296.8281912412,40343.6433063181,0.1980565314
1,225.0000000000,4,6958290.4537590593,40339.0048431244,0.1980565314
1,225.0000000000,4,6958284.1765961619,40334.2355714401,0.1980565314
1,225.0000000000,4,6958277.9867173070,40329.3535507315,0.1980565314
1,225.0000000000,4,6958271.8746000091,40324.3745198442,0.1980565314
1,225.0000000000,4,6958265.8313606968,40319.3121108268,0.1980565314
1,225.0000000000,4,6958259.8488474544,40314.1780810500,0.1980565314
1,225.0000000000,4,6958253.9196730880,40308.9825427932,0.1980565314
1,225.0000000000,4,6958248.0372077674,40303.7341784582,0.1980565314
1,225.0000000000,4,6958242.1955458960,40298.4404356408,0.1980565314
1,225.0000000000,4,6958236.3894578712,40293.1077001053,0.1980565314
1,225.0000000000,4,6958230.6143341921,40287.7414469492,0.1980565314
1,225.0000000000,4,6958224.8661269350,40282.3463714378,0.1980565314
1,225.0000000000,4,6958219.1412918596,40276.9265015313,0.1980565314
1,225.0000000000,4,6958213.4367331471,40271.4852942815,0.1980565314
1,225.0000000000,4,6958207.7497519059,40266.0257182171,0.1980565314
1,225.0000000000,4,6958202.0779990051,40260.5503236679,0.1980565314
1,225.0000000000,4,6958196.4194324017,40255.0613027680,0.1980565314
1,225.0000000000,4,6958190.7722789021,40249.5605406573,0.1980565314
1,225.0000000000,4,6958185.1350001330,40244.0496591920,0.1980565314
1,225.0000000000,4,6958179.5062624328,40238.5300542840,0.1980565314
1,225.0000000000,4,6958173.8849103237,40233.0029278236,0.1980565314
1,225.0000000000,4,6958168.2699432289,40227.4693149928,0.1980565314
1,225.0000000000,4,6958162.6604950819,40221.9301076558,0.1980565314
1,225.0000000000,4,6958157.0558165219,40216.3860744053,0.1980565314
1,225.0000000000,4,6958151.4552593715,40210.8378777574,0.1980565314
1,225.0000000000,4,6958145.8582631201,40205.2860889103,0.1980565314
1,225.0000000000,4,6958140.2643431779,40199.7312004215,0.1980565314
1,225.0000000000,4,6958134.6730806734,40194.1736371026,0.1980565314
1,225.0000000000,4,6958129.0841135988,40188.6137653887,0.1980565314
1,225.0000000000,4,6958123.4971291348,40183.0519013993,0.1980565314
1,225.0000000000,4,6958117.9118570006,40177.4883178759,0.1980565314
1,225.0000000000,4,6958112.3280636910,40171.9232501564,0.1980565314
1,225.0000000000,4,6958106.7455474939,40166.3569013214,0.1980565314
1,225.0000000000,4,6958101.1641341718,40160.7894466273,0.1980565314
1,225.0000000000,4,6958095.5836732304,40155.2210373283,0.1980565314
1,225.0000000000,4,6958090.0040346896,40149.6518039703,0.1980565314
1,225.0000000000,4,6958084.4251062935,40144.0818592313,0.1980565314
1,225.0000000000,4,6958078.8467910979,40138.5113003707,0.1980565314
1,225.0000000000,4,6958073.2690053834,40132.9402113423,0.1980565314
1,225.0000000000,4,6958067.6916768542,40127.3686646166,0.1980565314
1,225.0000000000,4,6958062.1147430809,40121.7967227530,0.1980565314
1,225.0000000000,4,6958056.5381501559,40116.2244397566,0.1980565314
1,225.0000000000,4,6958050.9618515307,40110.6518622490,0.1980565314
1,225.0000000000,4,6958045.3858070103,40105.0790304777,0.1980565314
1,225.0000000000,4,6958039.8099818900,40099.5059791891,0.1980565314
1,225.0000000000,4,6958034.2343462026,40093.9327383798,0.1980565314
1,225.0000000000,4,6958028.6588740731,40088.3593339469,0.1980565314
1,225.0000000000,4,6958023.0835431609,40082.7857882480,0.1980565314
1,225.0000000000,4,6958017.5083341757,40077.2121205854,0.1980565314
1,225.0000000000,4,6958011.9332304625,40071.6383476237,0.1980565314
1,225.0000000000,4,6958006.3582176408,40066.0644837499,0.1980565314
1,225.0000000000,4,6958000.7832832951,40060.4905413856,0.1980565314
1,225.0000000000,4,6957995.2084167050,40054.9165312547,0.1980565314
1,225.0000000000,4,6957989.6336086141,40049.3424626161,0.1980565314
1,225.0000000000,4,6957984.0588510307,40043.7683434633,0.1980565314
1,225.0000000000,4,6957978.4841370555,40038.1941806980,0.1980565314
1,225.0000000000,4,6957972.9094607309,40032.6199802784,0.1980565314
1,225.0000000000,4,6957967.3348169131,40027.0457473492,0.1980565314
1,225.0000000000,4,6957961.7602011617,40021.4714863517,0.1980565314
1,225.0000000000,4,6957956.1856096424,40015.8972011208,0.1980565314
1,225.0000000000,4,6957950.6110390453,40010.3228949672,0.1980565314
1,225.0000000000,4,6957945.0364865111,40004.7485707494,0.1980565314
1,225.0000000000,4,6957939.4619495729,39999.1742309353,0.1980565314
1,225.0000000000,4,6957933.8874260997,39993.5998776557,0.1980565314
1,225.0000000000,4,6957928.3129142523,39988.0255127502,0.1980565314
1,225.0000000000,4,6957922.7384124417,39982.4511378072,0.1980565314
1,225.0000000000,4,6957917.1639192970,39976.8767541980,0.1980565314
1,225.0000000000,4,6957911.5894336347,39971.3023631065,0.1980565314
1,225.0000000000,4,6957906.0149544319,39965.7279655549,0.1980565314
1,225.0000000000,4,6957900.4404808069,39960.1535624259,0.1980565314
1,225.0000000000,4,6957894.8660119977,39954.5791544813,0.1980565314
1,225.0000000000,4,6957889.2915473459,39949.0047423791,0.1980565314
1,225.0000000000,4,6957883.7170862835,39943.4303266872,0.1980565314
1,225.0000000000,4,6957878.1426283205,39937.8559078962,0.1980565314
1,225.0000000000,4,6957872.5681730332,39932.2814864294,0.1980565314
1,225.0000000000,4,6957866.9937200556,39926.7070626523,0.1980565314
1,225.0000000000,4,6957861.4192690728,39921.1326368807,0.1980565314
1,225.0000000000,4,6957855.8448198121,39915.5582093868,0.1980565314
1,225.0000000000,4,6957850.2703720387,39909.9837804061,0.1980565314
1,225.0000000000,4,6957844.6959255487,39904.4093501417,0.1980565314
1,225.0000000000,4,6957839.1214801669,39898.8349187689,0.1980565314
1,225.0000000000,4,6957833.5470357426,39893.2604864393,0.1980565314
1,225.0000000000,4,6957827.9725921443,39887.6860532834,0.1980565314
1,225.0000000000,4,6957822.3981492594,39882.1116194142,0.1980565314
1,225.0000000000,4,6957816.8237069901,39876.5371849291,0.1980565314
1,225.0000000000,4,6957811.2492652526,39870.9627499124,0.1980565314
1,225.0000000000,4,6957805.6748239743,39865.3883144365,0.1980565314
1,225.0000000000,4,6957800.1003830926,39859.8138785643,0.1980565314
1,225.0000000000,4,6957794.5259425528,39854.2394423499,0.1980565314
1,225.0000000000,4,6957788.9515023082,39848.6650058400,0.1980565314
1,225.0000000000,4,6957783.3770623188,39843.0905690750,0.1980565314
1,225.0000000000,4,6957777.8026225502,39837.5161320898,0.1980565314
1,225.0000000000,4,6957772.2281829715,39831.9416949144,0.1980565314
1,225.0000000000,4,6957766.6537435567,39826.3672575749,0.1980565314
1,225.0000000000,4,6957761.0793042835,39820.7928200936,0.1980565314
1,225.0000000000,4,6957755.5048651332,39815.2183824899,0.1980565314
1,225.0000000000,4,6957749.9304260882,39809.6439447806,0.1980565314
1,225.0000000000,4,6957744.3559871344,39804.0695069800,0.1980565314
1,225.0000000000,4,6957738.7815482598,39798.4950691006,0.1980565314
1,225.0000000000,4,6957733.2071094532,39792.9206311533,0.1980565314
1,225.0000000000,4,6957727.6326707052,39787.3461931472,0.1980565314
1,225.0000000000,4,6957722.0582320075,39781.7717550905,0.1980565314
1,225.0000000000,4,6957716.4837933537,39776.1973169900,0.1980565314
1,225.0000000000,4,6957710.9093547380,39770.6228788517,0.1980565314
1,225.0000000000,4,6957705.3349161549,39765.0484406808,0.1980565314
1,225.0000000000,4,6957699.7604775997,39759.4740024817,0.1980565314
1,225.0000000000,4,6957694.1860390687,39753.8995642584,0.1980565314
1,230.0000000000,0,6958362.3433598056,40360.0009684107,0.1987251842
1,230.0000000000,0,6958357.5115171410,40354.8938031695,0.1987251842
1,230.0000000000,0,6958356.1453324417,40347.9971822795,0.1987251842
1,230.0000000000,0,6958354.4277820019,40341.1795682673,0.1987251842
1,230.0000000000,0,6958352.4119497472,40334.4441202011,0.1987251842
1,230.0000000000,0,6958350.1080822637,40327.8016782592,0.1987251842
1,230.0000000000,0,6958347.5307409680,40321.2604893629,0.1987251842
1,230.0000000000,0,6958344.6972364113,40314.8261213083,0.1987251842
1,230.0000000000,0,6958341.6267586229,40308.5014073637,0.1987251842
1,230.0000000000,0,6958338.3394905590,40302.2866097801,0.1987251842
1,230.0000000000,0,6958334.8558052732,40296.1797466606,0.1987251842
1,230.0000000000,0,6958331.1956067523,40290.1770150221,0.1987251842
1,230.0000000000,0,6958327.3778397059,40284.2732454540,0.1987251842
1,230.0000000000,0,6958323.4201649269,40278.4623375491,0.1987251842
1,230.0000000000,0,6958319.3387783663,40272.7376433151,0.1987251842
1,230.0000000000,0,6958315.1483435873,40267.0922826804,0.1987251842
1,230.0000000000,0,6958310.8620064082,40261.5193881080,0.1987251842
1,230.0000000000,0,6958306.4914641185,40256.0122835666,0.1987251842
1,230.0000000000,0,6958302.0470672064,40250.5646073259,0.1987251842
1,230.0000000000,0,6958297.5379372304,40245.1703893850,0.1987251842
1,230.0000000000,0,6958292.9720895262,40239.8240939317,0.1987251842
1,230.0000000000,0,6958288.3565534148,40234.5206359333,0.1987251842
1,230.0000000000,0,6958283.6974855522,40229.2553793413,0.1987251842
1,230.0000000000,0,6958279.0002741087,40224.0241228011,0.1987251842
1,230.0000000000,0,6958274.2696328722,40218.8230773462,0.1987251842
1,230.0000000000,0,6958269.5096852025,40213.6488393818,0.1987251842
1,230.0000000000,0,6958264.7240383010,40208.4983613391,0.1987251842
1,230.0000000000,0,6958259.9158485252,40203.3689216610,0.1987251842
1,230.0000000000,0,6958255.0878785904,40198.2580952463,0.1987251842
1,230.0000000000,0,6958250.2425475391,40193.1637250855,0.1987251842
1,230.0000000000,0,6958245.3819743162,40188.0838955332,0.1987251842
1,230.0000000000,0,6958240.5080157379,40183.0169074625,0.1987251842
1,230.0000000000,0,6958235.6222995557,40177.9612554054,0.1987251842
1,230.0000000000,0,6958230.7262532590,40172.9156066862,0.1987251842
1,230.0000000000,0,6958225.8211291647,40167.8787824936,0.1987251842
1,230.0000000000,0,6958220.9080262808,40162.8497407966,0.1987251842
1,230.0000000000,0,6958215.9879093822,40157.8275609872,0.1987251842
1,230.0000000000,0,6958211.0616256455,40152.8114301195,0.1987251842
1,230.0000000000,0,6958206.1299191825,40147.8006306132,0.1987251842
1,230.0000000000,0,6958201.1934437323,40142.7945292898,0.1987251842
1,230.0000000000,0,6958196.2527737636,40137.7925676158,0.1987251842
1,230.0000000000,0,6958191.3084141836,40132.7942530320,0.1987251842
1,230.0000000000,0,6958186.3608088410,40127.7991512603,0.1987251842
1,230.0000000000,0,6958181.4103479702,40122.8068794829,0.1987251842
1,230.0000000000,0,6958176.4573747152,40117.8171003030,0.1987251842
1,230.0000000000,0,6958171.5021908497,40112.8295164001,0.1987251842
1,230.0000000000,0,6958166.5450617950,40107.8438658037,0.1987251842
1,230.0000000000,0,6958161.5862210235,40102.8599177170,0.1987251842
1,230.0000000000,0,6958156.6258739196,40097.8774688271,0.1987251842
1,230.0000000000,0,6958151.6642011758,40092.8963400482,0.1987251842
1,230.0000000000,0,6958146.7013617698,40087.9163736463,0.1987251842
1,230.0000000000,0,6958141.7374955853,40082.9374307031,0.1987251842
1,230.0000000000,0,6958136.7727257088,40077.9593888783,0.1987251842
1,230.0000000000,0,6958131.8071604557,40072.9821404369,0.1987251842
1,230.0000000000,0,6958126.8408951433,40068.0055905099,0.1987251842
1,230.0000000000,0,6958121.8740136549,40063.0296555611,0.1987251842
1,230.0000000000,0,6958116.9065898154,40058.0542620359,0.1987251842
1,230.0000000000,0,6958111.9386885976,40053.0793451702,0.1987251842
1,230.0000000000,0,6958106.9703671848,40048.1048479420,0.1987251842
1,230.0000000000,0,6958102.0016759075,40043.1307201466,0.1987251842
1,230.0000000000,0,6958097.0326590650,40038.1569175824,0.1987251842
1,230.0000000000,0,6958092.0633556470,40033.1834013343,0.1987251842
1,230.0000000000,0,6958087.0937999729,40028.2101371414,0.1987251842
1,230.0000000000,0,6958082.1240222501,40023.2370948413,0.1987251842
1,230.0000000000,0,6958077.1540490678,40018.2642478797,0.1987251842
1,230.0000000000,0,6958072.1839038311,40013.2915728792,0.1987251842
1,230.0000000000,0,6958067.2136071408,40008.3190492596,0.1987251842
1,230.0000000000,0,6958062.2431771317,40003.3466589031,0.1987251842
1,230.0000000000,0,6958057.2726297658,39998.3743858600,0.1987251842
1,230.0000000000,0,6958052.3019790938,39993.4022160891,0.1987251842
1,230.0000000000,0,6958047.3312374847,39988.4301372297,0.1987251842
1,230.0000000000,0,6958042.3604158247,39983.4581384003,0.1987251842
1,230.0000000000,0,6958037.3895236989,39978.4862100216,0.1987251842
1,230.0000000000,0,6958032.4185695425,39973.5143436610,0.1987251842
1,230.0000000000,0,6958027.4475607816,39968.5425318950,0.1987251842
1,230.0000000000,0,6958022.4765039543,39963.5707681886,0.1987251842
1,230.0000000000,0,6958017.5054048141,39958.5990467891,0.1987251842
1,230.0000000000,0,6958012.5342684276,39953.6273626322,0.1987251842
1,230.0000000000,0,6958007.5630992530,39948.6557112601,0.1987251842
1,230.0000000000,0,6958002.5919012148,39943.6840887481,0.1987251842
1,230.0000000000,0,6957997.6206777692,39938.7124916418,0.1987251842
1,230.0000000000,0,6957992.6494319579,39933.7409168998,0.1987251842
1,230.0000000000,0,6957987.6781664575,39928.7693618452,0.1987251842
1,230.0000000000,0,6957982.7068836261,39923.7978241211,0.1987251842
1,230.0000000000,0,6957977.7355855377,39918.8263016530,0.1987251842
1,230.0000000000,0,6957972.7642740188,39913.8547926147,0.1987251842
1,230.0000000000,0,6957967.7929506777,39908.8832953986,0.1987251842
1,230.0000000000,0,6957962.8216169290,39903.9118085895,0.1987251842
1,230.0000000000,0,6957957.8502740189,39898.9403309416,0.1987251842
1,230.0000000000,0,6957952.8789230445,39893.9688613582,0.1987251842
1,230.0000000000,0,6957947.9075649707,39888.9973988739,0.1987251842
1,230.0000000000,0,6957942.9362006467,39884.0259426390,0.1987251842
1,230.0000000000,0,6957937.9648308214,39879.0544919054,0.1987251842
1,230.0000000000,0,6957932.9934561541,39874.0830460144,0.1987251842
1,230.0000000000,0,6957928.0220772233,39869.1116043863,0.1987251842
1,230.0000000000,0,6957923.0506945401,39864.1401665110,0.1987251842
1,230.0000000000,0,6957918.0793085536,39859.1687319391,0.1987251842
1,230.0000000000,0,6957913.1079196585,39854.1973002753,0.1987251842
1,230.0000000000,0,6957908.1365282033,39849.2258711714,0.1987251842
1,230.0000000000,0,6957903.1651344951,39844.2544443209,0.1987251842
1,230.0000000000,0,6957898.1937388033,39839.2830194540,0.1987251842
1,230.0000000000,0,6957893.2223413652,39834.3115963334,0.1987251842
1,230.0000000000,0,6957888.2509423895,39829.3401747501,0.1987251842
1,230.0000000000,0,6957883.2795420606,39824.3687545199,0.1987251842
1,230.0000000000,0,6957878.3081405405,39819.3973354808,0.1987251842
1,230.0000000000,0,6957873.3367379718,39814.4259174904,0.1987251842
1,230.0000000000,0,6957868.3653344801,39809.4545004230,0.1987251842
1,230.0000000000,0,6957863.3939301763,39804.4830841682,0.1987251842
1,230.0000000000,0,6957858.4225251572,39799.5116686286,0.1987251842
1,230.0000000000,0,6957853.4511195086,39794.5402537188,0.1987251842
1,230.0000000000,0,6957848.4797133049,39789.5688393633,0.1987251842
1,230.0000000000,0,6957843.5083066132,39784.5974254957,0.1987251842
1,230.0000000000,0,6957838.5368994921,39779.6260120577,0.1987251842
1,230.0000000000,0,6957833.5654919930,39774.6545989977,0.1987251842
1,230.0000000000,0,6957828.5940841613,39769.6831862706,0.1987251842
1,230.0000000000,0,6957823.6226760363,39764.7117738364,0.1987251842
1,230.0000000000,0,6957818.6512676533,39759.7403616603,0.1987251842
1,230.0000000000,0,6957813.6798590440,39754.7689497111,0.1987251842
1,230.0000000000,0,6957808.7084502345,39749.7975379618,0.1987251842
1,230.0000000000,0,6957803.7370412489,39744.8261263885,0.1987251842
1,230.0000000000,1,6958362.3433598056,40360.0009684107,0.1998322414
1,230.0000000000,1,6958357.5115171410,40354.8938031695,0.1998322414
1,230.0000000000,1,6958354.3400683179,40348.6191117270,0.1998322414
1,230.0000000000,1,6958350.9933790741,40342.4361099127,0.1998322414
1,230.0000000000,1,6958347.4566404633,40336.3598182531,0.1998322414
1,230.0000000000,1,6958343.7489915667,40330.3862782649,0.1998322414
1,230.0000000000,1,6958339.8890227303,40324.5100140680,0.1998322414
1,230.0000000000,1,6958335.8939840198,40318.7247304936,0.1998322414
1,230.0000000000,1,6958331.7796310885,40313.0236831957,0.1998322414
1,230.0000000000,1,6958327.5601843074,40307.3999736374,0.1998322414
1,230.0000000000,1,6958323.2483617906,40301.8467739368,0.1998322414
1,230.0000000000,1,6958318.8554600198,40296.3574885216,0.1998322414
1,230.0000000000,1,6958314.3914616816,40290.9258626907,0.1998322414
1,230.0000000000,1,6958309.8651559008,40285.5460489102,0.1998322414
1,230.0000000000,1,6958305.2842608308,40280.2126409290,0.1998322414
1,230.0000000000,1,6958300.6555422219,40274.9206843561,0.1998322414
1,230.0000000000,1,6958295.9849242792,40269.6656707151,0.1998322414
1,230.0000000000,1,6958291.2775909835,40264.4435204324,0.1998322414
1,230.0000000000,1,6958286.5380772324,40259.2505588747,0.1998322414
1,230.0000000000,1,6958281.7703499366,40254.0834884509,0.1998322414
1,230.0000000000,1,6958276.9778796146,40248.9393589280,0.1998322414
1,230.0000000000,1,6958272.1637032740,40243.8155374541,0.1998322414
1,230.0000000000,1,6958267.3304794328,40238.7096792860,0.1998322414
1,230.0000000000,1,6958262.4805361545,40233.6196998627,0.1998322414
1,230.0000000000,1,6958257.6159129264,40228.5437486037,0.1998322414
1,230.0000000000,1,6958252.7383971410,40223.4801846323,0.1998322414
1,230.0000000000,1,6958247.8495558649,40218.4275544944,0.1998322414
1,230.0000000000,1,6958242.9507635152,40213.3845718603,0.1998322414
1,230.0000000000,1,6958238.0432259692,40208.3500991407,0.1998322414
1,230.0000000000,1,6958233.1280015809,40203.3231309151,0.1998322414
1,230.0000000000,1,6958228.2060195133,40198.3027790488,0.1998322414
1,230.0000000000,1,6958223.2780957390,40193.2882593699,0.1998322414
1,230.0000000000,1,6958218.3449470121,40188.2788797707,0.1998322414
1,230.0000000000,1,6958213.4072030773,40183.2740296063,0.1998322414
1,230.0000000000,1,6958208.4654173516,40178.2731702630,0.1998322414
1,230.0000000000,1,6958203.5200762646,40173.2758267818,0.1998322414
1,230.0000000000,1,6958198.5716074426,40168.2815804271,0.1998322414
1,230.0000000000,1,6958193.6203868724,40163.2900621014,0.1998322414
1,230.0000000000,1,6958188.6667451821,40158.3009465151,0.1998322414
1,230.0000000000,1,6958183.7109731482,40153.3139470281,0.1998322414
1,230.0000000000,1,6958178.7533265287,40148.3288110891,0.1998322414
1,230.0000000000,1,6958173.7940302994,40143.3453162063,0.1998322414
1,230.0000000000,1,6958168.8332823776,40138.3632663883,0.1998322414
1,230.0000000000,1,6958163.8712568879,40133.3824890020,0.1998322414
1,230.0000000000,1,6958158.9081070339,40128.4028320000,0.1998322414
1,230.0000000000,1,6958153.9439676190,40123.4241614746,0.1998322414
1,230.0000000000,1,6958148.9789572628,40118.4463595000,0.1998322414
1,230.0000000000,1,6958144.0131803500,40113.4693222302,0.1998322414
1,230.0000000000,1,6958139.0467287404,40108.4929582215,0.1998322414
1,230.0000000000,1,6958134.0796832768,40103.5171869551,0.1998322414
1,230.0000000000,1,6958129.1121151065,40098.5419375336,0.1998322414
1,230.0000000000,1,6958124.1440868471,40093.5671475332,0.1998322414
1,230.0000000000,1,6958119.1756536104,40088.5927619927,0.1998322414
1,230.0000000000,1,6958114.2068639025,40083.6187325222,0.1998322414
1,230.0000000000,1,6958109.2377604172,40078.6450165182,0.1998322414
1,230.0000000000,1,6958104.2683807332,40073.6715764725,0.1998322414
1,230.0000000000,1,6958099.2987579256,40068.6983793634,0.1998322414
1,230.0000000000,1,6958094.3289211085,40063.7253961191,0.1998322414
1,230.0000000000,1,6958089.3588959090,40058.7526011458,0.1998322414
1,230.0000000000,1,6958084.3887048829,40053.7799719117,0.1998322414
1,230.0000000000,1,6958079.4183678860,40048.8074885811,0.1998322414
1,230.0000000000,1,6958074.4479023963,40043.8351336917,0.1998322414
1,230.0000000000,1,6958069.4773237975,40038.8628918706,0.1998322414
1,230.0000000000,1,6958064.5066456320,40033.8907495848,0.1998322414
1,230.0000000000,1,6958059.5358798206,40028.9186949206,0.1998322414
1,230.0000000000,1,6958054.5650368566,40023.9467173904,0.1998322414
1,230.0000000000,1,6958049.5941259768,40018.9748077615,0.1998322414
1,230.0000000000,1,6958044.6231553117,40014.0029579064,0.1998322414
1,230.0000000000,1,6958039.6521320194,40009.0311606701,0.1998322414
1,230.0000000000,1,6958034.6810623994,40004.0594097542,0.1998322414
1,230.0000000000,1,6958029.7099519987,39999.0876996143,0.1998322414
1,230.0000000000,1,6958024.7388056992,39994.1160253691,0.1998322414
1,230.0000000000,1,6958019.7676277980,39989.1443827222,0.1998322414
1,230.0000000000,1,6958014.7964220783,39984.1727678911,0.1998322414
1,230.0000000000,1,6958009.8251918713,39979.2011775462,0.1998322414
1,230.0000000000,1,6958004.8539401079,39974.2296087562,0.1998322414
1,230.0000000000,1,6957999.8826693678,39969.2580589410,0.1998322414
1,230.0000000000,1,6957994.9113819236,39964.2865258293,0.1998322414
1,230.0000000000,1,6957989.9400797747,39959.3150074215,0.1998322414
1,230.0000000000,1,6957984.9687646814,39954.3435019574,0.1998322414
1,230.0000000000,1,6957979.9974381933,39949.3720078877,0.1998322414
1,230.0000000000,1,6957975.0261016749,39944.4005238482,0.1998322414
1,230.0000000000,1,6957970.0547563266,39939.4290486384,0.1998322414
1,230.0000000000,1,6957965.0834032055,39934.4575812012,0.1998322414
1,230.0000000000,1,6957960.1120432420,39929.4861206063,0.1998322414
1,230.0000000000,1,6957955.1406772556,39924.5146660345,0.1998322414
1,230.0000000000,1,6957950.1693059662,39919.5432167649,0.1998322414
1,230.0000000000,1,6957945.1979300100,39914.5717721627,0.1998322414
1,230.0000000000,1,6957940.2265499448,39909.6003316692,0.1998322414
1,230.0000000000,1,6957935.2551662624,39904.6288947926,0.1998322414
1,230.0000000000,1,6957930.2837793967,39899.6574610999,0.1998322414
1,230.0000000000,1,6957925.3123897277,39894.6860302100,0.1998322414
1,230.0000000000,1,6957920.3409975916,39889.7146017873,0.1998322414
1,230.0000000000,1,6957915.3696032837,39884.7431755365,0.1998322414
1,230.0000000000,1,6957910.3982070638,39879.7717511976,0.1998322414
1,230.0000000000,1,6957905.4268091610,39874.8003285418,0.1998322414
1,230.0000000000,1,6957900.4554097764,39869.8289073675,0.1998322414
1,230.0000000000,1,6957895.4840090880,39864.8574874974,0.1998322414
1,230.0000000000,1,6957890.5126072513,39859.8860687754,0.1998322414
1,230.0000000000,1,6957885.5412044041,39854.9146510641,0.1998322414
1,230.0000000000,1,6957880.5698006665,39849.9432342424,0.1998322414
1,230.0000000000,1,6957875.5983961457,39844.9718182040,0.1998322414
1,230.0000000000,1,6957870.6269909358,39840.0004028549,0.1998322414
1,230.0000000000,1,6957865.6555851195,39835.0289881126,0.1998322414
1,230.0000000000,1,6957860.6841787687,39830.0575739046,0.1998322414
1,230.0000000000,1,6957855.7127719475,39825.0861601669,0.1998322414
1,230.0000000000,1,6957850.7413647119,39820.1147468432,0.1998322414
1,230.0000000000,1,6957845.7699571121,39815.1433338839,0.1998322414
1,230.0000000000,1,6957840.7985491920,39810.1719212454,0.1998322414
1,230.0000000000,1,6957835.8271409897,39805.2005088892,0.1998322414
1,230.0000000000,1,6957830.8557325387,39800.2290967817,0.1998322414
1,230.0000000000,1,6957825.8843238689,39795.2576848931,0.1998322414
1,230.0000000000,1,6957820.9129150063,39790.2862731971,0.1998322414
1,230.0000000000,1,6957815.9415059742,39785.3148616707,0.1998322414
1,230.0000000000,1,6957810.9700967921,39780.3434502936,0.1998322414
1,230.0000000000,1,6957805.9986874787,39775.3720390479,0.1998322414
1,230.0000000000,1,6957801.0272780498,39770.4006279179,0.1998322414
1,230.0000000000,1,6957796.0558685195,39765.4292168896,0.1998322414
1,230.0000000000,1,6957791.0844588988,39760.4578059510,0.1998322414
1,230.0000000000,1,6957786.1130491998,39755.4863950914,0.1998322414
1,230.0000000000,2,6958362.3433598056,40360.0009684107,0.1980851804
1,230.0000000000,2,6958357.5115171410,40354.8938031695,0.1980851804
1,230.0000000000,2,6958352.5281492118,40349.9343793711,0.1980851804
1,230.0000000000,2,6958347.5418628762,40344.9778897959,0.1980851804
1,230.0000000000,2,6958342.5572125586,40340.0197549100,0.1980851804
1,230.0000000000,2,6958337.5741406409,40335.0600336884,0.1980851804
1,230.0000000000,2,6958332.5924631106,40330.0989119081,0.1980851804
1,230.0000000000,2,6958327.6120135253,40325.1365574006,0.1980851804
1,230.0000000000,2,6958322.6326451479,40320.1731179785,0.1980851804
1,230.0000000000,2,6958317.6542287469,40315.2087237086,0.1980851804
1,230.0000000000,2,6958312.6766505139,40310.2434890443,0.1980851804
1,230.0000000000,2,6958307.6998102320,40305.2775147046,0.1980851804
1,230.0000000000,2,6958302.7236196538,40300.3108893250,0.1980851804
1,230.0000000000,2,6958297.7480010744,40295.3436909106,0.1980851804
1,230.0000000000,2,6958292.7728860760,40290.3759881129,0.1980851804
1,230.0000000000,2,6958287.7982144179,40285.4078413529,0.1980851804
1,230.0000000000,2,6958282.8239330612,40280.4393038093,0.1980851804
1,230.0000000000,2,6958277.8499953095,40275.4704222876,0.1980851804
1,230.0000000000,2,6958272.8763600504,40270.5012379844,0.1980851804
1,230.0000000000,2,6958267.9029910872,40265.5317871606,0.1980851804
1,230.0000000000,2,6958262.9298565546,40260.5621017326,0.1980851804
1,230.0000000000,2,6958257.9569283985,40255.5922097938,0.1980851804
1,230.0000000000,2,6958252.9841819201,40250.6221360723,0.1980851804
1,230.0000000000,2,6958248.0115953777,40245.6519023346,0.1980851804
1,230.0000000000,2,6958243.0391496290,40240.6815277402,0.1980851804
1,230.0000000000,2,6958238.0668278234,40235.7110291541,0.1980851804
1,230.0000000000,2,6958233.0946151260,40230.7404214218,0.1980851804
1,230.0000000000,2,6958228.1224984787,40225.7697176109,0.1980851804
1,230.0000000000,2,6958223.1504663844,40220.7989292245,0.1980851804
1,230.0000000000,2,6958218.1785087222,40215.8280663881,0.1980851804
1,230.0000000000,2,6958213.2066165833,40210.8571380149,0.1980851804
1,230.0000000000,2,6958208.2347821249,40205.8861519510,0.1980851804
1,230.0000000000,2,6958203.2629984422,40200.9151151030,0.1980851804
1,230.0000000000,2,6958198.2912594574,40195.9440335507,0.1980851804
1,230.0000000000,2,6958193.3195598200,40190.9729126458,0.1980851804
1,230.0000000000,2,6958188.3478948204,40186.0017570993,0.1980851804
1,230.0000000000,2,6958183.3762603123,40181.0305710585,0.1980851804
1,230.0000000000,2,6958178.4046526458,40176.0593581739,0.1980851804
1,230.0000000000,2,6958173.4330686079,40171.0881216590,0.1980851804
1,230.0000000000,2,6958168.4615053702,40166.1168643427,0.1980851804
1,230.0000000000,2,6958163.4899604423,40161.1455887152,0.1980851804
1,230.0000000000,2,6958158.5184316328,40156.1742969685,0.1980851804
1,230.0000000000,2,6958153.5469170120,40151.2029910322,0.1980851804
1,230.0000000000,2,6958148.5754148820,40146.2316726051,0.1980851804
1,230.0000000000,2,6958143.6039237473,40141.2603431823,0.1980851804
1,230.0000000000,2,6958138.6324422918,40136.2890040803,0.1980851804
1,230.0000000000,2,6958133.6609693561,40131.3176564577,0.1980851804
1,230.0000000000,2,6958128.6895039212,40126.3463013345,0.1980851804
1,230.0000000000,2,6958123.7180450885,40121.3749396085,0.1980851804
1,230.0000000000,2,6958118.7465920681,40116.4035720703,0.1980851804
1,230.0000000000,2,6958113.7751441645,40111.4321994156,0.1980851804
1,230.0000000000,2,6958108.8037007647,40106.4608222569,0.1980851804
1,230.0000000000,2,6958103.8322613295,40101.4894411333,0.1980851804
1,230.0000000000,2,6958098.8608253850,40096.5180565195,0.1980851804
1,230.0000000000,2,6958093.8893925129,40091.5466688333,0.1980851804
1,230.0000000000,2,6958088.9179623453,40086.5752784425,0.1980851804
1,230.0000000000,2,6958083.9465345582,40081.6038856710,0.1980851804
1,230.0000000000,2,6958078.9751088666,40076.6324908036,0.1980851804
1,230.0000000000,2,6958074.0036850199,40071.6610940912,0.1980851804
1,230.0000000000,2,6958069.0322627975,40066.6896957548,0.1980851804
1,230.0000000000,2,6958064.0608420046,40061.7182959886,0.1980851804
1,230.0000000000,2,6958059.0894224709,40056.7468949639,0.1980851804
1,230.0000000000,2,6958054.1180040445,40051.7754928314,0.1980851804
1,230.0000000000,2,6958049.1465865932,40046.8040897236,0.1980851804
1,230.0000000000,2,6958044.1751700006,40041.8326857573,0.1980851804
1,230.0000000000,2,6958039.2037541643,40036.8612810352,0.1980851804
1,230.0000000000,2,6958034.2323389929,40031.8898756479,0.1980851804
1,230.0000000000,2,6958029.2609244073,40026.9184696750,0.1980851804
1,230.0000000000,2,6958024.2895103367,40021.9470631865,0.1980851804
1,230.0000000000,2,6958019.3180967197,40016.9756562443,0.1980851804
1,230.0000000000,2,6958014.3466835022,40012.0042489026,0.1980851804
1,230.0000000000,2,6958009.3752706368,40007.0328412092,0.1980851804
1,230.0000000000,2,6958004.4038580805,40002.0614332062,0.1980851804
1,230.0000000000,2,6957999.4324457971,39997.0900249306,0.1980851804
1,230.0000000000,2,6957994.4610337541,39992.1186164152,0.1980851804
1,230.0000000000,2,6957989.4896219214,39987.1472076886,0.1980851804
1,230.0000000000,2,6957984.5182102751,39982.1757987762,0.1980851804
1,230.0000000000,2,6957979.5467987927,39977.2043897000,0.1980851804
1,230.0000000000,2,6957974.5753874537,39972.2329804799,0.1980851804
1,230.0000000000,2,6957969.6039762413,39967.2615711329,0.1980851804
1,230.0000000000,2,6957964.6325651407,39962.2901616743,0.1980851804
1,230.0000000000,2,6957959.6611541389,39957.3187521175,0.1980851804
1,230.0000000000,2,6957954.6897432236,39952.3473424741,0.1980851804
1,230.0000000000,2,6957949.7183323847,39947.3759327545,0.1980851804
1,230.0000000000,2,6957944.7469216119,39942.4045229680,0.1980851804
1,230.0000000000,2,6957939.7755108988,39937.4331131225,0.1980851804
1,230.0000000000,2,6957934.8041002378,39932.4617032250,0.1980851804
1,230.0000000000,2,6957929.8326896224,39927.4902932818,0.1980851804
1,230.0000000000,2,6957924.8612790471,39922.5188832984,0.1980851804
1,230.0000000000,2,6957919.8898685072,39917.5474732795,0.1980851804
1,230.0000000000,2,6957914.9184579980,39912.5760632295,0.1980851804
1,230.0000000000,2,6957909.9470475167,39907.6046531520,0.1980851804
1,230.0000000000,2,6957904.9756370597,39902.6332430503,0.1980851804
1,230.0000000000,2,6957900.0042266240,39897.6618329274,0.1980851804
1,230.0000000000,2,6957895.0328162070,39892.6904227857,0.1980851804
1,230.0000000000,2,6957890.0614058059,39887.7190126276,0.1980851804
1,230.0000000000,2,6957885.0899954196,39882.7476024549,0.1980851804
1,230.0000000000,2,6957880.1185850464,39877.7761922694,0.1980851804
1,230.0000000000,2,6957875.1471746843,39872.8047820727,0.1980851804
1,230.0000000000,2,6957870.1757643325,39867.8333718661,0.1980851804
1,230.0000000000,2,6957865.2043539891,39862.8619616508,0.1980851804
1,230.0000000000,2,6957860.2329436531,39857.8905514278,0.1980851804
1,230.0000000000,2,6957855.2615333237,39852.9191411981,0.1980851804
1,230.0000000000,2,6957850.2901230007,39847.9477309624,0.1980851804
1,230.0000000000,2,6957845.3187126825,39842.9763207215,0.1980851804
1,230.0000000000,2,6957840.3473023688,39838.0049104760,0.1980851804
1,230.0000000000,2,6957835.3758920599,39833.0335002264,0.1980851804
1,230.0000000000,2,6957830.4044817546,39828.0620899732,0.1980851804
1,230.0000000000,2,6957825.4330714522,39823.0906797168,0.1980851804
1,230.0000000000,2,6957820.4616611525,39818.1192694578,0.1980851804
1,230.0000000000,2,6957815.4902508548,39813.1478591963,0.1980851804
1,230.0000000000,2,6957810.5188405598,39808.1764489327,0.1980851804
1,230.0000000000,2,6957805.5474302666,39803.2050386671,0.1980851804
1,230.0000000000,2,6957800.5760199754,39798.2336283999,0.1980851804
1,230.0000000000,2,6957795.6046096850,39793.2622181313,0.1980851804
1,230.0000000000,2,6957790.6331993956,39788.2908078614,0.1980851804
1,230.0000000000,2,6957785.6617891081,39783.3193975903,0.1980851804
1,230.0000000000,2,6957780.6903788215,39778.3479873182,0.1980851804
1,230.0000000000,2,6957775.7189685358,39773.3765770453,0.1980851804
1,230.0000000000,2,6957770.7475582510,39768.4051667715,0.1980851804
1,230.0000000000,3,6958362.3433598056,40360.0009684107,0.2018087607
1,230.0000000000,3,6958357.5115171410,40354.8938031695,0.2018087607
1,230.0000000000,3,6958351.2216236629,40351.7526122539,0.2018087607
1,230.0000000000,3,6958345.0204599798,40348.4396967234,0.2018087607
1,230.0000000000,3,6958338.9265245218,40344.9334464518,0.2018087607
1,230.0000000000,3,6958332.9361484675,40341.2530612729,0.2018087607
1,230.0000000000,3,6958327.0440326948,40337.4173329132,0.2018087607
1,230.0000000000,3,6958321.2439909801,40333.4437505954,0.2018087607
1,230.0000000000,3,6958315.5293316143,40329.3483252613,0.2018087607
1,230.0000000000,3,6958309.8931643544,40325.1455334569,0.2018087607
1,230.0000000000,3,6958304.3286366425,40320.8483399915,0.2018087607
1,230.0000000000,3,6958298.8291051798,40316.4682721811,0.2018087607
1,230.0000000000,3,6958293.3882526103,40312.0155243045,0.2018087607
1,230.0000000000,3,6958288.0001601549,40307.4990765821,0.2018087607
1,230.0000000000,3,6958282.6593464641,40302.9268179008,0.2018087607
1,230.0000000000,3,6958277.3607815979,40298.3056653720,0.2018087607
1,230.0000000000,3,6958272.0998834278,40293.6416766519,0.2018087607
1,230.0000000000,3,6958266.8725021547,40288.9401529245,0.2018087607
1,230.0000000000,3,6958261.6748972712,40284.2057317548,0.2018087607
1,230.0000000000,3,6958256.5037101535,40279.4424698337,0.2018087607
1,230.0000000000,3,6958251.3559345556,40274.6539161143,0.2018087607
1,230.0000000000,3,6958246.2288865987,40269.8431760898,0.2018087607
1,230.0000000000,3,6958241.1201753318,40265.0129680694,0.2018087607
1,230.0000000000,3,6958236.0276745427,40260.1656723236,0.2018087607
1,230.0000000000,3,6958230.9494962543,40255.3033739362,0.2018087607
1,230.0000000000,3,6958225.8839661162,40250.4279001384,0.2018087607
1,230.0000000000,3,6958220.8296007877,40245.5408528233,0.2018087607
1,230.0000000000,3,6958215.7850873126,40240.6436368659,0.2018087607
1,230.0000000000,3,6958210.7492644219,40235.7374847949,0.2018087607
1,230.0000000000,3,6958205.7211056650,40230.8234782982,0.2018087607
1,230.0000000000,3,6958200.6997042559,40225.9025669777,0.2018087607
1,230.0000000000,3,6958195.6842594976,40220.9755847161,0.2018087607
1,230.0000000000,3,6958190.6740646521,40216.0432639696,0.2018087607
1,230.0000000000,3,6958185.6684961347,40211.1062482562,0.2018087607
1,230.0000000000,3,6958180.6670038933,40206.1651030764,0.2018087607
1,230.0000000000,3,6958175.6691028615,40201.2203254671,0.2018087607
1,230.0000000000,3,6958170.6743653780,40196.2723523663,0.2018087607
1,230.0000000000,3,6958165.6824144684,40191.3215679389,0.2018087607
1,230.0000000000,3,6958160.6929178899,40186.3683099978,0.2018087607
1,230.0000000000,3,6958155.7055828711,40181.4128756333,0.2018087607
1,230.0000000000,3,6958150.7201514514,40176.4555261504,0.2018087607
1,230.0000000000,3,6958145.7363963714,40171.4964914023,0.2018087607
1,230.0000000000,3,6958140.7541174348,40166.5359735930,0.2018087607
1,230.0000000000,3,6958135.7731383052,40161.5741506176,0.2018087607
1,230.0000000000,3,6958130.7933036694,40156.6111789948,0.2018087607
1,230.0000000000,3,6958125.8144767424,40151.6471964441,0.2018087607
1,230.0000000000,3,6958120.8365370641,40146.6823241505,0.2018087607
1,230.0000000000,3,6958115.8593785558,40141.7166687541,0.2018087607
1,230.0000000000,3,6958110.8829078069,40136.7503241000,0.2018087607
1,230.0000000000,3,6958105.9070425667,40131.7833727769,0.2018087607
1,230.0000000000,3,6958100.9317104118,40126.8158874689,0.2018087607
1,230.0000000000,3,6958095.9568475755,40121.8479321458,0.2018087607
1,230.0000000000,3,6958090.9823979130,40116.8795631089,0.2018087607
1,230.0000000000,3,6958086.0083119925,40111.9108299117,0.2018087607
1,230.0000000000,3,6958081.0345462924,40106.9417761692,0.2018087607
1,230.0000000000,3,6958076.0610624971,40101.9724402705,0.2018087607
1,230.0000000000,3,6958071.0878268741,40097.0028560052,0.2018087607
1,230.0000000000,3,6958066.1148097245,40092.0330531153,0.2018087607
1,230.0000000000,3,6958061.1419849042,40087.0630577798,0.2018087607
1,230.0000000000,3,6958056.1693293946,40082.0928930423,0.2018087607
1,230.0000000000,3,6958051.1968229329,40077.1225791864,0.2018087607
1,230.0000000000,3,6958046.2244476816,40072.1521340666,0.2018087607
1,230.0000000000,3,6958041.2521879356,40067.1815733991,0.2018087607
1,230.0000000000,3,6958036.2800298706,40062.2109110182,0.2018087607
1,230.0000000000,3,6958031.3079613158,40057.2401591015,0.2018087607
1,230.0000000000,3,6958026.3359715575,40052.2693283687,0.2018087607
1,230.0000000000,3,6958021.3640511641,40047.2984282557,0.2018087607
1,230.0000000000,3,6958016.3921918329,40042.3274670687,0.2018087607
1,230.0000000000,3,6958011.4203862548,40037.3564521193,0.2018087607
1,230.0000000000,3,6958006.4486279953,40032.3853898440,0.2018087607
1,230.0000000000,3,6958001.4769113911,40027.4142859083,0.2018087607
1,230.0000000000,3,6957996.5052314559,40022.4431452997,0.2018087607
1,230.0000000000,3,6957991.5335837994,40017.4719724083,0.2018087607
1,230.0000000000,3,6957986.5619645584,40012.5007710991,0.2018087607
1,230.0000000000,3,6957981.5903703319,40007.5295447739,0.2018087607
1,230.0000000000,3,6957976.6187981246,40002.5582964274,0.2018087607
1,230.0000000000,3,6957971.6472453009,39997.5870286959,0.2018087607
1,230.0000000000,3,6957966.6757095410,39992.6157439000,0.2018087607
1,230.0000000000,3,6957961.7041888023,39987.6444440824,0.2018087607
1,230.0000000000,3,6957956.7326812865,39982.6731310415,0.2018087607
1,230.0000000000,3,6957951.7611854104,39977.7018063602,0.2018087607
1,230.0000000000,3,6957946.7896997808,39972.7304714320,0.2018087607
1,230.0000000000,3,6957941.8182231709,39967.7591274836,0.2018087607
1,230.0000000000,3,6957936.8467545016,39962.7877755947,0.2018087607
1,230.0000000000,3,6957931.8752928218,39957.8164167160,0.2018087607
1,230.0000000000,3,6957926.9038372952,39952.8450516841,0.2018087607
1,230.0000000000,3,6957921.9323871853,39947.8736812357,0.2018087607
1,230.0000000000,3,6957916.9609418437,39942.9023060191,0.2018087607
1,230.0000000000,3,6957911.9895006986,39937.9309266052,0.2018087607
1,230.0000000000,3,6957907.0180632491,39932.9595434965,0.2018087607
1,230.0000000000,3,6957902.0466290517,39927.9881571351,0.2018087607
1,230.0000000000,3,6957897.0751977172,39923.0167679106,0.2018087607
1,230.0000000000,3,6957892.1037689038,39918.0453761657,0.2018087607
1,230.0000000000,3,6957887.1323423088,39913.0739822019,0.2018087607
1,230.0000000000,3,6957882.1609176667,39908.1025862851,0.2018087607
1,230.0000000000,3,6957877.1894947439,39903.1311886490,0.2018087607
1,230.0000000000,3,6957872.2180733345,39898.1597894993,0.2018087607
1,230.0000000000,3,6957867.2466532579,39893.1883890173,0.2018087607
1,230.0000000000,3,6957862.2752343537,39888.2169873625,0.2018087607
1,230.0000000000,3,6957857.3038164824,39883.2455846752,0.2018087607
1,230.0000000000,3,6957852.3323995201,39878.2741810791,0.2018087607
1,230.0000000000,3,6957847.3609833578,39873.3027766829,0.2018087607
1,230.0000000000,3,6957842.3895678995,39868.3313715825,0.2018087607
1,230.0000000000,3,6957837.4181530606,39863.3599658621,0.2018087607
1,230.0000000000,3,6957832.4467387674,39858.3885595960,0.2018087607
1,230.0000000000,3,6957827.4753249548,39853.4171528494,0.2018087607
1,230.0000000000,3,6957822.5039115651,39848.4457456799,0.2018087607
1,230.0000000000,3,6957817.5324985478,39843.4743381381,0.2018087607
1,230.0000000000,3,6957812.5610858584,39838.5029302686,0.2018087607
1,230.0000000000,3,6957807.5896734577,39833.5315221105,0.2018087607
1,230.0000000000,3,6957802.6182613112,39828.5601136985,0.2018087607
1,230.0000000000,3,6957797.6468493883,39823.5887050630,0.2018087607
1,230.0000000000,3,6957792.6754376618,39818.6172962307,0.2018087607
1,230.0000000000,3,6957787.7040261086,39813.6458872252,0.2018087607
1,230.0000000000,3,6957782.7326147081,39808.6744780672,0.2018087607
1,230.0000000000,3,6957777.7612034418,39803.7030687749,0.2018087607
1,230.0000000000,3,6957772.7897922937,39798.7316593645,0.2018087607
1,230.0000000000,3,6957767.8183812490,39793.7602498501,0.2018087607
1,230.0000000000,3,6957762.8469702965,39788.7888402441,0.2018087607
1,230.0000000000,3,6957757.8755594241,39783.8174305575,0.2018087607
1,230.0000000000,4,6958362.3433598056,40360.0009684107,0.2015486333
1,230.0000000000,4,6958357.5115171410,40354.8938031695,0.2015486333
1,230.0000000000,4,6958350.6083962163,40353.5608508694,0.2015486333
1,230.0000000000,4,6958343.7835087022,40351.8724342287,0.2015486333
1,230.0000000000,4,6958337.0396343069,40349.8849739217,0.2015486333
1,230.0000000000,4,6958330.3878395651,40347.6082510480,0.2015486333
1,230.0000000000,4,6958323.8366175611,40345.0565201466,0.2015486333
1,230.0000000000,4,6958317.3918002881,40342.2468634673,0.2015486333
1,230.0000000000,4,6958311.0564802550,40339.1983293268,0.2015486333
1,230.0000000000,4,6958304.8311550980,40335.9310419166,0.2015486333
1,230.0000000000,4,6958298.7140415609,40332.4653872442,0.2015486333
1,230.0000000000,4,6958292.7014922537,40328.8213385123,0.2015486333
1,230.0000000000,4,6958286.7884497521,40325.0179494041,0.2015486333
1,230.0000000000,4,6958280.9688855978,40321.0730142477,0.2015486333
1,230.0000000000,4,6958275.2361896522,40317.0028745046,0.2015486333
1,230.0000000000,4,6958269.5834924383,40312.8223416993,0.2015486333
1,230.0000000000,4,6958264.0039164461,40308.5447054262,0.2015486333
1,230.0000000000,4,6958258.4907610565,40304.1817983695,0.2015486333
1,230.0000000000,4,6958253.0376302758,40299.7440956957,0.2015486333
1,230.0000000000,4,6958247.6385140633,40295.2408319391,0.2015486333
1,230.0000000000,4,6958242.2878337391,40290.6801236164,0.2015486333
1,230.0000000000,4,6958236.9804607118,40286.0690899056,0.2015486333
1,230.0000000000,4,6958231.7117161723,40281.4139667810,0.2015486333
1,230.0000000000,4,6958226.4773577908,40276.7202121362,0.2015486333
1,230.0000000000,4,6958221.2735580234,40271.9926008674,0.2015486333
1,230.0000000000,4,6958216.0968774306,40267.2353097920,0.2015486333
1,230.0000000000,4,6958210.9442354767,40262.4519928227,0.2015486333
1,230.0000000000,4,6958205.8128805207,40257.6458471066,0.2015486333
1,230.0000000000,4,6958200.7003601789,40252.8196709711,0.2015486333
1,230.0000000000,4,6958195.6044928255,40247.9759145515,0.2015486333
1,230.0000000000,4,6958190.5233406918,40243.1167239469,0.2015486333
1,230.0000000000,4,6958185.4551848350,40238.2439796952,0.2015486333
1,230.0000000000,4,6958180.3985020826,40233.3593302836,0.2015486333
1,230.0000000000,4,6958175.3519439790,40228.4642213330,0.2015486333
1,230.0000000000,4,6958170.3143176725,40223.5599210235,0.2015486333
1,230.0000000000,4,6958165.2845686590,40218.6475422518,0.2015486333
1,230.0000000000,4,6958160.2617652658,40213.7280619538,0.2015486333
1,230.0000000000,4,6958155.2450847393,40208.8023379640,0.2015486333
1,230.0000000000,4,6958150.2338008154,40203.8711237353,0.2015486333
1,230.0000000000,4,6958145.2272726344,40198.9350812007,0.2015486333
1,230.0000000000,4,6958140.2249348694,40193.9947920166,0.2015486333
1,230.0000000000,4,6958135.2262889612,40189.0507673996,0.2015486333
1,230.0000000000,4,6958130.2308953302,40184.1034567362,0.2015486333
1,230.0000000000,4,6958125.2383664791,40179.1532551239,0.2015486333
1,230.0000000000,4,6958120.2483608816,40174.2005099791,0.2015486333
1,230.0000000000,4,6958115.2605775744,40169.2455268297,0.2015486333
1,230.0000000000,4,6958110.2747513736,40164.2885743962,0.2015486333
1,230.0000000000,4,6958105.2906486494,40159.3298890496,0.2015486333
1,230.0000000000,4,6958100.3080635918,40154.3696787243,0.2015486333
1,230.0000000000,4,6958095.3268149123,40149.4081263534,0.2015486333
1,230.0000000000,4,6958090.3467429383,40144.4453928864,0.2015486333
1,230.0000000000,4,6958085.3677070411,40139.4816199396,0.2015486333
1,230.0000000000,4,6958080.3895833744,40134.5169321254,0.2015486333
1,230.0000000000,4,6958075.4122628765,40129.5514390989,0.2015486333
1,230.0000000000,4,6958070.4356495095,40124.5852373578,0.2015486333
1,230.0000000000,4,6958065.4596587084,40119.6184118243,0.2015486333
1,230.0000000000,4,6958060.4842160111,40114.6510372358,0.2015486333
1,230.0000000000,4,6958055.5092558563,40109.6831793689,0.2015486333
1,230.0000000000,4,6958050.5347205177,40104.7148961146,0.2015486333
1,230.0000000000,4,6958045.5605591713,40099.7462384255,0.2015486333
1,230.0000000000,4,6958040.5867270706,40094.7772511479,0.2015486333
1,230.0000000000,4,6958035.6131848199,40089.8079737543,0.2015486333
1,230.0000000000,4,6958030.6398977358,40084.8384409880,0.2015486333
1,230.0000000000,4,6958025.6668352839,40079.8686834302,0.2015486333
1,230.0000000000,4,6958020.6939705824,40074.8987279986,0.2015486333
1,230.0000000000,4,6958015.7212799648,40069.9285983869,0.2015486333
1,230.0000000000,4,6958010.7487425972,40064.9583154511,0.2015486333
1,230.0000000000,4,6958005.7763401382,40059.9878975492,0.2015486333
1,230.0000000000,4,6958000.8040564414,40055.0173608408,0.2015486333
1,230.0000000000,4,6957995.8318772921,40050.0467195504,0.2015486333
1,230.0000000000,4,6957990.8597901762,40045.0759861993,0.2015486333
1,230.0000000000,4,6957985.8877840787,40040.1051718092,0.2015486333
1,230.0000000000,4,6957980.9158493020,40035.1342860824,0.2015486333
1,230.0000000000,4,6957975.9439773094,40030.1633375592,0.2015486333
1,230.0000000000,4,6957970.9721605852,40025.1923337576,0.2015486333
1,230.0000000000,4,6957966.0003925143,40020.2212812955,0.2015486333
1,230.0000000000,4,6957961.0286672730,40015.2501859982,0.2015486333
1,230.0000000000,4,6957956.0569797345,40010.2790529938,0.2015486333
1,230.0000000000,4,6957951.0853253845,40005.3078867964,0.2015486333
1,230.0000000000,4,6957946.1137002520,40000.3366913797,0.2015486333
1,230.0000000000,4,6957941.1421008380,39995.3654702417,0.2015486333
1,230.0000000000,4,6957936.1705240654,39990.3942264614,0.2015486333
1,230.0000000000,4,6957931.1989672231,39985.4229627494,0.2015486333
1,230.0000000000,4,6957926.2274279250,39980.4516814919,0.2015486333
1,230.0000000000,4,6957921.2559040710,39975.4803847892,0.2015486333
1,230.0000000000,4,6957916.2843938135,39970.5090744902,0.2015486333
1,230.0000000000,4,6957911.3128955234,39965.5377522227,0.2015486333
1,230.0000000000,4,6957906.3414077694,39960.5664194192,0.2015486333
1,230.0000000000,4,6957901.3699292894,39955.5950773412,0.2015486333
1,230.0000000000,4,6957896.3984589735,39950.6237270988,0.2015486333
1,230.0000000000,4,6957891.4269958446,39945.6523696695,0.2015486333
1,230.0000000000,4,6957886.4555390421,39940.6810059135,0.2015486333
1,230.0000000000,4,6957881.4840878090,39935.7096365882,0.2015486333
1,230.0000000000,4,6957876.5126414783,39930.7382623604,0.2015486333
1,230.0000000000,4,6957871.5411994634,39925.7668838168,0.2015486333
1,230.0000000000,4,6957866.5697612474,39920.7955014742,0.2015486333
1,230.0000000000,4,6957861.5983263757,39915.8241157874,0.2015486333
1,230.0000000000,4,6957856.6268944480,39910.8527271566,0.2015486333
1,230.0000000000,4,6957851.6554651111,39905.8813359342,0.2015486333
1,230.0000000000,4,6957846.6840380561,39900.9099424306,0.2015486333
1,230.0000000000,4,6957841.7126130089,39895.9385469188,0.2015486333
1,230.0000000000,4,6957836.7411897294,39890.9671496391,0.2015486333
1,230.0000000000,4,6957831.7697680062,39885.9957508033,0.2015486333
1,230.0000000000,4,6957826.7983476529,39881.0243505975,0.2015486333
1,230.0000000000,4,6957821.8269285057,39876.0529491859,0.2015486333
1,230.0000000000,4,6957816.8555104202,39871.0815467126,0.2015486333
1,230.0000000000,4,6957811.8840932688,39866.1101433049,0.2015486333
1,230.0000000000,4,6957806.9126769407,39861.1387390746,0.2015486333
1,230.0000000000,4,6957801.9412613362,39856.1673341201,0.2015486333
1,230.0000000000,4,6957796.9698463688,39851.1959285283,0.2015486333
1,230.0000000000,4,6957791.9984319629,39846.2245223752,0.2015486333
1,230.0000000000,4,6957787.0270180507,39841.2531157282,0.2015486333
1,230.0000000000,4,6957782.0556045733,39836.2817086464,0.2015486333
1,230.0000000000,4,6957777.0841914788,39831.3103011817,0.2015486333
1,230.0000000000,4,6957772.1127787214,39826.3388933801,0.2015486333
1,230.0000000000,4,6957767.1413662611,39821.3674852819,0.2015486333
1,230.0000000000,4,6957762.1699540615,39816.3960769225,0.2015486333
1,230.0000000000,4,6957757.1985420920,39811.4246683333,0.2015486333
1,230.0000000000,4,6957752.2271303246,39806.4532595418,0.2015486333
1,230.0000000000,4,6957747.2557187350,39801.4818505721,0.2015486333
1,235.0000000000,0,6958340.8691541441,40335.4331242364,0.2005442346
1,235.0000000000,0,6958336.2237828132,40330.3536986557,0.2005442346
1,235.0000000000,0,6958334.8762980280,40323.6035635616,0.2005442346
1,235.0000000000,0,6958333.1865377268,40316.9308767596,0.2005442346
1,235.0000000000,0,6958331.2118155044,40310.3369013896,0.2005442346
1,235.0000000000,0,6958328.9615859007,40303.8317875731,0.2005442346
1,235.0000000000,0,6958326.4494541129,40297.4232594338,0.2005442346
1,235.0000000000,0,6958323.6915395847,40291.1166005331,0.2005442346
1,235.0000000000,0,6958320.7057046238,40284.9145985485,0.2005442346
1,235.0000000000,0,6958317.5107616838,40278.8176830458,0.2005442346
1,235.0000000000,0,6958314.1257504923,40272.8242084052,0.2005442346
1,235.0000000000,0,6958310.5693378039,40266.9308250117,0.2005442346
1,235.0000000000,0,6958306.8593635662,40261.1328831192,0.2005442346
1,235.0000000000,0,6958303.0125327324,40255.4248246427,0.2005442346
1,235.0000000000,0,6958299.0442355545,40249.8005329944,0.2005442346
1,235.0000000000,0,6958294.9684711397,40244.2536254356,0.2005442346
1,235.0000000000,0,6958290.7978474973,40238.7776837389,0.2005442346
1,235.0000000000,0,6958286.5436338214,40233.3664264877,0.2005442346
1,235.0000000000,0,6958282.2158451462,40228.0138304616,0.2005442346
1,235.0000000000,0,6958277.8233443219,40222.7142101411,0.2005442346
1,235.0000000000,0,6958273.3739506286,40217.4622643304,0.2005442346
1,235.0000000000,0,6958268.8745479062,40212.2530979692,0.2005442346
1,235.0000000000,0,6958264.3311877726,40207.0822259221,0.2005442346
1,235.0000000000,0,6958259.7491854522,40201.9455641876,0.2005442346
1,235.0000000000,0,6958255.1332070641,40196.8394127449,0.2005442346
1,235.0000000000,0,6958250.4873480592,40191.7604332078,0.2005442346
1,235.0000000000,0,6958245.8152030502,40186.7056236125,0.2005442346
1,235.0000000000,0,6958241.1199275628,40181.6722919991,0.2005442346
1,235.0000000000,0,6958236.4042923916,40176.6580299431,0.2005442346
1,235.0000000000,0,6958231.6707312968,40171.6606868099,0.2005442346
1,235.0000000000,0,6958226.9213827690,40166.6783452319,0.2005442346
1,235.0000000000,0,6958222.1581265656,40161.7092981022,0.2005442346
1,235.0000000000,0,6958217.3826156389,40156.7520272378,0.2005442346
1,235.0000000000,0,6958212.5963040423,40151.8051837657,0.2005442346
1,235.0000000000,0,6958207.8004713217,40146.8675702173,0.2005442346
1,235.0000000000,0,6958202.9962438382,40141.9381242727,0.2005442346
1,235.0000000000,0,6958198.1846134197,40137.0159040671,0.2005442346
1,235.0000000000,0,6958193.3664536877,40132.1000749583,0.2005442346
1,235.0000000000,0,6958188.5425343486,40127.1898976452,0.2005442346
1,235.0000000000,0,6958183.7135337256,40122.2847175245,0.2005442346
1,235.0000000000,0,6958178.8800497390,40117.3839551770,0.2005442346
1,235.0000000000,0,6958174.0426095454,40112.4870978781,0.2005442346
1,235.0000000000,0,6958169.2016779967,40107.5936920321,0.2005442346
1,235.0000000000,0,6958164.3576650722,40102.7033364393,0.2005442346
1,235.0000000000,0,6958159.5109324101,40097.8156763102,0.2005442346
1,235.0000000000,0,6958154.6617990490,40092.9303979474,0.2005442346
1,235.0000000000,0,6958149.8105464801,40088.0472240259,0.2005442346
1,235.0000000000,0,6958144.9574230919,40083.1659094064,0.2005442346
1,235.0000000000,0,6958140.1026480850,40078.2862374233,0.2005442346
1,235.0000000000,0,6958135.2464149157,40073.4080165958,0.2005442346
1,235.0000000000,0,6958130.3888943354,40068.5310777148,0.2005442346
1,235.0000000000,0,6958125.5302370647,40063.6552712627,0.2005442346
1,235.0000000000,0,6958120.6705761487,40058.7804651314,0.2005442346
1,235.0000000000,0,6958115.8100290392,40053.9065426009,0.2005442346
1,235.0000000000,0,6958110.9486994259,40049.0334005524,0.2005442346
1,235.0000000000,0,6958106.0866788523,40044.1609478874,0.2005442346
1,235.0000000000,0,6958101.2240481414,40039.2891041296,0.2005442346
1,235.0000000000,0,6958096.3608786538,40034.4177981887,0.2005442346
1,235.0000000000,0,6958091.4972333983,40029.5469672677,0.2005442346
1,235.0000000000,0,6958086.6331680091,40024.6765558965,0.2005442346
1,235.0000000000,0,6958081.7687316118,40019.8065150788,0.2005442346
1,235.0000000000,0,6958076.9039675836,40014.9368015369,0.2005442346
1,235.0000000000,0,6958072.0389142279,40010.0673770452,0.2005442346
1,235.0000000000,0,6958067.1736053685,40005.1982078411,0.2005442346
1,235.0000000000,0,6958062.3080708738,40000.3292641038,0.2005442346
1,235.0000000000,0,6958057.4423371190,39995.4605194951,0.2005442346
1,235.0000000000,0,6958052.5764273964,39990.5919507525,0.2005442346
1,235.0000000000,0,6958047.7103622733,39985.7235373303,0.2005442346
1,235.0000000000,0,6958042.8441599132,39980.8552610827,0.2005442346
1,235.0000000000,0,6958037.9778363565,39975.9871059834,0.2005442346
1,235.0000000000,0,6958033.1114057675,39971.1190578779,0.2005442346
1,235.0000000000,0,6958028.2448806558,39966.2511042655,0.2005442346
1,235.0000000000,0,6958023.3782720687,39961.3832341056,0.2005442346
1,235.0000000000,0,6958018.5115897618,39956.5154376475,0.2005442346
1,235.0000000000,0,6958013.6448423509,39951.6477062797,0.2005442346
1,235.0000000000,0,6958008.7780374438,39946.7800323968,0.2005442346
1,235.0000000000,0,6958003.9111817600,39941.9124092819,0.2005442346
1,235.0000000000,0,6957999.0442812340,39937.0448310030,0.2005442346
1,235.0000000000,0,6957994.1773411054,39932.1772923210,0.2005442346
1,235.0000000000,0,6957989.3103660028,39927.3097886091,0.2005442346
1,235.0000000000,0,6957984.4433600130,39922.4423157810,0.2005442346
1,235.0000000000,0,6957979.5763267456,39917.5748702280,0.2005442346
1,235.0000000000,0,6957974.7092693886,39912.7074487630,0.2005442346
1,235.0000000000,0,6957969.8421907565,39907.8400485712,0.2005442346
1,235.0000000000,0,6957964.9750933358,39902.9726671669,0.2005442346
1,235.0000000000,0,6957960.1079793228,39898.1053023546,0.2005442346
1,235.0000000000,0,6957955.2408506554,39893.2379521956,0.2005442346
1,235.0000000000,0,6957950.3737090463,39888.3706149775,0.2005442346
1,235.0000000000,0,6957945.5065560080,39883.5032891882,0.2005442346
1,235.0000000000,0,6957940.6393928761,39878.6359734922,0.2005442346
1,235.0000000000,0,6957935.7722208304,39873.7686667101,0.2005442346
1,235.0000000000,0,6957930.9050409123,39868.9013678002,0.2005442346
1,235.0000000000,0,6957926.0378540419,39864.0340758426,0.2005442346
1,235.0000000000,0,6957921.1706610313,39859.1667900249,0.2005442346
1,235.0000000000,0,6957916.3034625985,39854.2995096297,0.2005442346
1,235.0000000000,0,6957911.4362593768,39849.4322340233,0.2005442346
1,235.0000000000,0,6957906.5690519251,39844.5649626462,0.2005442346
1,235.0000000000,0,6957901.7018407388,39839.6976950041,0.2005442346
1,235.0000000000,0,6957896.8346262537,39834.8304306605,0.2005442346
1,235.0000000000,0,6957891.9674088554,39829.9631692301,0.2005442346
1,235.0000000000,0,6957887.1001888849,39825.0959103724,0.2005442346
1,235.0000000000,0,6957882.2329666419,39820.2286537867,0.2005442346
1,235.0000000000,0,6957877.3657423919,39815.3613992075,0.2005442346
1,235.0000000000,0,6957872.4985163705,39810.4941464005,0.2005442346
1,235.0000000000,0,6957867.6312887836,39805.6268951584,0.2005442346
1,235.0000000000,0,6957862.7640598146,39800.7596452985,0.2005442346
1,235.0000000000,0,6957857.8968296256,39795.8923966592,0.2005442346
1,235.0000000000,0,6957853.0295983581,39791.0251490979,0.2005442346
1,235.0000000000,0,6957848.1623661388,39786.1579024886,0.2005442346
1,235.0000000000,0,6957843.2951330785,39781.2906567200,0.2005442346
1,235.0000000000,0,6957838.4278992759,39776.4234116940,0.2005442346
1,235.0000000000,0,6957833.5606648177,39771.5561673238,0.2005442346
1,235.0000000000,0,6957828.6934297802,39766.6889235326,0.2005442346
1,235.0000000000,0,6957823.8261942314,39761.8216802530,0.2005442346
1,235.0000000000,0,6957818.9589582309,39756.9544374250,0.2005442346
1,235.0000000000,0,6957814.0917218309,39752.0871949959,0.2005442346
1,235.0000000000,0,6957809.2244850788,39747.2199529191,0.2005442346
1,235.0000000000,0,6957804.3572480157,39742.3527111535,0.2005442346
1,235.0000000000,0,6957799.4900106778,39737.4854696625,0.2005442346
1,235.0000000000,0,6957794.6227730969,39732.6182284143,0.2005442346
1,235.0000000000,1,6958340.8691541441,40335.4331242364,0.1985533139
1,235.0000000000,1,6958336.2237828132,40330.3536986557,0.1985533139
1,235.0000000000,1,6958333.1097586416,40324.2150593527,0.1985533139
1,235.0000000000,1,6958329.8237037882,40318.1667635155,0.1985533139
1,235.0000000000,1,6958326.3567046840,40312.2203396957,0.1985533139
1,235.0000000000,1,6958322.7267302936,40306.3719788178,0.1985533139
1,235.0000000000,1,6958318.9511170592,40300.6165653887,0.1985533139
1,235.0000000000,1,6958315.0459739445,40294.9482414492,0.1985533139
1,235.0000000000,1,6958311.0260485709,40289.3607340421,0.1985533139
1,235.0000000000,1,6958306.9046894889,40283.8476189200,0.1985533139
1,235.0000000000,1,6958302.6938732853,40278.4025233347,0.1985533139
1,235.0000000000,1,6958298.4042740921,40273.0192735917,0.1985533139
1,235.0000000000,1,6958294.0453578876,40267.6919958108,0.1985533139
1,235.0000000000,1,6958289.6254886519,40262.4151790644,0.1985533139
1,235.0000000000,1,6958285.1520374585,40257.1837095331,0.1985533139
1,235.0000000000,1,6958280.6314887349,40251.9928831759,0.1985533139
1,235.0000000000,1,6958276.0695402613,40246.8384030707,0.1985533139
1,235.0000000000,1,6958271.4711951092,40241.7163662787,0.1985533139
1,235.0000000000,1,6958266.8408448137,40236.6232439382,0.1985533139
1,235.0000000000,1,6958262.1823437568,40231.5558573401,0.1985533139
1,235.0000000000,1,6958257.4990751613,40226.5113519834,0.1985533139
1,235.0000000000,1,6958252.7940093139,40221.4871710144,0.1985533139
1,235.0000000000,1,6958248.0697547337,40216.4810290176,0.1985533139
1,235.0000000000,1,6958243.3286030181,40211.4908867904,0.1985533139
1,235.0000000000,1,6958238.5725680981,40206.5149274987,0.1985533139
1,235.0000000000,1,6958233.8034205511,40201.5515344345,0.1985533139
1,235.0000000000,1,6958229.0227175960,40196.5992704787,0.1985533139
1,235.0000000000,1,6958224.2318293024,40191.6568592865,0.1985533139
1,235.0000000000,1,6958219.4319615038,40186.7231681581,0.1985533139
1,235.0000000000,1,6958214.6241758326,40181.7971925212,0.1985533139
1,235.0000000000,1,6958209.8094072500,40176.8780419308,0.1985533139
1,235.0000000000,1,6958204.9884793926,40171.9649274784,0.1985533139
1,235.0000000000,1,6958200.1621180139,40167.0571504997,0.1985533139
1,235.0000000000,1,6958195.3309627688,40162.1540924710,0.1985533139
1,235.0000000000,1,6958190.4955775496,40157.2552059834,0.1985533139
1,235.0000000000,1,6958185.6564595550,40152.3600066955,0.1985533139
1,235.0000000000,1,6958180.8140472546,40147.4680661659,0.1985533139
1,235.0000000000,1,6958175.9687273866,40142.5790054780,0.1985533139
1,235.0000000000,1,6958171.1208411101,40137.6924895735,0.1985533139
1,235.0000000000,1,6958166.2706894148,40132.8082222213,0.1985533139
1,235.0000000000,1,6958161.4185378803,40127.9259415535,0.1985533139
1,235.0000000000,1,6958156.5646208655,40123.0454161059,0.1985533139
1,235.0000000000,1,6958151.7091451976,40118.1664413090,0.1985533139
1,235.0000000000,1,6958146.8522934206,40113.2888363794,0.1985533139
1,235.0000000000,1,6958141.9942266587,40108.4124415667,0.1985533139
1,235.0000000000,1,6958137.1350871380,40103.5371157158,0.1985533139
1,235.0000000000,1,6958132.2750004102,40098.6627341107,0.1985533139
1,235.0000000000,1,6958127.4140773136,40093.7891865650,0.1985533139
1,235.0000000000,1,6958122.5524157006,40088.9163757345,0.1985533139
1,235.0000000000,1,6958117.6901019625,40084.0442156235,0.1985533139
1,235.0000000000,1,6958112.8272123765,40079.1726302649,0.1985533139
1,235.0000000000,1,6958107.9638142893,40074.3015525524,0.1985533139
1,235.0000000000,1,6958103.0999671668,40069.4309232093,0.1985533139
1,235.0000000000,1,6958098.2357235141,40064.5606898756,0.1985533139
1,235.0000000000,1,6958093.3711296963,40059.6908063024,0.1985533139
1,235.0000000000,1,6958088.5062266514,40054.8212316392,0.1985533139
1,235.0000000000,1,6958083.6410505315,40049.9519298047,0.1985533139
1,235.0000000000,1,6958078.7756332597,40045.0828689299,0.1985533139
1,235.0000000000,1,6958073.9100030251,40040.2140208676,0.1985533139
1,235.0000000000,1,6958069.0441847220,40035.3453607570,0.1985533139
1,235.0000000000,1,6958064.1782003324,40030.4768666411,0.1985533139
1,235.0000000000,1,6958059.3120692698,40025.6085191272,0.1985533139
1,235.0000000000,1,6958054.4458086770,40020.7403010877,0.1985533139
1,235.0000000000,1,6958049.5794336936,40015.8721973958,0.1985533139
1,235.0000000000,1,6958044.7129576886,40011.0041946914,0.1985533139
1,235.0000000000,1,6958039.8463924695,40006.1362811754,0.1985533139
1,235.0000000000,1,6958034.9797484623,40001.2684464271,0.1985533139
1,235.0000000000,1,6958030.1130348742,39996.4006812430,0.1985533139
1,235.0000000000,1,6958025.2462598374,39991.5329774951,0.1985533139
1,235.0000000000,1,6958020.3794305334,39986.6653280047,0.1985533139
1,235.0000000000,1,6958015.5125533044,39981.7977264322,0.1985533139
1,235.0000000000,1,6958010.6456337506,39976.9301671784,0.1985533139
1,235.0000000000,1,6958005.7786768181,39972.0626452986,0.1985533139
1,235.0000000000,1,6958000.9116868749,39967.1951564255,0.1985533139
1,235.0000000000,1,6957996.0446677795,39962.3276967024,0.1985533139
1,235.0000000000,1,6957991.1776229376,39957.4602627230,0.1985533139
1,235.0000000000,1,6957986.3105553584,39952.5928514792,0.1985533139
1,235.0000000000,1,6957981.4434676990,39947.7254603143,0.1985533139
1,235.0000000000,1,6957976.5763623063,39942.8580868820,0.1985533139
1,235.0000000000,1,6957971.7092412524,39937.9907291102,0.1985533139
1,235.0000000000,1,6957966.8421063675,39933.1233851690,0.1985533139
1,235.0000000000,1,6957961.9749592673,39928.2560534422,0.1985533139
1,235.0000000000,1,6957957.1078013796,39923.3887325025,0.1985533139
1,235.0000000000,1,6957952.2406339645,39918.5214210895,0.1985533139
1,235.0000000000,1,6957947.3734581359,39913.6541180898,0.1985533139
1,235.0000000000,1,6957942.5062748771,39908.7868225204,0.1985533139
1,235.0000000000,1,6957937.6390850563,39903.9195335129,0.1985533139
1,235.0000000000,1,6957932.7718894398,39899.0522503006,0.1985533139
1,235.0000000000,1,6957927.9046887057,39894.1849722063,0.1985533139
1,235.0000000000,1,6957923.0374834519,39889.3176986319,0.1985533139
1,235.0000000000,1,6957918.1702742055,39884.4504290493,0.1985533139
1,235.0000000000,1,6957913.3030614341,39879.5831629921,0.1985533139
1,235.0000000000,1,6957908.4358455492,39874.7159000482,0.1985533139
1,235.0000000000,1,6957903.5686269151,39869.8486398538,0.1985533139
1,235.0000000000,1,6957898.7014058521,39864.9813820876,0.1985533139
1,235.0000000000,1,6957893.8341826452,39860.1141264660,0.1985533139
1,235.0000000000,1,6957888.9669575440,39855.2468727382,0.1985533139
1,235.0000000000,1,6957884.0997307701,39850.3796206831,0.1985533139
1,235.0000000000,1,6957879.2325025192,39845.5123701051,0.1985533139
1,235.0000000000,1,6957874.3652729644,39840.6451208316,0.1985533139
1,235.0000000000,1,6957869.4980422566,39835.7778727101,0.1985533139
1,235.0000000000,1,6957864.6308105318,39830.9106256062,0.1985533139
1,235.0000000000,1,6957859.7635779083,39826.0433794008,0.1985533139
1,235.0000000000,1,6957854.8963444913,39821.1761339889,0.1985533139
1,235.0000000000,1,6957850.0291103739,39816.3088892779,0.1985533139
1,235.0000000000,1,6957845.1618756372,39811.4416451859,0.1985533139
1,235.0000000000,1,6957840.2946403539,39806.5744016404,0.1985533139
1,235.0000000000,1,6957835.4274045881,39801.7071585777,0.1985533139
1,235.0000000000,1,6957830.5601683958,39796.8399159414,0.1985533139
1,235.0000000000,1,6957825.6929318272,39791.9726736815,0.1985533139
1,235.0000000000,1,6957820.8256949261,39787.1054317542,0.1985533139
1,235.0000000000,1,6957815.9584577307,39782.2381901205,0.1985533139
1,235.0000000000,1,6957811.0912202764,39777.3709487462,0.1985533139
1,235.0000000000,1,6957806.2239825930,39772.5037076009,0.1985533139
1,235.0000000000,1,6957801.3567447076,39767.6364666579,0.1985533139
1,235.0000000000,1,6957796.4895066433,39762.7692258935,0.1985533139
1,235.0000000000,1,6957791.6222684216,39757.9019852869,0.1985533139
1,235.0000000000,1,6957786.7550300602,39753.0347448196,0.1985533139
1,235.0000000000,1,6957781.8877915759,39748.1675044753,0.1985533139
1,235.0000000000,1,6957777.0205529826,39743.3002642398,0.1985533139
1,235.0000000000,2,6958340.8691541441,40335.4331242364,0.2003044612
1,235.0000000000,2,6958336.2237828132,40330.3536986557,0.2003044612
1,235.0000000000,2,6958331.3377018739,40325.5053739877,0.2003044612
1,235.0000000000,2,6958326.4475559201,40320.6611494281,0.2003044612
1,235.0000000000,2,6958321.5598938325,40315.8144187411,0.2003044612
1,235.0000000000,2,6958316.6746081403,40310.9652927644,0.2003044612
1,235.0000000000,2,6958311.7914275751,40306.1140468828,0.2003044612
1,235.0000000000,2,6958306.9101070808,40301.2609294032,0.2003044612
1,235.0000000000,2,6958302.0304299081,40296.4061596124,0.2003044612
1,235.0000000000,2,6958297.1522044959,40291.5499310488,0.2003044612
1,235.0000000000,2,6958292.2752615651,40286.6924145352,0.2003044612
1,235.0000000000,2,6958287.3994515352,40281.8337608545,0.2003044612
1,235.0000000000,2,6958282.5246422440,40276.9741031089,0.2003044612
1,235.0000000000,2,6958277.6507169222,40272.1135587989,0.2003044612
1,235.0000000000,2,6958272.7775724083,40267.2522316573,0.2003044612
1,235.0000000000,2,6958267.9051175658,40262.3902132659,0.2003044612
1,235.0000000000,2,6958263.0332718845,40257.5275844819,0.2003044612
1,235.0000000000,2,6958258.1619642442,40252.6644166963,0.2003044612
1,235.0000000000,2,6958253.2911318224,40247.8007729436,0.2003044612
1,235.0000000000,2,6958248.4207191262,40242.9367088816,0.2003044612
1,235.0000000000,2,6958243.5506771384,40238.0722736558,0.2003044612
1,235.0000000000,2,6958238.6809625626,40233.2075106622,0.2003044612
1,235.0000000000,2,6958233.8115371577,40228.3424582205,0.2003044612
1,235.0000000000,2,6958228.9423671467,40223.4771501686,0.2003044612
1,235.0000000000,2,6958224.0734226974,40218.6116163869,0.2003044612
1,235.0000000000,2,6958219.2046774598,40213.7458832620,0.2003044612
1,235.0000000000,2,6958214.3361081611,40208.8799740949,0.2003044612
1,235.0000000000,2,6958209.4676942481,40204.0139094624,0.2003044612
1,235.0000000000,2,6958204.5994175673,40199.1477075357,0.2003044612
1,235.0000000000,2,6958199.7312620850,40194.2813843614,0.2003044612
1,235.0000000000,2,6958194.8632136416,40189.4149541107,0.2003044612
1,235.0000000000,2,6958189.9952597301,40184.5484292978,0.2003044612
1,235.0000000000,2,6958185.1273893062,40179.6818209744,0.2003044612
1,235.0000000000,2,6958180.2595926151,40174.8151389003,0.2003044612
1,235.0000000000,2,6958175.3918610420,40169.9483916947,0.2003044612
1,235.0000000000,2,6958170.5241869772,40165.0815869692,0.2003044612
1,235.0000000000,2,6958165.6565637020,40160.2147314460,0.2003044612
1,235.0000000000,2,6958160.7889852813,40155.3478310614,0.2003044612
1,235.0000000000,2,6958155.9214464743,40150.4808910582,0.2003044612
1,235.0000000000,2,6958151.0539426515,40145.6139160661,0.2003044612
1,235.0000000000,2,6958146.1864697263,40140.7469101742,0.2003044612
1,235.0000000000,2,6958141.3190240869,40135.8798769932,0.2003044612
1,235.0000000000,2,6958136.4516025456,40131.0128197123,0.2003044612
1,235.0000000000,2,6958131.5842022868,40126.1457411478,0.2003044612
1,235.0000000000,2,6958126.7168208230,40121.2786437868,0.2003044612
1,235.0000000000,2,6958121.8494559582,40116.4115298259,0.2003044612
1,235.0000000000,2,6958116.9821057534,40111.5444012049,0.2003044612
1,235.0000000000,2,6958112.1147684949,40106.6772596369,0.2003044612
1,235.0000000000,2,6958107.2474426692,40101.8101066350,0.2003044612
1,235.0000000000,2,6958102.3801269410,40096.9429435352,0.2003044612
1,235.0000000000,2,6958097.5128201311,40092.0757715176,0.2003044612
1,235.0000000000,2,6958092.6455211965,40087.2085916242,0.2003044612
1,235.0000000000,2,6958087.7782292170,40082.3414047755,0.2003044612
1,235.0000000000,2,6958082.9109433796,40077.4742117841,0.2003044612
1,235.0000000000,2,6958078.0436629672,40072.6070133680,0.2003044612
1,235.0000000000,2,6958073.1763873454,40067.7398101609,0.2003044612
1,235.0000000000,2,6958068.3091159547,40062.8726027228,0.2003044612
1,235.0000000000,2,6958063.4418483004,40058.0053915480,0.2003044612
1,235.0000000000,2,6958058.5745839467,40053.1381770733,0.2003044612
1,235.0000000000,2,6958053.7073225072,40048.2709596842,0.2003044612
1,235.0000000000,2,6958048.8400636418,40043.4037397214,0.2003044612
1,235.0000000000,2,6958043.9728070488,40038.5365174855,0.2003044612
1,235.0000000000,2,6958039.1055524638,40033.6692932422,0.2003044612
1,235.0000000000,2,6958034.2382996511,40028.8020672261,0.2003044612
1,235.0000000000,2,6958029.3710484039,40023.9348396444,0.2003044612
1,235.0000000000,2,6958024.5037985398,40019.0676106799,0.2003044612
1,235.0000000000,2,6958019.6365498966,40014.2003804943,0.2003044612
1,235.0000000000,2,6958014.7693023318,40009.3331492303,0.2003044612
1,235.0000000000,2,6958009.9020557199,40004.4659170139,0.2003044612
1,235.0000000000,2,6958005.0348099489,39999.5986839563,0.2003044612
1,235.0000000000,2,6958000.1675649201,39994.7314501560,0.2003044612
1,235.0000000000,2,6957995.3003205480,39989.8642156996,0.2003044612
1,235.0000000000,2,6957990.4330767551,39984.9969806638,0.2003044612
1,235.0000000000,2,6957985.5658334736,39980.1297451164,0.2003044612
1,235.0000000000,2,6957980.6985906437,39975.2625091171,0.2003044612
1,235.0000000000,2,6957975.8313482134,39970.3952727187,0.2003044612
1,235.0000000000,2,6957970.9641061351,39965.5280359679,0.2003044612
1,235.0000000000,2,6957966.0968643688,39960.6607989058,0.2003044612
1,235.0000000000,2,6957961.2296228772,39955.7935615688,0.2003044612
1,235.0000000000,2,6957956.3623816278,39950.9263239891,0.2003044612
1,235.0000000000,2,6957951.4951405935,39946.0590861950,0.2003044612
1,235.0000000000,2,6957946.6278997483,39941.1918482115,0.2003044612
1,235.0000000000,2,6957941.7606590698,39936.3246100609,0.2003044612
1,235.0000000000,2,6957936.8934185393,39931.4573717626,0.2003044612
1,235.0000000000,2,6957932.0261781393,39926.5901333338,0.2003044612
1,235.0000000000,2,6957927.1589378547,39921.7228947899,0.2003044612
1,235.0000000000,2,6957922.2916976716,39916.8556561442,0.2003044612
1,235.0000000000,2,6957917.4244575780,39911.9884174088,0.2003044612
1,235.0000000000,2,6957912.5572175644,39907.1211785940,0.2003044612
1,235.0000000000,2,6957907.6899776207,39902.2539397091,0.2003044612
1,235.0000000000,2,6957902.8227377385,39897.3867007623,0.2003044612
1,235.0000000000,2,6957897.9554979112,39892.5194617610,0.2003044612
1,235.0000000000,2,6957893.0882581323,39887.6522227113,0.2003044612
1,235.0000000000,2,6957888.2210183954,39882.7849836191,0.2003044612
1,235.0000000000,2,6957883.3537786966,39877.9177444892,0.2003044612
1,235.0000000000,2,6957878.4865390314,39873.0505053260,0.2003044612
1,235.0000000000,2,6957873.6192993950,39868.1832661335,0.2003044612
1,235.0000000000,2,6957868.7520597847,39863.3160269151,0.2003044612
1,235.0000000000,2,6957863.8848201977,39858.4487876738,0.2003044612
1,235.0000000000,2,6957859.0175806303,39853.5815484122,0.2003044612
1,235.0000000000,2,6957854.1503410805,39848.7143091329,0.2003044612
1,235.0000000000,2,6957849.2831015466,39843.8470698377,0.2003044612
1,235.0000000000,2,6957844.4158620266,39838.9798305286,0.2003044612
1,235.0000000000,2,6957839.5486225197,39834.1125912072,0.2003044612
1,235.0000000000,2,6957834.6813830230,39829.2453518748,0.2003044612
1,235.0000000000,2,6957829.8141435366,39824.3781125330,0.2003044612
1,235.0000000000,2,6957824.9469040586,39819.5108731826,0.2003044612
1,235.0000000000,2,6957820.0796645880,39814.6436338248,0.2003044612
1,235.0000000000,2,6957815.2124251239,39809.7763944604,0.2003044612
1,235.0000000000,2,6957810.3451856654,39804.9091550901,0.2003044612
1,235.0000000000,2,6957805.4779462116,39800.0419157147,0.2003044612
1,235.0000000000,2,6957800.6107067624,39795.1746763348,0.2003044612
1,235.0000000000,2,6957795.7434673179,39790.3074369508,0.2003044612
1,235.0000000000,2,6957790.8762278771,39785.4401975633,0.2003044612
1,235.0000000000,2,6957786.0089884391,39780.5729581726,0.2003044612
1,235.0000000000,2,6957781.1417490039,39775.7057187792,0.2003044612
1,235.0000000000,2,6957776.2745095706,39770.8384793833,0.2003044612
1,235.0000000000,2,6957771.4072701400,39765.9712399853,0.2003044612
1,235.0000000000,2,6957766.5400307113,39761.1040005854,0.2003044612
1,235.0000000000,2,6957761.6727912845,39756.2367611837,0.2003044612
1,235.0000000000,3,6958340.8691541441,40335.4331242364,0.2003212792
1,235.0000000000,3,6958336.2237828132,40330.3536986557,0.2003212792
1,235.0000000000,3,6958330.0611722004,40327.2873866250,0.2003212792
1,235.0000000000,3,6958323.9848900679,40324.0533744920,0.2003212792
1,235.0000000000,3,6958318.0112733766,40320.6334413551,0.2003212792
1,235.0000000000,3,6958312.1369255250,40317.0456737554,0.2003212792
1,235.0000000000,3,6958306.3569934880,40313.3077030916,0.2003212792
1,235.0000000000,3,6958300.6657843739,40309.4359879862,0.2003212792
1,235.0000000000,3,6958295.0571085867,40305.4456502873,0.2003212792
1,235.0000000000,3,6958289.5245602438,40301.3504155117,0.2003212792
1,235.0000000000,3,6958284.0617360100,40297.1626248746,0.2003212792
1,235.0000000000,3,6958278.6623967895,40292.8932953001,0.2003212792
1,235.0000000000,3,6958273.3205802087,40288.5522084945,0.2003212792
1,235.0000000000,3,6958268.0306730140,40284.1480149355,0.2003212792
1,235.0000000000,3,6958262.7874522507,40279.6883428551,0.2003212792
1,235.0000000000,3,6958257.5861030677,40275.1799056854,0.2003212792
1,235.0000000000,3,6958252.4222196620,40270.6286039808,0.2003212792
1,235.0000000000,3,6958247.2917945590,40266.0396196380,0.2003212792
1,235.0000000000,3,6958242.1912002265,40261.4175014561,0.2003212792
1,235.0000000000,3,6958237.1171660079,40256.7662418654,0.2003212792
1,235.0000000000,3,6958232.0667525632,40252.0893451305,0.2003212792
1,235.0000000000,3,6958227.0373253627,40247.3898876014,0.2003212792
1,235.0000000000,3,6958222.0265283091,40242.6705707098,0.2003212792
1,235.0000000000,3,6958217.0322581995,40237.9337674517,0.2003212792
1,235.0000000000,3,6958212.0526404791,40233.1815630794,0.2003212792
1,235.0000000000,3,6958207.0860065548,40228.4157906873,0.2003212792
1,235.0000000000,3,6958202.1308727898,40223.6380623142,0.2003212792
1,235.0000000000,3,6958197.1859212304,40218.8497961243,0.2003212792
1,235.0000000000,3,6958192.2499820236,40214.0522401652,0.2003212792
1,235.0000000000,3,6958187.3220174778,40209.2464931401,0.2003212792
1,235.0000000000,3,6958182.4011076605,40204.4335225807,0.2003212792
1,235.0000000000,3,6958177.4864374399,40199.6141807525,0.2003212792
1,235.0000000000,3,6958172.5772848530,40194.7892185860,0.2003212792
1,235.0000000000,3,6958167.6730106901,40189.9592978856,0.2003212792
1,235.0000000000,3,6958162.7730491925,40185.1250020362,0.2003212792
1,235.0000000000,3,6958157.8768997490,40180.2868453977,0.2003212792
1,235.0000000000,3,6958152.9841194991,40175.4452815536,0.2003212792
1,235.0000000000,3,6958148.0943167536,40170.6007105570,0.2003212792
1,235.0000000000,3,6958143.2071451442,40165.7534852994,0.2003212792
1,235.0000000000,3,6958138.3222984299,40160.9039171110,0.2003212792
1,235.0000000000,3,6958133.4395058835,40156.0522806874,0.2003212792
1,235.0000000000,3,6958128.5585282035,40151.1988184258,0.2003212792
1,235.0000000000,3,6958123.6791538885,40146.3437442424,0.2003212792
1,235.0000000000,3,6958118.8011960238,40141.4872469343,0.2003212792
1,235.0000000000,3,6958113.9244894385,40136.6294931415,0.2003212792
1,235.0000000000,3,6958109.0488881851,40131.7706299567,0.2003212792
1,235.0000000000,3,6958104.1742633106,40126.9107872258,0.2003212792
1,235.0000000000,3,6958099.3005008856,40122.0500795762,0.2003212792
1,235.0000000000,3,6958094.4275002554,40117.1886082048,0.2003212792
1,235.0000000000,3,6958089.5551725011,40112.3264624553,0.2003212792
1,235.0000000000,3,6958084.6834390713,40107.4637212095,0.2003212792
1,235.0000000000,3,6958079.8122305768,40102.6004541147,0.2003212792
1,235.0000000000,3,6958074.9414857235,40097.7367226659,0.2003212792
1,235.0000000000,3,6958070.0711503690,40092.8725811623,0.2003212792
1,235.0000000000,3,6958065.2011766899,40088.0080775495,0.2003212792
1,235.0000000000,3,6958060.3315224452,40083.1432541643,0.2003212792
1,235.0000000000,3,6958055.4621503241,40078.2781483911,0.2003212792
1,235.0000000000,3,6958050.5930273738,40073.4127932422,0.2003212792
1,235.0000000000,3,6958045.7241244866,40068.5472178690,0.2003212792
1,235.0000000000,3,6958040.8554159561,40063.6814480142,0.2003212792
1,235.0000000000,3,6958035.9868790768,40058.8155064105,0.2003212792
1,235.0000000000,3,6958031.1184937954,40053.9494131328,0.2003212792
1,235.0000000000,3,6958026.2502424009,40049.0831859088,0.2003212792
1,235.0000000000,3,6958021.3821092509,40044.2168403939,0.2003212792
1,235.0000000000,3,6958016.5140805300,40039.3503904136,0.2003212792
1,235.0000000000,3,6958011.6461440381,40034.4838481770,0.2003212792
1,235.0000000000,3,6958006.7782889977,40029.6172244662,0.2003212792
1,235.0000000000,3,6958001.9105058927,40024.7505288030,0.2003212792
1,235.0000000000,3,6957997.0427863179,40019.8837695965,0.2003212792
1,235.0000000000,3,6957992.1751228496,40015.0169542726,0.2003212792
1,235.0000000000,3,6957987.3075089324,40010.1500893895,0.2003212792
1,235.0000000000,3,6957982.4399387771,40005.2831807388,0.2003212792
1,235.0000000000,3,6957977.5724072689,40000.4162334355,0.2003212792
1,235.0000000000,3,6957972.7049098928,39995.5492519965,0.2003212792
1,235.0000000000,3,6957967.8374426598,39990.6822404109,0.2003212792
1,235.0000000000,3,6957962.9700020486,39985.8152022018,0.2003212792
1,235.0000000000,3,6957958.1025849478,39980.9481404802,0.2003212792
1,235.0000000000,3,6957953.2351886099,39976.0810579940,0.2003212792
1,235.0000000000,3,6957948.3678106098,39971.2139571696,0.2003212792
1,235.0000000000,3,6957943.5004488034,39966.3468401500,0.2003212792
1,235.0000000000,3,6957938.6331012994,39961.4797088277,0.2003212792
1,235.0000000000,3,6957933.7657664260,39956.6125648741,0.2003212792
1,235.0000000000,3,6957928.8984427070,39951.7454097654,0.2003212792
1,235.0000000000,3,6957924.0311288396,39946.8782448049,0.2003212792
1,235.0000000000,3,6957919.1638236726,39942.0110711441,0.2003212792
1,235.0000000000,3,6957914.2965261890,39937.1438897995,0.2003212792
1,235.0000000000,3,6957909.4292354910,39932.2767016691,0.2003212792
1,235.0000000000,3,6957904.5619507860,39927.4095075459,0.2003212792
1,235.0000000000,3,6957899.6946713738,39922.5423081301,0.2003212792
1,235.0000000000,3,6957894.8273966350,39917.6751040403,0.2003212792
1,235.0000000000,3,6957889.9601260237,39912.8078958226,0.2003212792
1,235.0000000000,3,6957885.0928590586,39907.9406839594,0.2003212792
1,235.0000000000,3,6957880.2255953131,39903.0734688766,0.2003212792
1,235.0000000000,3,6957875.3583344109,39898.2062509506,0.2003212792
1,235.0000000000,3,6957870.4910760196,39893.3390305136,0.2003212792
1,235.0000000000,3,6957865.6238198457,39888.4718078590,0.2003212792
1,235.0000000000,3,6957860.7565656304,39883.6045832459,0.2003212792
1,235.0000000000,3,6957855.8893131446,39878.7373569032,0.2003212792
1,235.0000000000,3,6957851.0220621862,39873.8701290330,0.2003212792
1,235.0000000000,3,6957846.1548125762,39869.0028998139,0.2003212792
1,235.0000000000,3,6957841.2875641584,39864.1356694034,0.2003212792
1,235.0000000000,3,6957836.4203167921,39859.2684379407,0.2003212792
1,235.0000000000,3,6957831.5530703552,39854.4012055488,0.2003212792
1,235.0000000000,3,6957826.6858247388,39849.5339723363,0.2003212792
1,235.0000000000,3,6957821.8185798470,39844.6667383991,0.2003212792
1,235.0000000000,3,6957816.9513355959,39839.7995038219,0.2003212792
1,235.0000000000,3,6957812.0840919092,39834.9322686793,0.2003212792
1,235.0000000000,3,6957807.2168487217,39830.0650330376,0.2003212792
1,235.0000000000,3,6957802.3496059757,39825.1977969551,0.2003212792
1,235.0000000000,3,6957797.4823636189,39820.3305604831,0.2003212792
1,235.0000000000,3,6957792.6151216058,39815.4633236673,0.2003212792
1,235.0000000000,3,6957787.7478798963,39810.5960865479,0.2003212792
1,235.0000000000,3,6957782.8806384550,39805.7288491603,0.2003212792
1,235.0000000000,3,6957778.0133972503,39800.8616115358,0.2003212792
1,235.0000000000,3,6957773.1461562552,39795.9943737022,0.2003212792
1,235.0000000000,3,6957768.2789154444,39791.1271356838,0.2003212792
1,235.0000000000,3,6957763.4116747975,39786.2598975023,0.2003212792
1,235.0000000000,3,6957758.5444342941,39781.3926591767,0.2003212792
1,235.0000000000,3,6957753.6771939183,39776.5254207239,0.2003212792
1,235.0000000000,3,6957748.8099536551,39771.6581821587,0.2003212792
1,235.0000000000,4,6958340.8691541441,40335.4331242364,0.2002767111
1,235.0000000000,4,6958336.2237828132,40330.3536986557,0.2002767111
1,235.0000000000,4,6958329.4633981483,40329.0586163362,0.2002767111
1,235.0000000000,4,6958322.7795083271,40327.4137285322,0.2002767111
1,235.0000000000,4,6958316.1725850757,40325.4827691360,0.2002767111
1,235.0000000000,4,6958309.6531202905,40323.2744625563,0.2002767111
1,235.0000000000,4,6958303.2291983673,40320.8019605522,0.2002767111
1,235.0000000000,4,6958296.9064906323,40318.0810405000,0.2002767111
1,235.0000000000,4,6958290.6881673094,40315.1293470725,0.2002767111
1,235.0000000000,4,6958284.5750082871,40311.9655952173,0.2002767111
1,235.0000000000,4,6958278.5656671058,40308.6088322522,0.2002767111
1,235.0000000000,4,6958272.6570322746,40305.0778163275,0.2002767111
1,235.0000000000,4,6958266.8446293417,40301.3905393953,0.2002767111
1,235.0000000000,4,6958261.1230169078,40297.5638972392,0.2002767111
1,235.0000000000,4,6958255.4861443248,40293.6134913721,0.2002767111
1,235.0000000000,4,6958249.9276534803,40289.5535383468,0.2002767111
1,235.0000000000,4,6958244.4411189621,40285.3968596233,0.2002767111
1,235.0000000000,4,6958239.0202289904,40281.1549271688,0.2002767111
1,235.0000000000,4,6958233.6589141292,40276.8379441957,0.2002767111
1,235.0000000000,4,6958228.3514326829,40272.4549452532,0.2002767111
1,235.0000000000,4,6958223.0924218623,40268.0139043590,0.2002767111
1,235.0000000000,4,6958217.8769229669,40263.5218435509,0.2002767111
1,235.0000000000,4,6958212.7003875794,40258.9849370705,0.2002767111
1,235.0000000000,4,6958207.5586704211,40254.4086084441,0.2002767111
1,235.0000000000,4,6958202.4480132656,40249.7976191286,0.2002767111
1,235.0000000000,4,6958197.3650232246,40245.1561483190,0.2002767111
1,235.0000000000,4,6958192.3066478586,40240.4878640847,0.2002767111
1,235.0000000000,4,6958187.2701488584,40235.7959863308,0.2002767111
1,235.0000000000,4,6958182.2530755252,40231.0833422536,0.2002767111
1,235.0000000000,4,6958177.2532388726,40226.3524150213,0.2002767111
1,235.0000000000,4,6958172.2686868925,40221.6053864149,0.2002767111
1,235.0000000000,4,6958167.2976813000,40216.8441741291,0.2002767111
1,235.0000000000,4,6958162.3386759311,40212.0704643779,0.2002767111
1,235.0000000000,4,6958157.3902968634,40207.2857403908,0.2002767111
1,235.0000000000,4,6958152.4513242450,40202.4913073163,0.2002767111
1,235.0000000000,4,6958147.5206757905,40197.6883139946,0.2002767111
1,235.0000000000,4,6958142.5973918503,40192.8777720007,0.2002767111
1,235.0000000000,4,6958137.6806219593,40188.0605723088,0.2002767111
1,235.0000000000,4,6958132.7696127528,40183.2374998848,0.2002767111
1,235.0000000000,4,6958127.8636971386,40178.4092464720,0.2002767111
1,235.0000000000,4,6958122.9622846143,40173.5764218012,0.2002767111
1,235.0000000000,4,6958118.0648526261,40168.7395634246,0.2002767111
1,235.0000000000,4,6958113.1709388662,40163.8991453488,0.2002767111
1,235.0000000000,4,6958108.2801344171,40159.0555856169,0.2002767111
1,235.0000000000,4,6958103.3920776537,40154.2092529713,0.2002767111
1,235.0000000000,4,6958098.5064488268,40149.3604727120,0.2002767111
1,235.0000000000,4,6958093.6229652567,40144.5095318496,0.2002767111
1,235.0000000000,4,6958088.7413770640,40139.6566836391,0.2002767111
1,235.0000000000,4,6958083.8614633922,40134.8021515718,0.2002767111
1,235.0000000000,4,6958078.9830290535,40129.9461328901,0.2002767111
1,235.0000000000,4,6958074.1059015598,40125.0888016838,0.2002767111
1,235.0000000000,4,6958069.2299284963,40120.2303116183,0.2002767111
1,235.0000000000,4,6958064.3549751919,40115.3707983387,0.2002767111
1,235.0000000000,4,6958059.4809226627,40110.5103815900,0.2002767111
1,235.0000000000,4,6958054.6076657875,40105.6491670852,0.2002767111
1,235.0000000000,4,6958049.7351116994,40100.7872481543,0.2002767111
1,235.0000000000,4,6958044.8631783584,40095.9247071973,0.2002767111
1,235.0000000000,4,6958039.9917932944,40091.0616169670,0.2002767111
1,235.0000000000,4,6958035.1208924893,40086.1980417001,0.2002767111
1,235.0000000000,4,6958030.2504193950,40081.3340381158,0.2002767111
1,235.0000000000,4,6958025.3803240620,40076.4696562965,0.2002767111
1,235.0000000000,4,6958020.5105623724,40071.6049404653,0.2002767111
1,235.0000000000,4,6958015.6410953570,40066.7399296723,0.2002767111
1,235.0000000000,4,6958010.7718885960,40061.8746584003,0.2002767111
1,235.0000000000,4,6958005.9029116891,40057.0091570991,0.2002767111
1,235.0000000000,4,6958001.0341377854,40052.1434526579,0.2002767111
1,235.0000000000,4,6957996.1655431697,40047.2775688218,0.2002767111
1,235.0000000000,4,6957991.2971068975,40042.4115265596,0.2002767111
1,235.0000000000,4,6957986.4288104698,40037.5453443884,0.2002767111
1,235.0000000000,4,6957981.5606375476,40032.6790386608,0.2002767111
1,235.0000000000,4,6957976.6925737020,40027.8126238175,0.2002767111
1,235.0000000000,4,6957971.8246061886,40022.9461126114,0.2002767111
1,235.0000000000,4,6957966.9567237515,40018.0795163046,0.2002767111
1,235.0000000000,4,6957962.0889164507,40013.2128448429,0.2002767111
1,235.0000000000,4,6957957.2211755076,40008.3461070093,0.2002767111
1,235.0000000000,4,6957952.3534931680,40003.4793105606,0.2002767111
1,235.0000000000,4,6957947.4858625848,39998.6124623469,0.2002767111
1,235.0000000000,4,6957942.6182777099,39993.7455684177,0.2002767111
1,235.0000000000,4,6957937.7507332023,39988.8786341154,0.2002767111
1,235.0000000000,4,6957932.8832243457,39984.0116641581,0.2002767111
1,235.0000000000,4,6957928.0157469744,39979.1446627125,0.2002767111
1,235.0000000000,4,6957923.1482974086,39974.2776334584,0.2002767111
1,235.0000000000,4,6957918.2808723999,39969.4105796454,0.2002767111
1,235.0000000000,4,6957913.4134690790,39964.5435041435,0.2002767111
1,235.0000000000,4,6957908.5460849106,39959.6764094872,0.2002767111
1,235.0000000000,4,6957903.6787176570,39954.8092979150,0.2002767111
1,235.0000000000,4,6957898.8113653427,39949.9421714036,0.2002767111
1,235.0000000000,4,6957893.9440262206,39945.0750316987,0.2002767111
1,235.0000000000,4,6957889.0766987503,39940.2078803420,0.2002767111
1,235.0000000000,4,6957884.2093815692,39935.3407186953,0.2002767111
1,235.0000000000,4,6957879.3420734759,39930.4735479610,0.2002767111
1,235.0000000000,4,6957874.4747734079,39925.6063692009,0.2002767111
1,235.0000000000,4,6957869.6074804273,39920.7391833530,0.2002767111
1,235.0000000000,4,6957864.7401937060,39915.8719912456,0.2002767111
1,235.0000000000,4,6957859.8729125131,39911.0047936100,0.2002767111
1,235.0000000000,4,6957855.0056362022,39906.1375910923,0.2002767111
1,235.0000000000,4,6957850.1383642033,39901.2703842630,0.2002767111
1,235.0000000000,4,6957845.2710960116,39896.4031736260,0.2002767111
1,235.0000000000,4,6957840.4038311830,39891.5359596261,0.2002767111
1,235.0000000000,4,6957835.5365693243,39886.6687426565,0.2002767111
1,235.0000000000,4,6957830.6693100883,39881.8015230640,0.2002767111
1,235.0000000000,4,6957825.8020531684,39876.9343011553,0.2002767111
1,235.0000000000,4,6957820.9347982937,39872.0670772009,0.2002767111
1,235.0000000000,4,6957816.0675452258,39867.1998514400,0.2002767111
1,235.0000000000,4,6957811.2002937533,39862.3326240835,0.2002767111
1,235.0000000000,4,6957806.3330436898,39857.4653953180,0.2002767111
1,235.0000000000,4,6957801.4657948706,39852.5981653081,0.2002767111
1,235.0000000000,4,6957796.5985471504,39847.7309341993,0.2002767111
1,235.0000000000,4,6957791.7313004015,39842.8637021199,0.2002767111
1,235.0000000000,4,6957786.8640545094,39837.9964691833,0.2002767111
1,235.0000000000,4,6957781.9968093745,39833.1292354897,0.2002767111
1,235.0000000000,4,6957777.1295649074,39828.2620011277,0.2002767111
1,235.0000000000,4,6957772.2623210307,39823.3947661753,0.2002767111
1,235.0000000000,4,6957767.3950776756,39818.5275307015,0.2002767111
1,235.0000000000,4,6957762.5278347814,39813.6602947671,0.2002767111
1,235.0000000000,4,6957757.6605922934,39808.7930584261,0.2002767111
1,235.0000000000,4,6957752.7933501648,39803.9258217260,0.2002767111
1,235.0000000000,4,6957747.9261083538,39799.0585847087,0.2002767111
1,235.0000000000,4,6957743.0588668222,39794.1913474113,0.2002767111
1,235.0000000000,4,6957738.1916255383,39789.3241098665,0.2002767111
1,240.0000000000,0,6958311.8247496262,40308.8474024693,1.0000000000
1,240.0000000000,0,6958306.7700435659,40303.9628944230,1.0000000000
1,240.0000000000,0,6958301.6375982137,40299.1601372032,1.0000000000
1,240.0000000000,0,6958296.5213948414,40294.3400816784,1.0000000000
1,240.0000000000,0,6958291.4222996496,40289.5019311606,1.0000000000
1,240.0000000000,0,6958286.3384142695,40284.6478007906,1.0000000000
1,240.0000000000,0,6958281.2679671152,40279.7796350313,1.0000000000
1,240.0000000000,0,6958276.2093850402,40274.8991412447,1.0000000000
1,240.0000000000,0,6958271.1612748820,40270.0078166761,1.0000000000
1,240.0000000000,0,6958266.1224039504,40265.1069747141,1.0000000000
1,240.0000000000,0,6958261.0916823018,40260.1977678639,1.0000000000
1,240.0000000000,0,6958256.0681467783,40255.2812077805,1.0000000000
1,240.0000000000,0,6958251.0509466901,40250.3581827467,1.0000000000
1,240.0000000000,0,6958246.0393310068,40245.4294729304,1.0000000000
1,240.0000000000,0,6958241.0326369302,40240.4957637141,1.0000000000
1,240.0000000000,0,6958236.0302797165,40235.5576573454,1.0000000000
1,240.0000000000,0,6958231.0317436261,40230.6156831289,1.0000000000
1,240.0000000000,0,6958226.0365738915,40225.6703063455,1.0000000000
1,240.0000000000,0,6958221.0443695933,40220.7219360634,1.0000000000
1,240.0000000000,0,6958216.0547773456,40215.7709319824,1.0000000000
1,240.0000000000,0,6958211.0674857125,40210.8176104329,1.0000000000
1,240.0000000000,0,6958206.0822202638,40205.8622496376,1.0000000000
1,240.0000000000,0,6958201.0987392077,40200.9050943275,1.0000000000
1,240.0000000000,0,6958196.1168295313,40195.9463597934,1.0000000000
1,240.0000000000,0,6958191.1363035915,40190.9862354430,1.0000000000
1,240.0000000000,0,6958186.1569961086,40186.0248879244,1.0000000000
1,240.0000000000,0,6958181.1787615102,40181.0624638709,1.0000000000
1,240.0000000000,0,6958176.2014715876,40176.0990923115,1.0000000000
1,240.0000000000,0,6958171.2250134340,40171.1348867906,1.0000000000
1,240.0000000000,0,6958166.2492876202,40166.1699472307,1.0000000000
1,240.0000000000,0,6958161.2742065908,40161.2043615696,1.0000000000
1,240.0000000000,0,6958156.2996932482,40156.2382072011,1.0000000000
1,240.0000000000,0,6958151.3256797064,40151.2715522410,1.0000000000
1,240.0000000000,0,6958146.3521061912,40146.3044566411,1.0000000000
1,240.0000000000,0,6958141.3789200736,40141.3369731689,1.0000000000
1,240.0000000000,0,6958136.4060750157,40136.3691482695,1.0000000000
1,240.0000000000,0,6958131.4335302180,40131.4010228238,1.0000000000
1,240.0000000000,0,6958126.4612497613,40126.4326328159,1.0000000000
1,240.0000000000,0,6958121.4892020216,40121.4640099200,1.0000000000
1,240.0000000000,0,6958116.5173591562,40116.4951820169,1.0000000000
1,240.0000000000,0,6958111.5456966534,40111.5261736485,1.0000000000
1,240.0000000000,0,6958106.5741929328,40106.5570064183,1.0000000000
1,240.0000000000,0,6958101.6028289953,40101.5876993427,1.0000000000
1,240.0000000000,0,6958096.6315881163,40096.6182691618,1.0000000000
1,240.0000000000,0,6958091.6604555696,40091.6487306109,1.0000000000
1,240.0000000000,0,6958086.6894183923,40086.6790966619,1.0000000000
1,240.0000000000,0,6958081.7184651727,40081.7093787332,1.0000000000
1,240.0000000000,0,6958076.7475858629,40076.7395868767,1.0000000000
1,240.0000000000,0,6958071.7767716190,40071.7697299409,1.0000000000
1,240.0000000000,0,6958066.8060146552,40066.7998157151,1.0000000000
1,240.0000000000,0,6958061.8353081159,40061.8298510563,1.0000000000
1,240.0000000000,0,6958056.8646459673,40056.8598420006,1.0000000000
1,240.0000000000,0,6958051.8940228969,40051.8897938618,1.0000000000
1,240.0000000000,0,6958046.9234342286,40046.9197113174,1.0000000000
1,240.0000000000,0,6958041.9528758451,40041.9495984855,1.0000000000
1,240.0000000000,0,6958036.9823441226,40036.9794589908,1.0000000000
1,240.0000000000,0,6958032.0118358694,40032.0092960245,1.0000000000
1,240.0000000000,0,6958027.0413482776,40027.0391123958,1.0000000000
1,240.0000000000,0,6958022.0708788745,40022.0689105775,1.0000000000
1,240.0000000000,0,6958017.1004254827,40017.0986927467,1.0000000000
1,240.0000000000,0,6958012.1299861865,40012.1284608197,1.0000000000
1,240.0000000000,0,6958007.1595592992,40007.1582164837,1.0000000000
1,240.0000000000,0,6958002.1891433354,40002.1879612236,1.0000000000
1,240.0000000000,0,6957997.2187369876,39997.2176963470,1.0000000000
1,240.0000000000,0,6957992.2483391054,39992.2474230047,1.0000000000
1,240.0000000000,0,6957987.2779486757,39987.2771422100,1.0000000000
1,240.0000000000,0,6957982.3075648062,39982.3068548546,1.0000000000
1,240.0000000000,0,6957977.3371867118,39977.3365617239,1.0000000000
1,240.0000000000,0,6957972.3668137016,39972.3662635089,1.0000000000
1,240.0000000000,0,6957967.3964451673,39967.3959608182,1.0000000000
1,240.0000000000,0,6957962.4260805724,39962.4256541874,1.0000000000
1,240.0000000000,0,6957957.4557194468,39957.4553440881,1.0000000000
1,240.0000000000,0,6957952.4853613740,39952.4850309353,1.0000000000
1,240.0000000000,0,6957947.5150059890,39947.5147150946,1.0000000000
1,240.0000000000,0,6957942.5446529705,39942.5443968876,1.0000000000
1,240.0000000000,0,6957937.5743020354,39937.5740765974,1.0000000000
1,240.0000000000,0,6957932.6039529340,39932.6037544735,1.0000000000
1,240.0000000000,0,6957927.6336054467,39927.6334307352,1.0000000000
1,240.0000000000,0,6957922.6632593805,39922.6631055758,1.0000000000
1,240.0000000000,0,6957917.6929145660,39917.6927791654,1.0000000000
1,240.0000000000,0,6957912.7225708524,39912.7224516536,1.0000000000
1,240.0000000000,0,6957907.7522281082,39907.7521231723,1.0000000000
1,240.0000000000,0,6957902.7818862172,39902.7817938376,1.0000000000
1,240.0000000000,0,6957897.8115450777,39897.8114637515,1.0000000000
1,240.0000000000,0,6957892.8412045995,39892.8411330039,1.0000000000
1,240.0000000000,0,6957887.8708647043,39887.8708016741,1.0000000000
1,240.0000000000,0,6957882.9005253213,39882.9004698318,1.0000000000
1,240.0000000000,0,6957877.9301863890,39877.9301375382,1.0000000000
1,240.0000000000,0,6957872.9598478545,39872.9598048473,1.0000000000
1,240.0000000000,0,6957867.9895096691,39867.9894718068,1.0000000000
1,240.0000000000,0,6957863.0191717921,39863.0191384584,1.0000000000
1,240.0000000000,0,6957858.0488341860,39858.0488048390,1.0000000000
1,240.0000000000,0,6957853.0784968184,39853.0784709811,1.0000000000
1,240.0000000000,0,6957848.1081596613,39848.1081369131,1.0000000000
1,240.0000000000,0,6957843.1378226886,39843.1378026603,1.0000000000
1,240.0000000000,0,6957838.1674858788,39838.1674682447,1.0000000000
1,240.0000000000,0,6957833.1971492125,39833.1971336859,1.0000000000
1,240.0000000000,0,6957828.2268126719,39828.2267990009,1.0000000000
1,240.0000000000,0,6957823.2564762421,39823.2564642049,1.0000000000
1,240.0000000000,0,6957818.2861399101,39818.2861293112,1.0000000000
1,240.0000000000,0,6957813.3158036647,39813.3157943313,1.0000000000
1,240.0000000000,0,6957808.3454674948,39808.3454592758,1.0000000000
1,240.0000000000,0,6957803.3751313919,39803.3751241535,1.0000000000
1,240.0000000000,0,6957798.4047953477,39798.4047889726,1.0000000000
1,240.0000000000,0,6957793.4344593547,39793.4344537400,1.0000000000
1,240.0000000000,0,6957788.4641234074,39788.4641184619,1.0000000000
1,240.0000000000,0,6957783.4937875001,39783.4937831438,1.0000000000
1,240.0000000000,0,6957778.5234516282,39778.5234477904,1.0000000000
1,240.0000000000,0,6957773.5531157870,39773.5531124060,1.0000000000
1,240.0000000000,0,6957768.5827799737,39768.5827769943,1.0000000000
1,240.0000000000,0,6957763.6124441838,39763.6124415585,1.0000000000
1,240.0000000000,0,6957758.6421084153,39758.6421061015,1.0000000000
1,240.0000000000,0,6957753.6717726653,39753.6717706259,1.0000000000
1,240.0000000000,0,6957748.7014369322,39748.7014351339,1.0000000000
1,240.0000000000,0,6957743.7311012130,39743.7310996274,1.0000000000
1,240.0000000000,0,6957738.7607655069,39738.7607641083,1.0000000000
1,240.0000000000,0,6957733.7904298119,39733.7904285779,1.0000000000
1,240.0000000000,0,6957728.8200941272,39728.8200930377,1.0000000000
1,240.0000000000,0,6957723.8497584509,39723.8497574888,1.0000000000
1,240.0000000000,0,6957718.8794227820,39718.8794219323,1.0000000000
1,245.0000000000,0,6958286.5905191526,40286.9797609592,1.0000000000
1,245.0000000000,0,6958281.5856100749,40282.2466539656,1.0000000000
1,245.0000000000,0,6958276.7487215279,40277.3419698915,1.0000000000
1,245.0000000000,0,6958271.9124879232,40272.4366400142,1.0000000000
1,245.0000000000,0,6958267.0723263137,40267.5351859162,1.0000000000
1,245.0000000000,0,6958262.2285636207,40262.6372904845,1.0000000000
1,245.0000000000,0,6958257.3816190837,40257.7425437757,1.0000000000
1,245.0000000000,0,6958252.5318663782,40252.8505794072,1.0000000000
1,245.0000000000,0,6958247.6796352323,40247.9610733388,1.0000000000
1,245.0000000000,0,6958242.8252165308,40243.0737391216,1.0000000000
1,245.0000000000,0,6958237.9688669145,40238.1883235720,1.0000000000
1,245.0000000000,0,6958233.1108128373,40233.3046029344,1.0000000000
1,245.0000000000,0,6958228.2512541302,40228.4223794799,1.0000000000
1,245.0000000000,0,6958223.3903671475,40223.5414784945,1.0000000000
1,245.0000000000,0,6958218.5283075357,40218.6617456112,1.0000000000
1,245.0000000000,0,6958213.6652126703,40213.7830444504,1.0000000000
1,245.0000000000,0,6958208.8012038115,40208.9052545305,1.0000000000
1,245.0000000000,0,6958203.9363879962,40204.0282694201,1.0000000000
1,245.0000000000,0,6958199.0708597125,40199.1519951040,1.0000000000
1,245.0000000000,0,6958194.2047023736,40194.2763485378,1.0000000000
1,245.0000000000,0,6958189.3379896181,40189.4012563706,1.0000000000
1,245.0000000000,0,6958184.4707864570,40184.5266538150,1.0000000000
1,245.0000000000,0,6958179.6031502867,40179.6524836496,1.0000000000
1,245.0000000000,0,6958174.7351317825,40174.7786953359,1.0000000000
1,245.0000000000,0,6958169.8667756850,40169.9052442393,1.0000000000
1,245.0000000000,0,6958164.9981214963,40165.0320909400,1.0000000000
1,245.0000000000,0,6958160.1292040953,40160.1592006241,1.0000000000
1,245.0000000000,0,6958155.2600542782,40155.2865425460,1.0000000000
1,245.0000000000,0,6958150.3906992367,40150.4140895535,1.0000000000
1,245.0000000000,0,6958145.5211629793,40145.5418176679,1.0000000000
1,245.0000000000,0,6958140.6514667068,40140.6697057134,1.0000000000
1,245.0000000000,0,6958135.7816291377,40135.7977349895,1.0000000000
1,245.0000000000,0,6958130.9116668003,40130.9258889820,1.0000000000
1,245.0000000000,0,6958126.0415942902,40126.0541531072,1.0000000000
1,245.0000000000,0,6958121.1714244951,40121.1825144866,1.0000000000
1,245.0000000000,0,6958116.3011687938,40116.3109617474,1.0000000000
1,245.0000000000,0,6958111.4308372354,40111.4394848466,1.0000000000
1,245.0000000000,0,6958106.5604386926,40106.5680749154,1.0000000000
1,245.0000000000,0,6958101.6899810005,40101.6967241221,1.0000000000
1,245.0000000000,0,6958096.8194710771,40096.8254255508,1.0000000000
1,245.0000000000,0,6958091.9489150317,40091.9541730944,1.0000000000
1,245.0000000000,0,6958087.0783182587,40087.0829613598,1.0000000000
1,245.0000000000,0,6958082.2076855227,40082.2117855847,1.0000000000
1,245.0000000000,0,6958077.3370210286,40077.3406415635,1.0000000000
1,245.0000000000,0,6958072.4663284924,40072.4695255828,1.0000000000
1,245.0000000000,0,6958067.5956111923,40067.5984343630,1.0000000000
1,245.0000000000,0,6958062.7248720257,40062.7273650085,1.0000000000
1,245.0000000000,0,6958057.8541135499,40057.8563149621,1.0000000000
1,245.0000000000,0,6958052.9833380235,40052.9852819655,1.0000000000
1,245.0000000000,0,6958048.1125474405,40048.1142640248,1.0000000000
1,245.0000000000,0,6958043.2417435618,40043.2432593792,1.0000000000
1,245.0000000000,0,6958038.3709279420,40038.3722664738,1.0000000000
1,245.0000000000,0,6958033.5001019547,40033.5012839354,1.0000000000
1,245.0000000000,0,6958028.6292668125,40028.6303105517,1.0000000000
1,245.0000000000,0,6958023.7584235864,40023.7593452520,1.0000000000
1,245.0000000000,0,6958018.8875732217,40018.8883870907,1.0000000000
1,245.0000000000,0,6958014.0167165529,40014.0174352330,1.0000000000
1,245.0000000000,0,6958009.1458543176,40009.1464889418,1.0000000000
1,245.0000000000,0,6958004.2749871667,40004.2755475659,1.0000000000
1,245.0000000000,0,6957999.4041156759,39999.4046105305,1.0000000000
1,245.0000000000,0,6957994.5332403518,39994.5336773280,1.0000000000
1,245.0000000000,0,6957989.6623616433,39989.6627475100,1.0000000000
1,245.0000000000,0,6957984.7914799461,39984.7918206808,1.0000000000
1,245.0000000000,0,6957979.9205956096,39979.9208964908,1.0000000000
1,245.0000000000,0,6957975.0497089429,39975.0499746313,1.0000000000
1,245.0000000000,0,6957970.1788202180,39970.1790548298,1.0000000000
1,245.0000000000,0,6957965.3079296760,39965.3081368456,1.0000000000
1,245.0000000000,0,6957960.4370375285,39960.4372204662,1.0000000000
1,245.0000000000,0,6957955.5661439644,39955.5663055038,1.0000000000
1,245.0000000000,0,6957950.6952491486,39950.6953917927,1.0000000000
1,245.0000000000,0,6957945.8243532283,39945.8244791865,1.0000000000
1,245.0000000000,0,6957940.9534563320,39940.9535675561,1.0000000000
1,245.0000000000,0,6957936.0825585742,39936.0826567874,1.0000000000
1,245.0000000000,0,6957931.2116600554,39931.2117467794,1.0000000000
1,245.0000000000,0,6957926.3407608652,39926.3408374434,1.0000000000
1,245.0000000000,0,6957921.4698610818,39921.4699287006,1.0000000000
1,245.0000000000,0,6957916.5989607740,39916.5990204817,1.0000000000
1,245.0000000000,0,6957911.7280600034,39911.7281127255,1.0000000000
1,245.0000000000,0,6957906.8571588248,39906.8572053778,1.0000000000
1,245.0000000000,0,6957901.9862572849,39901.9862983908,1.0000000000
1,245.0000000000,0,6957897.1153554264,39897.1153917224,1.0000000000
1,245.0000000000,0,6957892.2444532868,39892.2444853353,1.0000000000
1,245.0000000000,0,6957887.3735508993,39887.3735791965,1.0000000000
1,245.0000000000,0,6957882.5026482921,39882.5026732771,1.0000000000
1,245.0000000000,0,6957877.6317454912,39877.6317675514,1.0000000000
1,245.0000000000,0,6957872.7608425189,39872.7608619967,1.0000000000
1,245.0000000000,0,6957867.8899393957,39867.8899565931,1.0000000000
1,245.0000000000,0,6957863.0190361394,39863.0190513228,1.0000000000
1,245.0000000000,0,6957858.1481327657,39858.1481461702,1.0000000000
1,245.0000000000,0,6957853.2772292877,39853.2772411217,1.0000000000
1,245.0000000000,0,6957848.4063257175,39848.4063361650,1.0000000000
1,245.0000000000,0,6957843.5354220662,39843.5354312895,1.0000000000
1,245.0000000000,0,6957838.6645183433,39838.6645264855,1.0000000000
1,245.0000000000,0,6957833.7936145570,39833.7936217447,1.0000000000
1,245.0000000000,0,6957828.9227107158,39828.9227170598,1.0000000000
1,245.0000000000,0,6957824.0518068252,39824.0518124241,1.0000000000
1,245.0000000000,0,6957819.1809028909,39819.1809078320,1.0000000000
1,245.0000000000,0,6957814.3099989174,39814.3100032784,1.0000000000
1,245.0000000000,0,6957809.4390949104,39809.4390987588,1.0000000000
1,245.0000000000,0,6957804.5681908736,39804.5681942691,1.0000000000
1,245.0000000000,0,6957799.6972868098,39799.6972898059,1.0000000000
1,245.0000000000,0,6957794.8263827227,39794.8263853661,1.0000000000
1,245.0000000000,0,6957789.9554786151,39789.9554809469,1.0000000000
1,245.0000000000,0,6957785.0845744899,39785.0845765459,1.0000000000
1,245.0000000000,0,6957780.2136703478,39780.2136721610,1.0000000000
1,245.0000000000,0,6957775.3427661918,39775.3427677903,1.0000000000
1,245.0000000000,0,6957770.4718620237,39770.4718634322,1.0000000000
1,245.0000000000,0,6957765.6009578444,39765.6009590852,1.0000000000
1,245.0000000000,0,6957760.7300536549,39760.7300547479,1.0000000000
1,245.0000000000,0,6957755.8591494570,39755.8591504194,1.0000000000
1,245.0000000000,0,6957750.9882452516,39750.9882460985,1.0000000000
1,245.0000000000,0,6957746.1173410388,39746.1173417843,1.0000000000
1,245.0000000000,0,6957741.2464368204,39741.2464374761,1.0000000000
1,245.0000000000,0,6957736.3755325964,39736.3755331731,1.0000000000
1,245.0000000000,0,6957731.5046283677,39731.5046288747,1.0000000000
1,245.0000000000,0,6957726.6337241353,39726.6337245804,1.0000000000
1,245.0000000000,0,6957721.7628198992,39721.7628202898,1.0000000000
1,245.0000000000,0,6957716.8919156604,39716.8919160023,1.0000000000
1,245.0000000000,0,6957712.0210114187,39712.0210117176,1.0000000000
1,245.0000000000,0,6957707.1501071742,39707.1501074355,1.0000000000
1,250.0000000000,0,6958258.4645531792,40258.5774828907,1.0000000000
1,250.0000000000,0,6958253.3582192883,40253.2885033242,1.0000000000
1,250.0000000000,0,6958248.1586554768,40248.0911494950,1.0000000000
1,250.0000000000,0,6958242.9560738010,40242.8968165673,1.0000000000
1,250.0000000000,0,6958237.7538881684,40237.7020869976,1.0000000000
1,250.0000000000,0,6958232.5521671204,40232.5068922177,1.0000000000
1,250.0000000000,0,6958227.3508567801,40227.3112862473,1.0000000000
1,250.0000000000,0,6958222.1499056071,40222.1153207399,1.0000000000
1,250.0000000000,0,6958216.9492683755,40216.9190410086,1.0000000000
1,250.0000000000,0,6958211.7489055470,40211.7224866591,1.0000000000
1,250.0000000000,0,6958206.5487825591,40206.5256923034,1.0000000000
1,250.0000000000,0,6958201.3488692036,40201.3286881903,1.0000000000
1,250.0000000000,0,6958196.1491390737,40196.1315007548,1.0000000000
1,250.0000000000,0,6958190.9495690903,40190.9341530998,1.0000000000
1,250.0000000000,0,6958185.7501390791,40185.7366654163,1.0000000000
1,250.0000000000,0,6958180.5508314082,40180.5390553500,1.0000000000
1,250.0000000000,0,6958175.3516306654,40175.3413383229,1.0000000000
1,250.0000000000,0,6958170.1525233798,40170.1435278132,1.0000000000
1,250.0000000000,0,6958164.9534977777,40164.9456356008,1.0000000000
1,250.0000000000,0,6958159.7545435689,40159.7476719806,1.0000000000
1,250.0000000000,0,6958154.5556517588,40154.5496459504,1.0000000000
1,250.0000000000,0,6958149.3568144869,40149.3515653743,1.0000000000
1,250.0000000000,0,6958144.1580248810,40144.1534371251,1.0000000000
1,250.0000000000,0,6958138.9592769369,40138.9552672098,1.0000000000
1,250.0000000000,0,6958133.7605654048,40133.7570608783,1.0000000000
1,250.0000000000,0,6958128.5618856978,40128.5588227192,1.0000000000
1,250.0000000000,0,6958123.3632338056,40123.3605567426,1.0000000000
1,250.0000000000,0,6958118.1646062238,40118.1622664536,1.0000000000
1,250.0000000000,0,6958112.9659998901,40112.9639549154,1.0000000000
1,250.0000000000,0,6958107.7674121270,40107.7656248054,1.0000000000
1,250.0000000000,0,6958102.5688405950,40102.5672784636,1.0000000000
1,250.0000000000,0,6958097.3702832498,40097.3689179352,1.0000000000
1,250.0000000000,0,6958092.1717383033,40092.1705450075,1.0000000000
1,250.0000000000,0,6958086.9732041927,40086.9721612430,1.0000000000
1,250.0000000000,0,6958081.7746795537,40081.7737680070,1.0000000000
1,250.0000000000,0,6958076.5761631923,40076.5753664929,1.0000000000
1,250.0000000000,0,6958071.3776540663,40071.3769577437,1.0000000000
1,250.0000000000,0,6958066.1791512640,40066.1785426709,1.0000000000
1,250.0000000000,0,6958060.9806539882,40060.9801220713,1.0000000000
1,250.0000000000,0,6958055.7821615422,40055.7816966413,1.0000000000
1,250.0000000000,0,6958050.5836733179,40050.5832669895,1.0000000000
1,250.0000000000,0,6958045.3851887835,40045.3848336478,1.0000000000
1,250.0000000000,0,6958040.1867074743,40040.1863970810,1.0000000000
1,250.0000000000,0,6958034.9882289842,40034.9879576956,1.0000000000
1,250.0000000000,0,6958029.7897529574,40029.7895158467,1.0000000000
1,250.0000000000,0,6958024.5912790839,40024.5910718446,1.0000000000
1,250.0000000000,0,6958019.3928070916,40019.3926259607,1.0000000000
1,250.0000000000,0,6958014.1943367440,40014.1941784321,1.0000000000
1,250.0000000000,0,6958008.9958678344,40008.9957294660,1.0000000000
1,250.0000000000,0,6958003.7974001812,40003.7972792434,1.0000000000
1,250.0000000000,0,6957998.5989336260,39998.5988279228,1.0000000000
1,250.0000000000,0,6957993.4004680300,39993.4003756424,1.0000000000
1,250.0000000000,0,6957988.2020032732,39988.2019225232,1.0000000000
1,250.0000000000,0,6957983.0035392493,39983.0034686708,1.0000000000
1,250.0000000000,0,6957977.8050758662,39977.8050141777,1.0000000000
1,250.0000000000,0,6957972.6066130437,39972.6065591245,1.0000000000
1,250.0000000000,0,6957967.4081507102,39967.4081035819,1.0000000000
1,250.0000000000,0,6957962.2096888050,39962.2096476115,1.0000000000
1,250.0000000000,0,6957957.0112272734,39957.0111912671,1.0000000000
1,250.0000000000,0,6957951.8127660686,39951.8127345961,1.0000000000
1,250.0000000000,0,6957946.6143051498,39946.6142776394,1.0000000000
1,250.0000000000,0,6957941.4158444805,39941.4158204330,1.0000000000
1,250.0000000000,0,6957936.2173840292,39936.2173630085,1.0000000000
1,250.0000000000,0,6957931.0189237688,39931.0189053934,1.0000000000
1,250.0000000000,0,6957925.8204636751,39925.8204476116,1.0000000000
1,250.0000000000,0,6957920.6220037267,39920.6219896841,1.0000000000
1,250.0000000000,0,6957915.4235439058,39915.4235316294,1.0000000000
1,250.0000000000,0,6957910.2250841958,39910.2250734633,1.0000000000
1,250.0000000000,0,6957905.0266245836,39905.0266152001,1.0000000000
1,250.0000000000,0,6957899.8281650562,39899.8281568518,1.0000000000
1,250.0000000000,0,6957894.6297056032,39894.6296984292,1.0000000000
1,250.0000000000,0,6957889.4312462145,39889.4312399418,1.0000000000
1,250.0000000000,0,6957884.2327868827,39884.2327813976,1.0000000000
1,250.0000000000,0,6957879.0343276002,39879.0343228037,1.0000000000
1,250.0000000000,0,6957873.8358683614,39873.8358641665,1.0000000000
1,250.0000000000,0,6957868.6374091608,39868.6374054914,1.0000000000
1,250.0000000000,0,6957863.4389499929,39863.4389467832,1.0000000000
1,250.0000000000,0,6957858.2404908538,39858.2404880460,1.0000000000
1,250.0000000000,0,6957853.0420317408,39853.0420292835,1.0000000000
1,250.0000000000,0,6957847.8435726492,39847.8435704989,1.0000000000
1,250.0000000000,0,6957842.6451135771,39842.6451116950,1.0000000000
1,250.0000000000,0,6957837.4466545219,39837.4466528742,1.0000000000
1,250.0000000000,0,6957832.2481954815,39832.2481940386,1.0000000000
1,250.0000000000,0,6957827.0497364542,39827.0497351901,1.0000000000
1,250.0000000000,0,6957821.8512774380,39821.8512763304,1.0000000000
1,250.0000000000,0,6957816.6528184321,39816.6528174607,1.0000000000
1,250.0000000000,0,6957811.4543594345,39811.4543585825,1.0000000000
1,250.0000000000,0,6957806.2559004445,39806.2558996968,1.0000000000
1,250.0000000000,0,6957801.0574414609,39801.0574408045,1.0000000000
1,250.0000000000,0,6957795.8589824829,39795.8589819065,1.0000000000
1,250.0000000000,0,6957790.6605235105,39790.6605230034,1.0000000000
1,250.0000000000,0,6957785.4620645419,39785.4620640959,1.0000000000
1,250.0000000000,0,6957780.2636055769,39780.2636051846,1.0000000000
1,250.0000000000,0,6957775.0651466157,39775.0651462700,1.0000000000
1,250.0000000000,0,6957769.8666876573,39769.8666873524,1.0000000000
1,250.0000000000,0,6957764.6682287017,39764.6682284322,1.0000000000
1,250.0000000000,0,6957759.4697697479,39759.4697695098,1.0000000000
1,250.0000000000,0,6957754.2713107960,39754.2713105854,1.0000000000
1,250.0000000000,0,6957749.0728518460,39749.0728516593,1.0000000000
1,250.0000000000,0,6957743.8743928978,39743.8743927317,1.0000000000
1,250.0000000000,0,6957738.6759339506,39738.6759338028,1.0000000000
1,250.0000000000,0,6957733.4774750052,39733.4774748727,1.0000000000
1,250.0000000000,0,6957728.2790160608,39728.2790159416,1.0000000000
1,250.0000000000,0,6957723.0805571163,39723.0805570097,1.0000000000
1,250.0000000000,0,6957717.8820981728,39717.8820980771,1.0000000000
1,250.0000000000,0,6957712.6836392302,39712.6836391437,1.0000000000
1,250.0000000000,0,6957707.4851802886,39707.4851802098,1.0000000000
1,250.0000000000,0,6957702.2867213469,39702.2867212753,1.0000000000
1,250.0000000000,0,6957697.0882624062,39697.0882623405,1.0000000000
1,250.0000000000,0,6957691.8898034655,39691.8898034052,1.0000000000
1,250.0000000000,0,6957686.6913445247,39686.6913444696,1.0000000000
1,250.0000000000,0,6957681.4928855849,39681.4928855337,1.0000000000
1,250.0000000000,0,6957676.2944266452,39676.2944265976,1.0000000000
1,250.0000000000,0,6957671.0959677054,39671.0959676612,1.0000000000
1,250.0000000000,0,6957665.8975087665,39665.8975087246,1.0000000000
1,250.0000000000,0,6957660.6990498276,39660.6990497878,1.0000000000
1,250.0000000000,0,6957655.5005908888,39655.5005908509,1.0000000000
1,250.0000000000,0,6957650.3021319499,39650.3021319139,1.0000000000
1,250.0000000000,0,6957645.1036730111,39645.1036729768,1.0000000000
1,250.0000000000,0,6957639.9052140722,39639.9052140396,1.0000000000
1,255.0000000000,0,6958237.1714525158,40236.6000968871,1.0000000000
1,255.0000000000,0,6958232.3882886432,40231.6982077052,1.0000000000
1,255.0000000000,0,6958227.5081583653,40226.8928458404,1.0000000000
1,255.0000000000,0,6958222.6297325436,40222.0857536127,1.0000000000
1,255.0000000000,0,6958217.7553455597,40217.2745660553,1.0000000000
1,255.0000000000,0,6958212.8846051497,40212.4596868212,1.0000000000
1,255.0000000000,0,6958208.0170921683,40207.6415449012,1.0000000000
1,255.0000000000,0,6958203.1524335425,40202.8205210847,1.0000000000
1,255.0000000000,0,6958198.2902990729,40197.9969515992,1.0000000000
1,255.0000000000,0,6958193.4303966034,40193.1711333088,1.0000000000
1,255.0000000000,0,6958188.5724676754,40188.3433283508,1.0000000000
1,255.0000000000,0,6958183.7162836660,40183.5137682206,1.0000000000
1,255.0000000000,0,6958178.8616423653,40178.6826573724,1.0000000000
1,255.0000000000,0,6958174.0083649419,40173.8501763916,1.0000000000
1,255.0000000000,0,6958169.1562932488,40169.0164847930,1.0000000000
1,255.0000000000,0,6958164.3052874450,40164.1817234883,1.0000000000
1,255.0000000000,0,6958159.4552238807,40159.3460169620,1.0000000000
1,255.0000000000,0,6958154.6059932308,40154.5094751925,1.0000000000
1,255.0000000000,0,6958149.7574988380,40149.6721953465,1.0000000000
1,255.0000000000,0,6958144.9096552497,40144.8342632748,1.0000000000
1,255.0000000000,0,6958140.0623869216,40139.9957548330,1.0000000000
1,255.0000000000,0,6958135.2156270714,40135.1567370470,1.0000000000
1,255.0000000000,0,6958130.3693166617,40130.3172691425,1.0000000000
1,255.0000000000,0,6958125.5234035077,40125.4774034539,1.0000000000
1,255.0000000000,0,6958120.6778414780,40120.6371862274,1.0000000000
1,255.0000000000,0,6958115.8325897967,40115.7966583299,1.0000000000
1,255.0000000000,0,6958110.9876124207,40110.9558558750,1.0000000000
1,255.0000000000,0,6958106.1428774912,40106.1148107770,1.0000000000
1,255.0000000000,0,6958101.2983568478,40101.2735512389,1.0000000000
1,255.0000000000,0,6958096.4540256001,40096.4321021846,1.0000000000
1,255.0000000000,0,6958091.6098617483,40091.5904856406,1.0000000000
1,255.0000000000,0,6958086.7658458473,40086.7487210724,1.0000000000
1,255.0000000000,0,6958081.9219607105,40081.9068256829,1.0000000000
1,255.0000000000,0,6958077.0781911472,40077.0648146754,1.0000000000
1,255.0000000000,0,6958072.2345237304,40072.2227014859,1.0000000000
1,255.0000000000,0,6958067.3909465941,40067.3804979890,1.0000000000
1,255.0000000000,0,6958062.5474492498,40062.5382146789,1.0000000000
1,255.0000000000,0,6958057.7040224271,40057.6958608303,1.0000000000
1,255.0000000000,0,6958052.8606579332,40052.8534446402,1.0000000000
1,255.0000000000,0,6958048.0173485260,40048.0109733526,1.0000000000
1,255.0000000000,0,6958043.1740878066,40043.1684533699,1.0000000000
1,255.0000000000,0,6958038.3308701171,40038.3258903505,1.0000000000
1,255.0000000000,0,6958033.4876904590,40033.4832892953,1.0000000000
1,255.0000000000,0,6958028.6445444133,40028.6406546238,1.0000000000
1,255.0000000000,0,6958023.8014280749,40023.7979902422,1.0000000000
1,255.0000000000,0,6958018.9583379915,40018.9552996028,1.0000000000
1,255.0000000000,0,6958014.1152711138,40014.1125857565,1.0000000000
1,255.0000000000,0,6958009.2722247448,40009.2698513999,1.0000000000
1,255.0000000000,0,6958004.4291965021,40004.4270989162,1.0000000000
1,255.0000000000,0,6957999.5861842791,39999.5843304116,1.0000000000
1,255.0000000000,0,6957994.7431862149,39994.7415477477,1.0000000000
1,255.0000000000,0,6957989.9002006641,39989.8987525697,1.0000000000
1,255.0000000000,0,6957985.0572261726,39985.0559463317,1.0000000000
1,255.0000000000,0,6957980.2142614564,39980.2131303188,1.0000000000
1,255.0000000000,0,6957975.3713053782,39975.3703056667,1.0000000000
1,255.0000000000,0,6957970.5283569358,39970.5274733792,1.0000000000
1,255.0000000000,0,6957965.6854152409,39965.6846343436,1.0000000000
1,255.0000000000,0,6957960.8424795102,39960.8417893438,1.0000000000
1,255.0000000000,0,6957955.9995490508,39955.9989390730,1.0000000000
1,255.0000000000,0,6957951.1566232499,39951.1560841434,1.0000000000
1,255.0000000000,0,6957946.3137015663,39946.3132250966,1.0000000000
1,255.0000000000,0,6957941.4707835214,39941.4703624107,1.0000000000
1,255.0000000000,0,6957936.6278686924,39936.6274965088,1.0000000000
1,255.0000000000,0,6957931.7849567058,39931.7846277644,1.0000000000
1,255.0000000000,0,6957926.9420472318,39926.9417565078,1.0000000000
1,255.0000000000,0,6957922.0991399782,39922.0988830309,1.0000000000
1,255.0000000000,0,6957917.2562346868,39917.2560075917,1.0000000000
1,255.0000000000,0,6957912.4133311296,39912.4131304183,1.0000000000
1,255.0000000000,0,6957907.5704291053,39907.5702517120,1.0000000000
1,255.0000000000,0,6957902.7275284352,39902.7273716511,1.0000000000
1,255.0000000000,0,6957897.8846289627,39897.8844903929,1.0000000000
1,255.0000000000,0,6957893.0417305483,39893.0416080765,1.0000000000
1,255.0000000000,0,6957888.1988330688,39888.1987248248,1.0000000000
1,255.0000000000,0,6957883.3559364164,39883.3558407466,1.0000000000
1,255.0000000000,0,6957878.5130404942,39878.5129559379,1.0000000000
1,255.0000000000,0,6957873.6701452173,39873.6700704836,1.0000000000
1,255.0000000000,0,6957868.8272505114,39868.8271844586,1.0000000000
1,255.0000000000,0,6957863.9843563102,39863.9842979293,1.0000000000
1,255.0000000000,0,6957859.1414625542,39859.1414109542,1.0000000000
1,255.0000000000,0,6957854.2985691922,39854.2985235853,1.0000000000
1,255.0000000000,0,6957849.4556761784,39849.4556358681,1.0000000000
1,255.0000000000,0,6957844.6127834730,39844.6127478433,1.0000000000
1,255.0000000000,0,6957839.7698910395,39839.7698595465,1.0000000000
1,255.0000000000,0,6957834.9269988462,39834.9269710093,1.0000000000
1,255.0000000000,0,6957830.0841068653,39830.0840822598,1.0000000000
1,255.0000000000,0,6957825.2412150716,39825.2411933225,1.0000000000
1,255.0000000000,0,6957820.3983234437,39820.3983042194,1.0000000000
1,255.0000000000,0,6957815.5554319629,39815.5554149695,1.0000000000
1,255.0000000000,0,6957810.7125406116,39810.7125255900,1.0000000000
1,255.0000000000,0,6957805.8696493749,39805.8696360960,1.0000000000
1,255.0000000000,0,6957801.0267582396,39801.0267465007,1.0000000000
1,255.0000000000,0,6957796.1838671938,39796.1838568160,1.0000000000
1,255.0000000000,0,6957791.3409762271,39791.3409670522,1.0000000000
1,255.0000000000,0,6957786.4980853302,39786.4980772185,1.0000000000
1,255.0000000000,0,6957781.6551944949,39781.6551873230,1.0000000000
1,255.0000000000,0,6957776.8123037145,39776.8122973729,1.0000000000
1,255.0000000000,0,6957771.9694129815,39771.9694073746,1.0000000000
1,255.0000000000,0,6957767.1265222915,39767.1265173337,1.0000000000
1,255.0000000000,0,6957762.2836316396,39762.2836272550,1.0000000000
1,255.0000000000,0,6957757.4407410212,39757.4407371430,1.0000000000
1,255.0000000000,0,6957752.5978504317,39752.5978470015,1.0000000000
1,255.0000000000,0,6957747.7549598683,39747.7549568341,1.0000000000
1,255.0000000000,0,6957742.9120693281,39742.9120666437,1.0000000000
1,255.0000000000,0,6957738.0691788085,39738.0691764329,1.0000000000
1,255.0000000000,0,6957733.2262883065,39733.2262862042,1.0000000000
1,255.0000000000,0,6957728.3833978204,39728.3833959596,1.0000000000
1,255.0000000000,0,6957723.5405073483,39723.5405057010,1.0000000000
1,255.0000000000,0,6957718.6976168882,39718.6976154300,1.0000000000
1,255.0000000000,0,6957713.8547264393,39713.8547251480,1.0000000000
1,255.0000000000,0,6957709.0118359998,39709.0118348563,1.0000000000
1,255.0000000000,0,6957704.1689455695,39704.1689445560,1.0000000000
1,255.0000000000,0,6957699.3260551468,39699.3260542482,1.0000000000
1,255.0000000000,0,6957694.4831647305,39694.4831639337,1.0000000000
1,255.0000000000,0,6957689.6402743198,39689.6402736132,1.0000000000
1,255.0000000000,0,6957684.7973839147,39684.7973832876,1.0000000000
1,255.0000000000,0,6957679.9544935143,39679.9544929573,1.0000000000
1,255.0000000000,0,6957675.1116031175,39675.1116026230,1.0000000000
1,255.0000000000,0,6957670.2687127246,39670.2687122850,1.0000000000
1,255.0000000000,0,6957665.4258223353,39665.4258219438,1.0000000000
1,255.0000000000,0,6957660.5829319488,39660.5829315998,1.0000000000
1,260.0000000000,0,6958210.1217606580,40213.7016575486,1.0000000000
1,260.0000000000,0,6958204.4469489874,40208.9358259830,1.0000000000
1,260.0000000000,0,6958199.4710403131,40203.4442896886,1.0000000000
1,260.0000000000,0,6958194.4881834304,40197.9590572144,1.0000000000
1,260.0000000000,0,6958189.4731473783,40192.5032299258,1.0000000000
1,260.0000000000,0,6958184.4291056069,40187.0742078582,1.0000000000
1,260.0000000000,0,6958179.3598004756,40181.6687676826,1.0000000000
1,260.0000000000,0,6958174.2685180334,40176.2840224616,1.0000000000
1,260.0000000000,0,6958169.1581119718,40170.9174231765,1.0000000000
1,260.0000000000,0,6958164.0310603017,40165.5667242339,1.0000000000
1,260.0000000000,0,6958158.8895157157,40160.2299501827,1.0000000000
1,260.0000000000,0,6958153.7353491131,40154.9053652562,1.0000000000
1,260.0000000000,0,6958148.5701871729,40149.5914457859,1.0000000000
1,260.0000000000,0,6958143.3954447936,40144.2868553854,1.0000000000
1,260.0000000000,0,6958138.2123531206,40138.9904227446,1.0000000000
1,260.0000000000,0,6958133.0219837744,40133.7011218407,1.0000000000
1,260.0000000000,0,6958127.8252698071,40128.4180543650,1.0000000000
1,260.0000000000,0,6958122.6230238527,40123.1404341594,1.0000000000
1,260.0000000000,0,6958117.4159538429,40117.8675734634,1.0000000000
1,260.0000000000,0,6958112.2046766393,40112.5988707853,1.0000000000
1,260.0000000000,0,6958106.9897298561,40107.3338002207,1.0000000000
1,260.0000000000,0,6958101.7715821257,40102.0719020584,1.0000000000
1,260.0000000000,0,6958096.5506420163,40096.8127745284,1.0000000000
1,260.0000000000,0,6958091.3272657786,40091.5560665584,1.0000000000
1,260.0000000000,0,6958086.1017640848,40086.3014714213,1.0000000000
1,260.0000000000,0,6958080.8744078903,40081.0487211679,1.0000000000
1,260.0000000000,0,6958075.6454335339,40075.7975817498,1.0000000000
1,260.0000000000,0,6958070.4150471780,40070.5478487500,1.0000000000
1,260.0000000000,0,6958065.1834286731,40065.2993436459,1.0000000000
1,260.0000000000,0,6958059.9507349301,40060.0519105404,1.0000000000
1,260.0000000000,0,6958054.7171028508,40054.8054133029,1.0000000000
1,260.0000000000,0,6958049.4826518865,40049.5597330693,1.0000000000
1,260.0000000000,0,6958044.2474862682,40044.3147660572,1.0000000000
1,260.0000000000,0,6958039.0116969487,40039.0704216553,1.0000000000
1,260.0000000000,0,6958033.7753632953,40033.8266207556,1.0000000000
1,260.0000000000,0,6958028.5385545697,40028.5832942942,1.0000000000
1,260.0000000000,0,6958023.3013312165,40023.3403819785,1.0000000000
1,260.0000000000,0,6958018.0637459839,40018.0978311739,1.0000000000
1,260.0000000000,0,6958012.8258449081,40012.8555959322,1.0000000000
1,260.0000000000,0,6958007.5876681665,40007.6136361431,1.0000000000
1,260.0000000000,0,6958002.3492508233,40002.3719167928,1.0000000000
1,260.0000000000,0,6957997.1106234817,39997.1304073168,1.0000000000
1,260.0000000000,0,6957991.8718128521,39991.8890810351,1.0000000000
1,260.0000000000,0,6957986.6328422455,39986.6479146585,1.0000000000
1,260.0000000000,0,6957981.3937320076,39981.4068878581,1.0000000000
1,260.0000000000,0,6957976.1544998968,39976.1659828888,1.0000000000
1,260.0000000000,0,6957970.9151614122,39970.9251842613,1.0000000000
1,260.0000000000,0,6957965.6757300822,39965.6844784552,1.0000000000
1,260.0000000000,0,6957960.4362177141,39960.4438536690,1.0000000000
1,260.0000000000,0,6957955.1966346130,39955.2032996015,1.0000000000
1,260.0000000000,0,6957949.9569897745,39949.9628072612,1.0000000000
1,260.0000000000,0,6957944.7172910487,39944.7223687996,1.0000000000
1,260.0000000000,0,6957939.4775452884,39939.4819773661,1.0000000000
1,260.0000000000,0,6957934.2377584754,39934.2416269811,1.0000000000
1,260.0000000000,0,6957928.9979358297,39929.0013124253,1.0000000000
1,260.0000000000,0,6957923.7580819074,39923.7610291430,1.0000000000
1,260.0000000000,0,6957918.5182006862,39918.5207731576,1.0000000000
1,260.0000000000,0,6957913.2782956371,39913.2805409984,1.0000000000
1,260.0000000000,0,6957908.0383697907,39908.0403296357,1.0000000000
1,260.0000000000,0,6957902.7984257909,39902.8001364252,1.0000000000
1,260.0000000000,0,6957897.5584659465,39897.5599590587,1.0000000000
1,260.0000000000,0,6957892.3184922719,39892.3197955217,1.0000000000
1,260.0000000000,0,6957887.0785065256,39887.0796440557,1.0000000000
1,260.0000000000,0,6957881.8385102432,39881.8395031257,1.0000000000
1,260.0000000000,0,6957876.5985047640,39876.5993713920,1.0000000000
1,260.0000000000,0,6957871.3584912578,39871.3592476854,1.0000000000
1,260.0000000000,0,6957866.1184707452,39866.1191309850,1.0000000000
1,260.0000000000,0,6957860.8784441175,39860.8790204000,1.0000000000
1,260.0000000000,0,6957855.6384121515,39855.6389151528,1.0000000000
1,260.0000000000,0,6957850.3983755261,39850.3988145647,1.0000000000
1,260.0000000000,0,6957845.1583348345,39845.1587180433,1.0000000000
1,260.0000000000,0,6957839.9182905927,39839.9186250714,1.0000000000
1,260.0000000000,0,6957834.6782432534,39834.6785351976,1.0000000000
1,260.0000000000,0,6957829.4381932095,39829.4384480282,1.0000000000
1,260.0000000000,0,6957824.1981408056,39824.1983632191,1.0000000000
1,260.0000000000,0,6957818.9580863407,39818.9582804702,1.0000000000
1,260.0000000000,0,6957813.7180300774,39813.7181995196,1.0000000000
1,260.0000000000,0,6957808.4779722448,39808.4781201386,1.0000000000
1,260.0000000000,0,6957803.2379130423,39803.2380421277,1.0000000000
1,260.0000000000,0,6957797.9978526440,39797.9979653125,1.0000000000
1,260.0000000000,0,6957792.7577912016,39792.7578895410,1.0000000000
1,260.0000000000,0,6957787.5177288484,39787.5178146806,1.0000000000
1,260.0000000000,0,6957782.2776656998,39782.2777406154,1.0000000000
1,260.0000000000,0,6957777.0376018574,39777.0376672443,1.0000000000
1,260.0000000000,0,6957771.7975374097,39771.7975944789,1.0000000000
1,260.0000000000,0,6957766.5574724330,39766.5575222424,1.0000000000
1,260.0000000000,0,6957761.3174069943,39761.3174504674,1.0000000000
1,260.0000000000,0,6957756.0773411533,39756.0773790953,1.0000000000
1,260.0000000000,0,6957750.8372749602,39750.8373080748,1.0000000000
1,260.0000000000,0,6957745.5972084608,39745.5972373613,1.0000000000
1,260.0000000000,0,6957740.3571416931,39740.3571669157,1.0000000000
1,260.0000000000,0,6957735.1170746917,39735.1170967039,1.0000000000
1,260.0000000000,0,6957729.8770074863,39729.8770266962,1.0000000000
1,260.0000000000,0,6957724.6369401021,39724.6369568667,1.0000000000
1,260.0000000000,0,6957719.3968725624,39719.3968871927,1.0000000000
1,260.0000000000,0,6957714.1568048876,39714.1568176544,1.0000000000
1,260.0000000000,0,6957708.9167370936,39708.9167482345,1.0000000000
1,260.0000000000,0,6957703.6766691962,39703.6766789181,1.0000000000
1,260.0000000000,0,6957698.4366012095,39698.4366096918,1.0000000000
1,260.0000000000,0,6957693.1965331435,39693.1965405443,1.0000000000
1,260.0000000000,0,6957687.9564650087,39687.9564714656,1.0000000000
1,260.0000000000,0,6957682.7163968142,39682.7164024470,1.0000000000
1,260.0000000000,0,6957677.4763285667,39677.4763334807,1.0000000000
1,260.0000000000,0,6957672.2362602735,39672.2362645601,1.0000000000
1,260.0000000000,0,6957666.9961919412,39666.9961956794,1.0000000000
1,260.0000000000,0,6957661.7561235735,39661.7561268336,1.0000000000
1,260.0000000000,0,6957656.5160551751,39656.5160580182,1.0000000000
1,260.0000000000,0,6957651.2759867506,39651.2759892293,1.0000000000
1,260.0000000000,0,6957646.0359183028,39646.0359204635,1.0000000000
1,260.0000000000,0,6957640.7958498346,39640.7958517180,1.0000000000
1,260.0000000000,0,6957635.5557813486,39635.5557829901,1.0000000000
1,260.0000000000,0,6957630.3157128477,39630.3157142776,1.0000000000
1,260.0000000000,0,6957625.0756443338,39625.0756455785,1.0000000000
1,260.0000000000,0,6957619.8355758078,39619.8355768912,1.0000000000
1,260.0000000000,0,6957614.5955072716,39614.5955082142,1.0000000000
1,260.0000000000,0,6957609.3554387260,39609.3554395461,1.0000000000
1,260.0000000000,0,6957604.1153701730,39604.1153708858,1.0000000000
1,260.0000000000,0,6957598.8753016135,39598.8753022323,1.0000000000
1,260.0000000000,0,6957593.6352330474,39593.6352335848,1.0000000000
1,260.0000000000,0,6957588.3951644767,39588.3951649425,1.0000000000
1,265.0000000000,0,6958186.2302599205,40190.8062337122,1.0000000000
1,265.0000000000,0,6958180.9887915598,40186.0269519464,1.0000000000
1,265.0000000000,0,6958176.2683212683,40180.7324562198,1.0000000000
1,265.0000000000,0,6958171.5287243892,40175.4550756012,1.0000000000
1,265.0000000000,0,6958166.7556972373,40170.2079109778,1.0000000000
1,265.0000000000,0,6958161.9528513234,40164.9880263144,1.0000000000
1,265.0000000000,0,6958157.1238755416,40159.7923052215,1.0000000000
1,265.0000000000,0,6958152.2720108684,40154.6179517385,1.0000000000
1,265.0000000000,0,6958147.4000906311,40149.4624771746,1.0000000000
1,265.0000000000,0,6958142.5105922008,40144.3236709054,1.0000000000
1,265.0000000000,0,6958137.6056825528,40139.1995723392,1.0000000000
1,265.0000000000,0,6958132.6872579250,40134.0884448752,1.0000000000
1,265.0000000000,0,6958127.7569783079,40128.9887519758,1.0000000000
1,265.0000000000,0,6958122.8162974380,40123.8991353584,1.0000000000
1,265.0000000000,0,6958117.8664888907,40118.8183952435,1.0000000000
1,265.0000000000,0,6958112.9086687891,40113.7454725540,1.0000000000
1,265.0000000000,0,6958107.9438155806,40108.6794329376,1.0000000000
1,265.0000000000,0,6958102.9727872694,40103.6194524727,1.0000000000
1,265.0000000000,0,6958097.9963364415,40098.5648049153,1.0000000000
1,265.0000000000,0,6958093.0151233757,40093.5148503448,1.0000000000
1,265.0000000000,0,6958088.0297274916,40088.4690250749,1.0000000000
1,265.0000000000,0,6958083.0406573527,40083.4268327021,1.0000000000
1,265.0000000000,0,6958078.0483594080,40078.3878361743,1.0000000000
1,265.0000000000,0,6958073.0532256411,40073.3516507701,1.0000000000
1,265.0000000000,0,6958068.0556002622,40068.3179378911,1.0000000000
1,265.0000000000,0,6958063.0557855694,40063.2863995767,1.0000000000
1,265.0000000000,0,6958058.0540470798,40058.2567736605,1.0000000000
1,265.0000000000,0,6958053.0506180301,40053.2288294966,1.0000000000
1,265.0000000000,0,6958048.0457033161,40048.2023641900,1.0000000000
1,265.0000000000,0,6958043.0394829530,40043.1771992724,1.0000000000
1,265.0000000000,0,6958038.0321151065,40038.1531777738,1.0000000000
1,265.0000000000,0,6958033.0237387521,40033.1301616416,1.0000000000
1,265.0000000000,0,6958028.0144760115,40028.1080294678,1.0000000000
1,265.0000000000,0,6958023.0044342019,40023.0866744877,1.0000000000
1,265.0000000000,0,6958017.9937076326,40018.0660028176,1.0000000000
1,265.0000000000,0,6958012.9823791860,40013.0459319040,1.0000000000
1,265.0000000000,0,6958007.9705217052,40008.0263891588,1.0000000000
1,265.0000000000,0,6958002.9581992114,40003.0073107583,1.0000000000
1,265.0000000000,0,6957997.9454679722,39997.9886405861,1.0000000000
1,265.0000000000,0,6957992.9323774436,39992.9703293038,1.0000000000
1,265.0000000000,0,6957987.9189710952,39987.9523335331,1.0000000000
1,265.0000000000,0,6957982.9052871335,39982.9346151364,1.0000000000
1,265.0000000000,0,6957977.8913591430,39977.9171405844,1.0000000000
1,265.0000000000,0,6957972.8772166427,39972.8998803994,1.0000000000
1,265.0000000000,0,6957967.8628855813,39967.8828086660,1.0000000000
1,265.0000000000,0,6957962.8483887659,39962.8659026013,1.0000000000
1,265.0000000000,0,6957957.8337462461,39957.8491421757,1.0000000000
1,265.0000000000,0,6957952.8189756442,39952.8325097812,1.0000000000
1,265.0000000000,0,6957947.8040924519,39947.8159899379,1.0000000000
1,265.0000000000,0,6957942.7891102862,39942.7995690374,1.0000000000
1,265.0000000000,0,6957937.7740411172,39937.7832351164,1.0000000000
1,265.0000000000,0,6957932.7588954680,39932.7669776579,1.0000000000
1,265.0000000000,0,6957927.7436825875,39927.7507874166,1.0000000000
1,265.0000000000,0,6957922.7284106072,39922.7346562646,1.0000000000
1,265.0000000000,0,6957917.7130866740,39917.7185770572,1.0000000000
1,265.0000000000,0,6957912.6977170706,39912.7025435132,1.0000000000
1,265.0000000000,0,6957907.6823073206,39907.6865501111,1.0000000000
1,265.0000000000,0,6957902.6668622782,39902.6705919967,1.0000000000
1,265.0000000000,0,6957897.6513862126,39897.6546649032,1.0000000000
1,265.0000000000,0,6957892.6358828750,39892.6387650792,1.0000000000
1,265.0000000000,0,6957887.6203555632,39887.6228892275,1.0000000000
1,265.0000000000,0,6957882.6048071766,39882.6070344490,1.0000000000
1,265.0000000000,0,6957877.5892402641,39877.5911981956,1.0000000000
1,265.0000000000,0,6957872.5736570656,39872.5753782272,1.0000000000
1,265.0000000000,0,6957867.5580595508,39867.5595725744,1.0000000000
1,265.0000000000,0,6957862.5424494511,39862.5437795062,1.0000000000
1,265.0000000000,0,6957857.5268282881,39857.5279975007,1.0000000000
1,265.0000000000,0,6957852.5111974003,39852.5122252202,1.0000000000
1,265.0000000000,0,6957847.4955579629,39847.4964614887,1.0000000000
1,265.0000000000,0,6957842.4799110107,39842.4807052724,1.0000000000
1,265.0000000000,0,6957837.4642574517,39837.4649556626,1.0000000000
1,265.0000000000,0,6957832.4485980850,39832.4492118603,1.0000000000
1,265.0000000000,0,6957827.4329336127,39827.4334731632,1.0000000000
1,265.0000000000,0,6957822.4172646524,39822.4177389540,1.0000000000
1,265.0000000000,0,6957817.4015917471,39817.4020086900,1.0000000000
1,265.0000000000,0,6957812.3859153735,39812.3862818941,1.0000000000
1,265.0000000000,0,6957807.3702359516,39807.3705581469,1.0000000000
1,265.0000000000,0,6957802.3545538494,39802.3548370797,1.0000000000
1,265.0000000000,0,6957797.3388693910,39797.3391183685,1.0000000000
1,265.0000000000,0,6957792.3231828623,39792.3234017284,1.0000000000
1,265.0000000000,0,6957787.3074945128,39787.3076869088,1.0000000000
1,265.0000000000,0,6957782.2918045623,39782.2919736898,1.0000000000
1,265.0000000000,0,6957777.2761132047,39777.2762618776,1.0000000000
1,265.0000000000,0,6957772.2604206102,39772.2605513023,1.0000000000
1,265.0000000000,0,6957767.2447269289,39767.2448418141,1.0000000000
1,265.0000000000,0,6957762.2290322920,39762.2291332816,1.0000000000
1,265.0000000000,0,6957757.2133368151,39757.2134255893,1.0000000000
1,265.0000000000,0,6957752.1976405997,39752.1977186356,1.0000000000
1,265.0000000000,0,6957747.1819437351,39747.1820123312,1.0000000000
1,265.0000000000,0,6957742.1662462996,39742.1663065975,1.0000000000
1,265.0000000000,0,6957737.1505483622,39737.1506013656,1.0000000000
1,265.0000000000,0,6957732.1348499833,39732.1348965747,1.0000000000
1,265.0000000000,0,6957727.1191512169,39727.1191921716,1.0000000000
1,265.0000000000,0,6957722.1034521097,39722.1034881092,1.0000000000
1,265.0000000000,0,6957717.0877527026,39717.0877843465,1.0000000000
1,265.0000000000,0,6957712.0720530329,39712.0720808471,1.0000000000
1,265.0000000000,0,6957707.0563531313,39707.0563775793,1.0000000000
1,265.0000000000,0,6957702.0406530267,39702.0406745150,1.0000000000
1,265.0000000000,0,6957697.0249527423,39697.0249716296,1.0000000000
1,265.0000000000,0,6957692.0092523005,39692.0092689016,1.0000000000
1,265.0000000000,0,6957686.9935517209,39686.9935663118,1.0000000000
1,265.0000000000,0,6957681.9778510202,39681.9778638435,1.0000000000
1,265.0000000000,0,6957676.9621502124,39676.9621614820,1.0000000000
1,265.0000000000,0,6957671.9464493105,39671.9464592145,1.0000000000
1,265.0000000000,0,6957666.9307483258,39666.9307570296,1.0000000000
1,265.0000000000,0,6957661.9150472684,39661.9150549173,1.0000000000
1,265.0000000000,0,6957656.8993461477,39656.8993528687,1.0000000000
1,265.0000000000,0,6957651.8836449711,39651.8836508763,1.0000000000
1,265.0000000000,0,6957646.8679437451,39646.8679489331,1.0000000000
1,265.0000000000,0,6957641.8522424754,39641.8522470333,1.0000000000
1,265.0000000000,0,6957636.8365411675,39636.8365451717,1.0000000000
1,265.0000000000,0,6957631.8208398260,39631.8208433435,1.0000000000
1,265.0000000000,0,6957626.8051384557,39626.8051415447,1.0000000000
1,265.0000000000,0,6957621.7894370593,39621.7894397719,1.0000000000
1,265.0000000000,0,6957616.7737356396,39616.7737380218,1.0000000000
1,265.0000000000,0,6957611.7580342004,39611.7580362917,1.0000000000
1,265.0000000000,0,6957606.7423327435,39606.7423345791,1.0000000000
1,265.0000000000,0,6957601.7266312707,39601.7266328821,1.0000000000
1,265.0000000000,0,6957596.7109297849,39596.7109311986,1.0000000000
1,265.0000000000,0,6957591.6952282870,39591.6952295270,1.0000000000
1,270.0000000000,0,6958161.5197017714,40162.0580942227,1.0000000000
1,270.0000000000,0,6958156.8728039348,40157.4166831292,1.0000000000
1,270.0000000000,0,6958152.2580973022,40152.7432647726,1.0000000000
1,270.0000000000,0,6958147.6408810914,40148.0723257979,1.0000000000
1,270.0000000000,0,6958143.0206904681,40143.4043288991,1.0000000000
1,270.0000000000,0,6958138.3978388309,40138.7389672643,1.0000000000
1,270.0000000000,0,6958133.7726218570,40134.0759506026,1.0000000000
1,270.0000000000,0,6958129.1453026170,40129.4150201062,1.0000000000
1,270.0000000000,0,6958124.5161148375,40124.7559454189,1.0000000000
1,270.0000000000,0,6958119.8852661848,40120.0985215391,1.0000000000
1,270.0000000000,0,6958115.2529411865,40115.4425660464,1.0000000000
1,270.0000000000,0,6958110.6193038207,40110.7879166282,1.0000000000
1,270.0000000000,0,6958105.9844998159,40106.1344288738,1.0000000000
1,270.0000000000,0,6958101.3486586884,40101.4819743084,1.0000000000
1,270.0000000000,0,6958096.7118955525,40096.8304386412,1.0000000000
1,270.0000000000,0,6958092.0743127270,40092.1797202048,1.0000000000
1,270.0000000000,0,6958087.4360011602,40087.5297285648,1.0000000000
1,270.0000000000,0,6958082.7970416984,40082.8803832824,1.0000000000
1,270.0000000000,0,6958078.1575062098,40078.2316128115,1.0000000000
1,270.0000000000,0,6958073.5174585823,40073.5833535181,1.0000000000
1,270.0000000000,0,6958068.8769556126,40068.9355488069,1.0000000000
1,270.0000000000,0,6958064.2360477941,40064.2881483437,1.0000000000
1,270.0000000000,0,6958059.5947800176,40059.6411073640,1.0000000000
1,270.0000000000,0,6958054.9531921921,40054.9943860572,1.0000000000
1,270.0000000000,0,6958050.3113198010,40050.3479490194,1.0000000000
1,270.0000000000,0,6958045.6691943910,40045.7017647657,1.0000000000
1,270.0000000000,0,6958041.0268440107,40041.0558052970,1.0000000000
1,270.0000000000,0,6958036.3842935972,40036.4100457144,1.0000000000
1,270.0000000000,0,6958031.7415653234,40031.7644638758,1.0000000000
1,270.0000000000,0,6958027.0986789037,40027.1190400915,1.0000000000
1,270.0000000000,0,6958022.4556518663,40022.4737568521,1.0000000000
1,270.0000000000,0,6958017.8124997970,40017.8285985876,1.0000000000
1,270.0000000000,0,6958013.1692365529,40013.1835514525,1.0000000000
1,270.0000000000,0,6958008.5258744555,40008.5386031349,1.0000000000
1,270.0000000000,0,6958003.8824244598,40003.8937426867,1.0000000000
1,270.0000000000,0,6957999.2388963075,39999.2489603727,1.0000000000
1,270.0000000000,0,6957994.5952986609,39994.6042475359,1.0000000000
1,270.0000000000,0,6957989.9516392210,39989.9595964785,1.0000000000
1,270.0000000000,0,6957985.3079248350,39985.3150003556,1.0000000000
1,270.0000000000,0,6957980.6641615927,39980.6704530804,1.0000000000
1,270.0000000000,0,6957976.0203549080,39976.0259492407,1.0000000000
1,270.0000000000,0,6957971.3765095947,39971.3814840237,1.0000000000
1,270.0000000000,0,6957966.7326299343,39966.7370531500,1.0000000000
1,270.0000000000,0,6957962.0887197321,39962.0926528142,1.0000000000
1,270.0000000000,0,6957957.4447823735,39957.4482796326,1.0000000000
1,270.0000000000,0,6957952.8008208675,39952.8039305965,1.0000000000
1,270.0000000000,0,6957948.1568378899,39948.1596030303,1.0000000000
1,270.0000000000,0,6957943.5128358193,39943.5152945553,1.0000000000
1,270.0000000000,0,6957938.8688167725,39938.8710030559,1.0000000000
1,270.0000000000,0,6957934.2247826299,39934.2267266511,1.0000000000
1,270.0000000000,0,6957929.5807350641,39929.5824636684,1.0000000000
1,270.0000000000,0,6957924.9366755635,39924.9382126206,1.0000000000
1,270.0000000000,0,6957920.2926054504,39920.2939721850,1.0000000000
1,270.0000000000,0,6957915.6485259002,39915.6497411859,1.0000000000
1,270.0000000000,0,6957911.0044379588,39911.0055185776,1.0000000000
1,270.0000000000,0,6957906.3603425566,39906.3613034304,1.0000000000
1,270.0000000000,0,6957901.7162405197,39901.7170949175,1.0000000000
1,270.0000000000,0,6957897.0721325837,39897.0728923037,1.0000000000
1,270.0000000000,0,6957892.4280194016,39892.4286949355,1.0000000000
1,270.0000000000,0,6957887.7839015555,39887.7845022315,1.0000000000
1,270.0000000000,0,6957883.1397795621,39883.1403136750,1.0000000000
1,270.0000000000,0,6957878.4956538808,39878.4961288063,1.0000000000
1,270.0000000000,0,6957873.8515249202,39873.8519472168,1.0000000000
1,270.0000000000,0,6957869.2073930437,39869.2077685432,1.0000000000
1,270.0000000000,0,6957864.5632585743,39864.5635924623,1.0000000000
1,270.0000000000,0,6957859.9191217991,39859.9194186869,1.0000000000
1,270.0000000000,0,6957855.2749829739,39855.2752469615,1.0000000000
1,270.0000000000,0,6957850.6308423262,39850.6310770589,1.0000000000
1,270.0000000000,0,6957845.9867000571,39845.9869087771,1.0000000000
1,270.0000000000,0,6957841.3425563471,39841.3427419366,1.0000000000
1,270.0000000000,0,6957836.6984113557,39836.6985763776,1.0000000000
1,270.0000000000,0,6957832.0542652244,39832.0544119581,1.0000000000
1,270.0000000000,0,6957827.4101180797,39827.4102485518,1.0000000000
1,270.0000000000,0,6957822.7659700345,39822.7660860466,1.0000000000
1,270.0000000000,0,6957818.1218211884,39818.1219243424,1.0000000000
1,270.0000000000,0,6957813.4776716297,39813.4777633507,1.0000000000
1,270.0000000000,0,6957808.8335214378,39808.8336029924,1.0000000000
1,270.0000000000,0,6957804.1893706825,39804.1894431973,1.0000000000
1,270.0000000000,0,6957799.5452194260,39799.5452839031,1.0000000000
1,270.0000000000,0,6957794.9010677245,39794.9011250542,1.0000000000
1,270.0000000000,0,6957790.2569156270,39790.2569666014,1.0000000000
1,270.0000000000,0,6957785.6127631776,39785.6128085006,1.0000000000
1,270.0000000000,0,6957780.9686104143,39780.9686507129,1.0000000000
1,270.0000000000,0,6957776.3244573725,39776.3244932037,1.0000000000
1,270.0000000000,0,6957771.6803040840,39771.6803359419,1.0000000000
1,270.0000000000,0,6957767.0361505747,39767.0361789003,1.0000000000
1,270.0000000000,0,6957762.3919968698,39762.3920220544,1.0000000000
1,270.0000000000,0,6957757.7478429908,39757.7478653825,1.0000000000
1,270.0000000000,0,6957753.1036889572,39753.1037088654,1.0000000000
1,270.0000000000,0,6957748.4595347857,39748.4595524858,1.0000000000
1,270.0000000000,0,6957743.8153804922,39743.8153962286,1.0000000000
1,270.0000000000,0,6957739.1712260898,39739.1712400802,1.0000000000
1,270.0000000000,0,6957734.5270715905,39734.5270840286,1.0000000000
1,270.0000000000,0,6957729.8829170056,39729.8829280629,1.0000000000
1,270.0000000000,0,6957725.2387623442,39725.2387721737,1.0000000000
1,270.0000000000,0,6957720.5946076149,39720.5946163526,1.0000000000
1,270.0000000000,0,6957715.9504528251,39715.9504605919,1.0000000000
1,270.0000000000,0,6957711.3062979812,39711.3063048850,1.0000000000
1,270.0000000000,0,6957706.6621430898,39706.6621492260,1.0000000000
1,270.0000000000,0,6957702.0179881556,39702.0179936094,1.0000000000
1,270.0000000000,0,6957697.3738331841,39697.3738380307,1.0000000000
1,270.0000000000,0,6957692.7296781782,39692.7296824856,1.0000000000
1,270.0000000000,0,6957688.0855231425,39688.0855269704,1.0000000000
1,270.0000000000,0,6957683.4413680807,39683.4413714818,1.0000000000
1,270.0000000000,0,6957678.7972129947,39678.7972160168,1.0000000000
1,270.0000000000,0,6957674.1530578882,39674.1530605728,1.0000000000
1,270.0000000000,0,6957669.5089027630,39669.5089051475,1.0000000000
1,270.0000000000,0,6957664.8647476211,39664.8647497389,1.0000000000
1,270.0000000000,0,6957660.2205924643,39660.2205943450,1.0000000000
1,270.0000000000,0,6957655.5764372945,39655.5764389642,1.0000000000
1,270.0000000000,0,6957650.9322821125,39650.9322835952,1.0000000000
1,270.0000000000,0,6957646.2881269203,39646.2881282365,1.0000000000
1,270.0000000000,0,6957641.6439717188,39641.6439728870,1.0000000000
1,270.0000000000,0,6957636.9998165099,39636.9998175458,1.0000000000
1,270.0000000000,0,6957632.3556612935,39632.3556622118,1.0000000000
1,270.0000000000,0,6957627.7115060706,39627.7115068844,1.0000000000
1,270.0000000000,0,6957623.0673508421,39623.0673515627,1.0000000000
1,270.0000000000,0,6957618.4231956080,39618.4231962462,1.0000000000
1,270.0000000000,0,6957613.7790403692,39613.7790409343,1.0000000000
1,270.0000000000,0,6957609.1348851267,39609.1348856264,1.0000000000
1,275.0000000000,0,6958138.6090207770,40138.3737236313,1.0000000000
1,275.0000000000,0,6958133.8802149836,40133.6113522642,1.0000000000
1,275.0000000000,0,6958129.1201558681,40128.8802189441,1.0000000000
1,275.0000000000,0,6958124.3609562507,40124.1482210281,1.0000000000
1,275.0000000000,0,6958119.6032761019,40119.4146953996,1.0000000000
1,275.0000000000,0,6958114.8469634512,40114.6797956922,1.0000000000
1,275.0000000000,0,6958110.0918638920,40109.9436777193,1.0000000000
1,275.0000000000,0,6958105.3378399573,40105.2064800561,1.0000000000
1,275.0000000000,0,6958100.5847697183,40100.4683255019,1.0000000000
1,275.0000000000,0,6958095.8325450476,40095.7293228696,1.0000000000
1,275.0000000000,0,6958091.0810700590,40090.9895685824,1.0000000000
1,275.0000000000,0,6958086.3302597273,40086.2491480882,1.0000000000
1,275.0000000000,0,6958081.5800386602,40081.5081371112,1.0000000000
1,275.0000000000,0,6958076.8303400092,40076.7666027609,1.0000000000
1,275.0000000000,0,6958072.0811045030,40072.0246045132,1.0000000000
1,275.0000000000,0,6958067.3322795909,40067.2821950809,1.0000000000
1,275.0000000000,0,6958062.5838186797,40062.5394211827,1.0000000000
1,275.0000000000,0,6958057.8356804615,40057.7963242267,1.0000000000
1,275.0000000000,0,6958053.0878283139,40053.0529409137,1.0000000000
1,275.0000000000,0,6958048.3402297674,40048.3093037735,1.0000000000
1,275.0000000000,0,6958043.5928560384,40043.5654416392,1.0000000000
1,275.0000000000,0,6958038.8456816077,40038.8213800674,1.0000000000
1,275.0000000000,0,6958034.0986838527,40034.0771417108,1.0000000000
1,275.0000000000,0,6958029.3518427173,40029.3327466486,1.0000000000
1,275.0000000000,0,6958024.6051404215,40024.5882126788,1.0000000000
1,275.0000000000,0,6958019.8585612047,40019.8435555775,1.0000000000
1,275.0000000000,0,6958015.1120910933,40015.0987893288,1.0000000000
1,275.0000000000,0,6958010.3657177007,40010.3539263282,1.0000000000
1,275.0000000000,0,6958005.6194300465,40005.6089775635,1.0000000000
1,275.0000000000,0,6958000.8732183967,40000.8639527743,1.0000000000
1,275.0000000000,0,6957996.1270741224,39996.1188605940,1.0000000000
1,275.0000000000,0,6957991.3809895739,39991.3737086757,1.0000000000
1,275.0000000000,0,6957986.6349579692,39986.6285038032,1.0000000000
1,275.0000000000,0,6957981.8889732976,39981.8832519897,1.0000000000
1,275.0000000000,0,6957977.1430302309,39977.1379585658,1.0000000000
1,275.0000000000,0,6957972.3971240446,39972.3926282565,1.0000000000
1,275.0000000000,0,6957967.6512505515,39967.6472652504,1.0000000000
1,275.0000000000,0,6957962.9054060392,39962.9018732603,1.0000000000
1,275.0000000000,0,6957958.1595872175,39958.1564555775,1.0000000000
1,275.0000000000,0,6957953.4137911694,39953.4110151195,1.0000000000
1,275.0000000000,0,6957948.6680153087,39948.6655544723,1.0000000000
1,275.0000000000,0,6957943.9222573433,39943.9200759286,1.0000000000
1,275.0000000000,0,6957939.1765152421,39939.1745815206,1.0000000000
1,275.0000000000,0,6957934.4307872029,39934.4290730496,1.0000000000
1,275.0000000000,0,6957929.6850716295,39929.6835521125,1.0000000000
1,275.0000000000,0,6957924.9393671062,39924.9380201248,1.0000000000
1,275.0000000000,0,6957920.1936723776,39920.1924783414,1.0000000000
1,275.0000000000,0,6957915.4479863327,39915.4469278746,1.0000000000
1,275.0000000000,0,6957910.7023079852,39910.7013697103,1.0000000000
1,275.0000000000,0,6957905.9566364605,39905.9558047226,1.0000000000
1,275.0000000000,0,6957901.2109709838,39901.2102336864,1.0000000000
1,275.0000000000,0,6957896.4653108697,39896.4646572883,1.0000000000
1,275.0000000000,0,6957891.7196555082,39891.7190761372,1.0000000000
1,275.0000000000,0,6957886.9740043599,39886.9734907729,1.0000000000
1,275.0000000000,0,6957882.2283569463,39882.2279016737,1.0000000000
1,275.0000000000,0,6957877.4827128435,39877.4823092637,1.0000000000
1,275.0000000000,0,6957872.7370716752,39872.7367139189,1.0000000000
1,275.0000000000,0,6957867.9914331092,39867.9911159725,1.0000000000
1,275.0000000000,0,6957863.2457968490,39863.2455157199,1.0000000000
1,275.0000000000,0,6957858.5001626331,39858.4999134231,1.0000000000
1,275.0000000000,0,6957853.7545302296,39853.7543093140,1.0000000000
1,275.0000000000,0,6957849.0088994326,39849.0087035985,1.0000000000
1,275.0000000000,0,6957844.2632700596,39844.2630964591,1.0000000000
1,275.0000000000,0,6957839.5176419485,39839.5174880573,1.0000000000
1,275.0000000000,0,6957834.7720149560,39834.7718785366,1.0000000000
1,275.0000000000,0,6957830.0263889553,39830.0262680239,1.0000000000
1,275.0000000000,0,6957825.2807638347,39825.2806566320,1.0000000000
1,275.0000000000,0,6957820.5351394936,39820.5350444605,1.0000000000
1,275.0000000000,0,6957815.7895158427,39815.7894315982,1.0000000000
1,275.0000000000,0,6957811.0438928045,39811.0438181233,1.0000000000
1,275.0000000000,0,6957806.2982703093,39806.2982041055,1.0000000000
1,275.0000000000,0,6957801.5526482956,39801.5525896064,1.0000000000
1,275.0000000000,0,6957796.8070267085,39796.8069746807,1.0000000000
1,275.0000000000,0,6957792.0614054995,39792.0613593767,1.0000000000
1,275.0000000000,0,6957787.3157846257,39787.3157437375,1.0000000000
1,275.0000000000,0,6957782.5701640490,39782.5701278012,1.0000000000
1,275.0000000000,0,6957777.8245437359,39777.8245116013,1.0000000000
1,275.0000000000,0,6957773.0789236566,39773.0788951680,1.0000000000
1,275.0000000000,0,6957768.3333037840,39768.3332785276,1.0000000000
1,275.0000000000,0,6957763.5876840949,39763.5876617037,1.0000000000
1,275.0000000000,0,6957758.8420645688,39758.8420447172,1.0000000000
1,275.0000000000,0,6957754.0964451870,39754.0964275865,1.0000000000
1,275.0000000000,0,6957749.3508259328,39749.3508103279,1.0000000000
1,275.0000000000,0,6957744.6052067913,39744.6051929561,1.0000000000
1,275.0000000000,0,6957739.8595877504,39739.8595754838,1.0000000000
1,275.0000000000,0,6957735.1139687989,39735.1139579225,1.0000000000
1,275.0000000000,0,6957730.3683499265,39730.3683402822,1.0000000000
1,275.0000000000,0,6957725.6227311241,39725.6227225720,1.0000000000
1,275.0000000000,0,6957720.8771123830,39720.8771047997,1.0000000000
1,275.0000000000,0,6957716.1314936969,39716.1314869725,1.0000000000
1,275.0000000000,0,6957711.3858750602,39711.3858690965,1.0000000000
1,275.0000000000,0,6957706.6402564663,39706.6402511773,1.0000000000
1,275.0000000000,0,6957701.8946379106,39701.8946332198,1.0000000000
1,275.0000000000,0,6957697.1490193894,39697.1490152284,1.0000000000
1,275.0000000000,0,6957692.4034008980,39692.4033972068,1.0000000000
1,275.0000000000,0,6957687.6577824336,39687.6577791586,1.0000000000
1,275.0000000000,0,6957682.9121639924,39682.9121610868,1.0000000000
1,275.0000000000,0,6957678.1665455727,39678.1665429940,1.0000000000
1,275.0000000000,0,6957673.4209271707,39673.4209248826,1.0000000000
1,275.0000000000,0,6957668.6753087854,39668.6753067547,1.0000000000
1,275.0000000000,0,6957663.9296904150,39663.9296886122,1.0000000000
1,275.0000000000,0,6957659.1840720577,39659.1840704568,1.0000000000
1,275.0000000000,0,6957654.4384537116,39654.4384522899,1.0000000000
1,275.0000000000,0,6957649.6928353757,39649.6928341129,1.0000000000
1,275.0000000000,0,6957644.9472170491,39644.9472159268,1.0000000000
1,275.0000000000,0,6957640.2015987299,39640.2015977327,1.0000000000
1,275.0000000000,0,6957635.4559804182,39635.4559795316,1.0000000000
1,275.0000000000,0,6957630.7103621131,39630.7103613241,1.0000000000
1,275.0000000000,0,6957625.9647438135,39625.9647431111,1.0000000000
1,275.0000000000,0,6957621.2191255186,39621.2191248932,1.0000000000
1,275.0000000000,0,6957616.4735072283,39616.4735066709,1.0000000000
1,275.0000000000,0,6957611.7278889418,39611.7278884448,1.0000000000
1,275.0000000000,0,6957606.9822706580,39606.9822702152,1.0000000000
1,275.0000000000,0,6957602.2366523780,39602.2366519826,1.0000000000
1,275.0000000000,0,6957597.4910341008,39597.4910337472,1.0000000000
1,275.0000000000,0,6957592.7454158254,39592.7454155095,1.0000000000
1,275.0000000000,0,6957587.9997975519,39587.9997972697,1.0000000000
1,275.0000000000,0,6957583.2541792803,39583.2541790280,1.0000000000
1,275.0000000000,0,6957578.5085610105,39578.5085607845,1.0000000000
1,275.0000000000,0,6957573.7629427426,39573.7629425396,1.0000000000
1,280.0000000000,0,6958114.7298359992,40113.8783075975,1.0000000000
1,280.0000000000,0,6958109.9778717440,40109.1506750143,1.0000000000
1,280.0000000000,0,6958105.1923385803,40104.4570254259,1.0000000000
1,280.0000000000,0,6958100.4110457050,40099.7590564431,1.0000000000
1,280.0000000000,0,6958095.6344128475,40095.0563494918,1.0000000000
1,280.0000000000,0,6958090.8619393939,40090.3494214857,1.0000000000
1,280.0000000000,0,6958086.0931575485,40085.6387533977,1.0000000000
1,280.0000000000,0,6958081.3276512530,40080.9247716556,1.0000000000
1,280.0000000000,0,6958076.5650510620,40076.2078538547,1.0000000000
1,280.0000000000,0,6958071.8050289946,40071.4883343832,1.0000000000
1,280.0000000000,0,6958067.0472939266,40066.7665094028,1.0000000000
1,280.0000000000,0,6958062.2915874822,40062.0426412484,1.0000000000
1,280.0000000000,0,6958057.5376803791,40057.3169623155,1.0000000000
1,280.0000000000,0,6958052.7853691718,40052.5896784959,1.0000000000
1,280.0000000000,0,6958048.0344733587,40047.8609722148,1.0000000000
1,280.0000000000,0,6958043.2848328063,40043.1310051176,1.0000000000
1,280.0000000000,0,6958038.5363054611,40038.3999204456,1.0000000000
1,280.0000000000,0,6958033.7887653168,40033.6678451393,1.0000000000
1,280.0000000000,0,6958029.0421006083,40028.9348916990,1.0000000000
1,280.0000000000,0,6958024.2962122057,40024.2011598318,1.0000000000
1,280.0000000000,0,6958019.5510121901,40019.4667379103,1.0000000000
1,280.0000000000,0,6958014.8064225884,40014.7317042641,1.0000000000
1,280.0000000000,0,6958010.0623742510,40009.9961283227,1.0000000000
1,280.0000000000,0,6958005.3188058557,40005.2600716294,1.0000000000
1,280.0000000000,0,6958000.5756630227,40000.5235887376,1.0000000000
1,280.0000000000,0,6957995.8328975281,39995.7867280063,1.0000000000
1,280.0000000000,0,6957991.0904666111,39991.0495323044,1.0000000000
1,280.0000000000,0,6957986.3483323529,39986.3120396343,1.0000000000
1,280.0000000000,0,6957981.6064611310,39981.5742836850,1.0000000000
1,280.0000000000,0,6957976.8648231309,39976.8362943223,1.0000000000
1,280.0000000000,0,6957972.1233919179,39972.0980980229,1.0000000000
1,280.0000000000,0,6957967.3821440507,39967.3597182591,1.0000000000
1,280.0000000000,0,6957962.6410587458,39962.6211758400,1.0000000000
1,280.0000000000,0,6957957.9001175752,39957.8824892139,1.0000000000
1,280.0000000000,0,6957953.1593041988,39953.1436747364,1.0000000000
1,280.0000000000,0,6957948.4186041290,39948.4047469076,1.0000000000
1,280.0000000000,0,6957943.6780045191,39943.6657185827,1.0000000000
1,280.0000000000,0,6957938.9374939809,39938.9266011590,1.0000000000
1,280.0000000000,0,6957934.1970624151,39934.1874047408,1.0000000000
1,280.0000000000,0,6957929.4567008680,39929.4481382866,1.0000000000
1,280.0000000000,0,6957924.7164014010,39924.7088097387,1.0000000000
1,280.0000000000,0,6957919.9761569751,39919.9694261385,1.0000000000
1,280.0000000000,0,6957915.2359613506,39915.2299937292,1.0000000000
1,280.0000000000,0,6957910.4958089935,39910.4905180457,1.0000000000
1,280.0000000000,0,6957905.7556949984,39905.7510039951,1.0000000000
1,280.0000000000,0,6957901.0156150153,39901.0114559283,1.0000000000
1,280.0000000000,0,6957896.2755651884,39896.2718777025,1.0000000000
1,280.0000000000,0,6957891.5355420979,39891.5322727378,1.0000000000
1,280.0000000000,0,6957886.7955427123,39886.7926440662,1.0000000000
1,280.0000000000,0,6957882.0555643439,39882.0529943759,1.0000000000
1,280.0000000000,0,6957877.3156046094,39877.3133260505,1.0000000000
1,280.0000000000,0,6957872.5756613957,39872.5736412029,1.0000000000
1,280.0000000000,0,6957867.8357328298,39867.8339417068,1.0000000000
1,280.0000000000,0,6957863.0958172511,39863.0942292231,1.0000000000
1,280.0000000000,0,6957858.3559131864,39858.3545052245,1.0000000000
1,280.0000000000,0,6957853.6160193309,39853.6147710169,1.0000000000
1,280.0000000000,0,6957848.8761345269,39848.8750277577,1.0000000000
1,280.0000000000,0,6957844.1362577472,39844.1352764735,1.0000000000
1,280.0000000000,0,6957839.3963880828,39839.3955180741,1.0000000000
1,280.0000000000,0,6957834.6565247262,39834.6557533664,1.0000000000
1,280.0000000000,0,6957829.9166669622,39829.9159830658,1.0000000000
1,280.0000000000,0,6957825.1768141575,39825.1762078063,1.0000000000
1,280.0000000000,0,6957820.4369657496,39820.4364281502,1.0000000000
1,280.0000000000,0,6957815.6971212393,39815.6966445962,1.0000000000
1,280.0000000000,0,6957810.9572801851,39810.9568575863,1.0000000000
1,280.0000000000,0,6957806.2174421949,39806.2170675122,1.0000000000
1,280.0000000000,0,6957801.4776069215,39801.4772747215,1.0000000000
1,280.0000000000,0,6957796.7377740564,39796.7374795222,1.0000000000
1,280.0000000000,0,6957791.9979433268,39791.9976821874,1.0000000000
1,280.0000000000,0,6957787.2581144907,39787.2578829593,1.0000000000
1,280.0000000000,0,6957782.5182873327,39782.5180820525,1.0000000000
1,280.0000000000,0,6957777.7784616631,39777.7782796574,1.0000000000
1,280.0000000000,0,6957773.0386373131,39773.0384759427,1.0000000000
1,280.0000000000,0,6957768.2988141328,39768.2986710581,1.0000000000
1,280.0000000000,0,6957763.5589919901,39763.5588651362,1.0000000000
1,280.0000000000,0,6957758.8191707674,39758.8190582947,1.0000000000
1,280.0000000000,0,6957754.0793503597,39754.0792506378,1.0000000000
1,280.0000000000,0,6957749.3395306747,39749.3394422580,1.0000000000
1,280.0000000000,0,6957744.5997116305,39744.5996332372,1.0000000000
1,280.0000000000,0,6957739.8598931553,39739.8598236482,1.0000000000
1,280.0000000000,0,6957735.1200751839,39735.1200135553,1.0000000000
1,280.0000000000,0,6957730.3802576587,39730.3802030158,1.0000000000
1,280.0000000000,0,6957725.6404405292,39725.6403920802,1.0000000000
1,280.0000000000,0,6957720.9006237509,39720.9005807935,1.0000000000
1,280.0000000000,0,6957716.1608072845,39716.1607691954,1.0000000000
1,280.0000000000,0,6957711.4209910939,39711.4209573213,1.0000000000
1,280.0000000000,0,6957706.6811751481,39706.6811452024,1.0000000000
1,280.0000000000,0,6957701.9413594194,39701.9413328666,1.0000000000
1,280.0000000000,0,6957697.2015438825,39697.2015203384,1.0000000000
1,280.0000000000,0,6957692.4617285170,39692.4617076397,1.0000000000
1,280.0000000000,0,6957687.7219133023,39687.7218947897,1.0000000000
1,280.0000000000,0,6957682.9820982218,39682.9820818057,1.0000000000
1,280.0000000000,0,6957678.2422832604,39678.2422687028,1.0000000000
1,280.0000000000,0,6957673.5024684044,39673.5024554945,1.0000000000
1,280.0000000000,0,6957668.7626536414,39668.7626421928,1.0000000000
1,280.0000000000,0,6957664.0228389613,39664.0228288083,1.0000000000
1,280.0000000000,0,6957659.2830243548,39659.2830153504,1.0000000000
1,280.0000000000,0,6957654.5432098135,39654.5432018273,1.0000000000
1,280.0000000000,0,6957649.8033953300,39649.8033882464,1.0000000000
1,280.0000000000,0,6957645.0635808976,39645.0635746144,1.0000000000
1,280.0000000000,0,6957640.3237665100,39640.3237609370,1.0000000000
1,280.0000000000,0,6957635.5839521633,39635.5839472194,1.0000000000
1,280.0000000000,0,6957630.8441378521,39630.8441334661,1.0000000000
1,280.0000000000,0,6957626.1043235725,39626.1043196811,1.0000000000
1,280.0000000000,0,6957621.3645093208,39621.3645058682,1.0000000000
1,280.0000000000,0,6957616.6246950943,39616.6246920303,1.0000000000
1,280.0000000000,0,6957611.8848808892,39611.8848781704,1.0000000000
1,280.0000000000,0,6957607.1450667037,39607.1450642910,1.0000000000
1,280.0000000000,0,6957602.4052525358,39602.4052503942,1.0000000000
1,280.0000000000,0,6957597.6654383838,39597.6654364820,1.0000000000
1,280.0000000000,0,6957592.9256242448,39592.9256225562,1.0000000000
1,280.0000000000,0,6957588.1858101180,39588.1858086183,1.0000000000
1,280.0000000000,0,6957583.4459960023,39583.4459946698,1.0000000000
1,280.0000000000,0,6957578.7061818959,39578.7061807117,1.0000000000
1,280.0000000000,0,6957573.9663677979,39573.9663667452,1.0000000000
1,280.0000000000,0,6957569.2265537074,39569.2265527713,1.0000000000
1,280.0000000000,0,6957564.4867396234,39564.4867387908,1.0000000000
1,280.0000000000,0,6957559.7469255449,39559.7469248043,1.0000000000
1,280.0000000000,0,6957555.0071114721,39555.0071108127,1.0000000000
1,280.0000000000,0,6957550.2672974039,39550.2672968165,1.0000000000
1,285.0000000000,0,6958092.3500823416,40089.8250650055,1.0000000000
1,285.0000000000,0,6958087.6730067786,40085.0866578147,1.0000000000
1,285.0000000000,0,6958082.8262341376,40080.5219745296,1.0000000000
1,285.0000000000,0,6958077.9906974491,40075.9453902734,1.0000000000
1,285.0000000000,0,6958073.1692291144,40071.3539872615,1.0000000000
1,285.0000000000,0,6958068.3603919419,40066.7493565952,1.0000000000
1,285.0000000000,0,6958063.5628005480,40062.1330100593,1.0000000000
1,285.0000000000,0,6958058.7752155038,40057.5062868163,1.0000000000
1,285.0000000000,0,6958053.9965310618,40052.8703712076,1.0000000000
1,285.0000000000,0,6958049.2257614564,40048.2263109268,1.0000000000
1,285.0000000000,0,6958044.4620283870,40043.5750330624,1.0000000000
1,285.0000000000,0,6958039.7045496963,40038.9173582103,1.0000000000
1,285.0000000000,0,6958034.9526291396,40034.2540128931,1.0000000000
1,285.0000000000,0,6958030.2056471827,40029.5856404979,1.0000000000
1,285.0000000000,0,6958025.4630527245,40024.9128109130,1.0000000000
1,285.0000000000,0,6958020.7243556790,40020.2360290240,1.0000000000
1,285.0000000000,0,6958015.9891203260,40015.5557422082,1.0000000000
1,285.0000000000,0,6958011.2569593629,40010.8723469502,1.0000000000
1,285.0000000000,0,6958006.5275285887,40006.1861946824,1.0000000000
1,285.0000000000,0,6958001.8005221589,40001.4975969457,1.0000000000
1,285.0000000000,0,6957997.0756683499,39996.8068299503,1.0000000000
1,285.0000000000,0,6957992.3527257824,39992.1141386091,1.0000000000
1,285.0000000000,0,6957987.6314800568,39987.4197401040,1.0000000000
1,285.0000000000,0,6957982.9117407575,39982.7238270434,1.0000000000
1,285.0000000000,0,6957978.1933387844,39978.0265702546,1.0000000000
1,285.0000000000,0,6957973.4761239756,39973.3281212582,1.0000000000
1,285.0000000000,0,6957968.7599629993,39968.6286144580,1.0000000000
1,285.0000000000,0,6957964.0447374713,39963.9281690812,1.0000000000
1,285.0000000000,0,6957959.3303422863,39959.2268908972,1.0000000000
1,285.0000000000,0,6957954.6166841332,39954.5248737410,1.0000000000
1,285.0000000000,0,6957949.9036801737,39949.8222008625,1.0000000000
1,285.0000000000,0,6957945.1912568705,39945.1189461236,1.0000000000
1,285.0000000000,0,6957940.4793489454,39940.4151750589,1.0000000000
1,285.0000000000,0,6957935.7678984525,39935.7109458156,1.0000000000
1,285.0000000000,0,6957931.0568539556,39931.0063099880,1.0000000000
1,285.0000000000,0,6957926.3461697986,39926.3013133569,1.0000000000
1,285.0000000000,0,6957921.6358054578,39921.5959965453,1.0000000000
1,285.0000000000,0,6957916.9257249627,39916.8903956000,1.0000000000
1,285.0000000000,0,6957912.2158963885,39912.1845425079,1.0000000000
1,285.0000000000,0,6957907.5062913988,39907.4784656534,1.0000000000
1,285.0000000000,0,6957902.7968848422,39902.7721902246,1.0000000000
1,285.0000000000,0,6957898.0876543978,39898.0657385734,1.0000000000
1,285.0000000000,0,6957893.3785802536,39893.3591305349,1.0000000000
1,285.0000000000,0,6957888.6696448261,39888.6523837111,1.0000000000
1,285.0000000000,0,6957883.9608325092,39883.9455137225,1.0000000000
1,285.0000000000,0,6957879.2521294532,39879.2385344310,1.0000000000
1,285.0000000000,0,6957874.5435233647,39874.5314581383,1.0000000000
1,285.0000000000,0,6957869.8350033341,39869.8242957612,1.0000000000
1,285.0000000000,0,6957865.1265596785,39865.1170569878,1.0000000000
1,285.0000000000,0,6957860.4181838054,39860.4097504157,1.0000000000
1,285.0000000000,0,6957855.7098680884,39855.7023836749,1.0000000000
1,285.0000000000,0,6957851.0016057584,39850.9949635366,1.0000000000
1,285.0000000000,0,6957846.2933908096,39846.2874960099,1.0000000000
1,285.0000000000,0,6957841.5852179099,39841.5799864277,1.0000000000
1,285.0000000000,0,6957836.8770823274,39836.8724395226,1.0000000000
1,285.0000000000,0,6957832.1689798636,39832.1648594948,1.0000000000
1,285.0000000000,0,6957827.4609067924,39827.4572500715,1.0000000000
1,285.0000000000,0,6957822.7528598066,39822.7496145606,1.0000000000
1,285.0000000000,0,6957818.0448359707,39818.0419558979,1.0000000000
1,285.0000000000,0,6957813.3368326798,39813.3342766887,1.0000000000
1,285.0000000000,0,6957808.6288476223,39808.6265792450,1.0000000000
1,285.0000000000,0,6957803.9208787465,39803.9188656187,1.0000000000
1,285.0000000000,0,6957799.2129242318,39799.2111376310,1.0000000000
1,285.0000000000,0,6957794.5049824612,39794.5033968977,1.0000000000
1,285.0000000000,0,6957789.7970520016,39789.7956448533,1.0000000000
1,285.0000000000,0,6957785.0891315797,39785.0878827705,1.0000000000
1,285.0000000000,0,6957780.3812200669,39780.3801117790,1.0000000000
1,285.0000000000,0,6957775.6733164601,39775.6723328811,1.0000000000
1,285.0000000000,0,6957770.9654198699,39770.9645469665,1.0000000000
1,285.0000000000,0,6957766.2575295065,39766.2567548250,1.0000000000
1,285.0000000000,0,6957761.5496446695,39761.5489571571,1.0000000000
1,285.0000000000,0,6957756.8417647369,39756.8411545848,1.0000000000
1,285.0000000000,0,6957752.1338891564,39752.1333476599,1.0000000000
1,285.0000000000,0,6957747.4260174390,39747.4255368722,1.0000000000
1,285.0000000000,0,6957742.7181491489,39742.7177226563,1.0000000000
1,285.0000000000,0,6957738.0102839014,39738.0099053981,1.0000000000
1,285.0000000000,0,6957733.3024213538,39733.3020854399,1.0000000000
1,285.0000000000,0,6957728.5945612025,39728.5942630854,1.0000000000
1,285.0000000000,0,6957723.8867031783,39723.8864386043,1.0000000000
1,285.0000000000,0,6957719.1788470410,39719.1786122360,1.0000000000
1,285.0000000000,0,6957714.4709925782,39714.4707841928,1.0000000000
1,285.0000000000,0,6957709.7631396018,39709.7629546631,1.0000000000
1,285.0000000000,0,6957705.0552879451,39705.0551238143,1.0000000000
1,285.0000000000,0,6957700.3474374590,39700.3472917947,1.0000000000
1,285.0000000000,0,6957695.6395880124,39695.6394587361,1.0000000000
1,285.0000000000,0,6957690.9317394877,39690.9316247555,1.0000000000
1,285.0000000000,0,6957686.2238917807,39686.2237899566,1.0000000000
1,285.0000000000,0,6957681.5160448002,39681.5159544314,1.0000000000
1,285.0000000000,0,6957676.8081984641,39676.8081182617,1.0000000000
1,285.0000000000,0,6957672.1003526999,39672.1002815201,1.0000000000
1,285.0000000000,0,6957667.3925074432,39667.3924442708,1.0000000000
1,285.0000000000,0,6957662.6846626373,39662.6846065709,1.0000000000
1,285.0000000000,0,6957657.9768182309,39657.9767684713,1.0000000000
1,285.0000000000,0,6957653.2689741794,39653.2689300168,1.0000000000
1,285.0000000000,0,6957648.5611304427,39648.5610912475,1.0000000000
1,285.0000000000,0,6957643.8532869862,39643.8532521986,1.0000000000
1,285.0000000000,0,6957639.1454437776,39639.1454129018,1.0000000000
1,285.0000000000,0,6957634.4376007887,39634.4375733848,1.0000000000
1,285.0000000000,0,6957629.7297579953,39629.7297336725,1.0000000000
1,285.0000000000,0,6957625.0219153753,39625.0218937869,1.0000000000
1,285.0000000000,0,6957620.3140729088,39620.3140537474,1.0000000000
1,285.0000000000,0,6957615.6062305793,39615.6062135714,1.0000000000
1,285.0000000000,0,6957610.8983883709,39610.8983732742,1.0000000000
1,285.0000000000,0,6957606.1905462695,39606.1905328695,1.0000000000
1,285.0000000000,0,6957601.4827042641,39601.4826923693,1.0000000000
1,285.0000000000,0,6957596.7748623434,39596.7748517844,1.0000000000
1,285.0000000000,0,6957592.0670204982,39592.0670111244,1.0000000000
1,285.0000000000,0,6957587.3591787191,39587.3591703976,1.0000000000
1,285.0000000000,0,6957582.6513369996,39582.6513296117,1.0000000000
1,285.0000000000,0,6957577.9434953323,39577.9434887733,1.0000000000
1,285.0000000000,0,6957573.2356537115,39573.2356478882,1.0000000000
1,285.0000000000,0,6957568.5278121326,39568.5278069617,1.0000000000
1,285.0000000000,0,6957563.8199705901,39563.8199659985,1.0000000000
1,285.0000000000,0,6957559.1121290801,39559.1121250027,1.0000000000
1,285.0000000000,0,6957554.4042875990,39554.4042839780,1.0000000000
1,285.0000000000,0,6957549.6964461440,39549.6964429276,1.0000000000
1,285.0000000000,0,6957544.9886047114,39544.9886018545,1.0000000000
1,285.0000000000,0,6957540.2807632992,39540.2807607611,1.0000000000
1,285.0000000000,0,6957535.5729219047,39535.5729196498,1.0000000000
1,285.0000000000,0,6957530.8650805261,39530.8650785226,1.0000000000
1,290.0000000000,0,6958059.2824199973,40066.1501115599,1.0000000000
1,290.0000000000,0,6958053.9434160618,40061.4312181941,1.0000000000
1,290.0000000000,0,6958049.3518867670,40055.9822938645,1.0000000000
1,290.0000000000,0,6958044.7300072433,40050.5590893426,1.0000000000
1,290.0000000000,0,6958040.0571267772,40045.1797672880,1.0000000000
1,290.0000000000,0,6958035.3388558337,40039.8402132882,1.0000000000
1,290.0000000000,0,6958030.5808725310,40034.5360156570,1.0000000000
1,290.0000000000,0,6958025.7881594608,40029.2631778021,1.0000000000
1,290.0000000000,0,6958020.9650665047,40024.0181142228,1.0000000000
1,290.0000000000,0,6958016.1153907366,40018.7976197484,1.0000000000
1,290.0000000000,0,6958011.2424473809,40013.5988371342,1.0000000000
1,290.0000000000,0,6958006.3491318692,40008.4192250908,1.0000000000
1,290.0000000000,0,6958001.4379739333,40003.2565276035,1.0000000000
1,290.0000000000,0,6957996.5111846784,39998.1087450465,1.0000000000
1,290.0000000000,0,6957991.5706975050,39992.9741073665,1.0000000000
1,290.0000000000,0,6957986.6182036707,39987.8510494476,1.0000000000
1,290.0000000000,0,6957981.6551831951,39982.7381886653,1.0000000000
1,290.0000000000,0,6957976.6829317221,39977.6343045652,1.0000000000
1,290.0000000000,0,6957971.7025838802,39972.5383205588,1.0000000000
1,290.0000000000,0,6957966.7151336130,39967.4492875024,1.0000000000
1,290.0000000000,0,6957961.7214518776,39962.3663690159,1.0000000000
1,290.0000000000,0,6957956.7223020671,39957.2888283916,1.0000000000
1,290.0000000000,0,6957951.7183534596,39952.2160169472,1.0000000000
1,290.0000000000,0,6957946.7101929476,39947.1473636836,1.0000000000
1,290.0000000000,0,6957941.6983352834,39942.0823661150,1.0000000000
1,290.0000000000,0,6957936.6832320243,39937.0205821496,1.0000000000
1,290.0000000000,0,6957931.6652793540,39931.9616229073,1.0000000000
1,290.0000000000,0,6957926.6448249230,39926.9051463747,1.0000000000
1,290.0000000000,0,6957921.6221738318,39921.8508518011,1.0000000000
1,290.0000000000,0,6957916.5975938691,39916.7984747550,1.0000000000
1,290.0000000000,0,6957911.5713200970,39911.7477827644,1.0000000000
1,290.0000000000,0,6957906.5435588686,39906.6985714744,1.0000000000
1,290.0000000000,0,6957901.5144913504,39901.6506612619,1.0000000000
1,290.0000000000,0,6957896.4842766048,39896.6038942542,1.0000000000
1,290.0000000000,0,6957891.4530542968,39891.5581317046,1.0000000000
1,290.0000000000,0,6957886.4209470665,39886.5132516821,1.0000000000
1,290.0000000000,0,6957881.3880626084,39881.4691470390,1.0000000000
1,290.0000000000,0,6957876.3544954974,39876.4257236225,1.0000000000
1,290.0000000000,0,6957871.3203287898,39871.3828987019,1.0000000000
1,290.0000000000,0,6957866.2856354294,39866.3405995854,1.0000000000
1,290.0000000000,0,6957861.2504794784,39861.2987624038,1.0000000000
1,290.0000000000,0,6957856.2149172025,39856.2573310414,1.0000000000
1,290.0000000000,0,6957851.1789980195,39851.2162561953,1.0000000000
1,290.0000000000,0,6957846.1427653357,39846.1754945497,1.0000000000
1,290.0000000000,0,6957841.1062572738,39841.1350080493,1.0000000000
1,290.0000000000,0,6957836.0695073204,39836.0947632610,1.0000000000
1,290.0000000000,0,6957831.0325448886,39831.0547308127,1.0000000000
1,290.0000000000,0,6957825.9953958141,39826.0148849007,1.0000000000
1,290.0000000000,0,6957820.9580827896,39820.9752028560,1.0000000000
1,290.0000000000,0,6957815.9206257490,39815.9356647639,1.0000000000
1,290.0000000000,0,6957810.8830422014,39810.8962531295,1.0000000000
1,290.0000000000,0,6957805.8453475274,39805.8569525838,1.0000000000
1,290.0000000000,0,6957800.8075552369,39800.8177496253,1.0000000000
1,290.0000000000,0,6957795.7696771976,39795.7786323931,1.0000000000
1,290.0000000000,0,6957790.7317238338,39790.7395904680,1.0000000000
1,290.0000000000,0,6957785.6937043034,39785.7006146968,1.0000000000
1,290.0000000000,0,6957780.6556266490,39780.6616970388,1.0000000000
1,290.0000000000,0,6957775.6174979368,39775.6228304307,1.0000000000
1,290.0000000000,0,6957770.5793243740,39770.5840086673,1.0000000000
1,290.0000000000,0,6957765.5411114115,39765.5452262979,1.0000000000
1,290.0000000000,0,6957760.5028638402,39760.5064785342,1.0000000000
1,290.0000000000,0,6957755.4645858668,39755.4677611698,1.0000000000
1,290.0000000000,0,6957750.4262811868,39750.4290705096,1.0000000000
1,290.0000000000,0,6957745.3879530467,39745.3904033077,1.0000000000
1,290.0000000000,0,6957740.3496042984,39740.3517567126,1.0000000000
1,290.0000000000,0,6957735.3112374470,39735.3131282197,1.0000000000
1,290.0000000000,0,6957730.2728546932,39730.2745156283,1.0000000000
1,290.0000000000,0,6957725.2344579706,39725.2359170058,1.0000000000
1,290.0000000000,0,6957720.1960489759,39720.1973306541,1.0000000000
1,290.0000000000,0,6957715.1576292021,39715.1587550817,1.0000000000
1,290.0000000000,0,6957710.1191999586,39710.1201889782,1.0000000000
1,290.0000000000,0,6957705.0807623975,39705.0816311928,1.0000000000
1,290.0000000000,0,6957700.0423175292,39700.0430807142,1.0000000000
1,290.0000000000,0,6957695.0038662422,39695.0045366544,1.0000000000
1,290.0000000000,0,6957689.9654093161,39689.9659982330,1.0000000000
1,290.0000000000,0,6957684.9269474372,39684.9274647648,1.0000000000
1,290.0000000000,0,6957679.8884812072,39679.8889356476,1.0000000000
1,290.0000000000,0,6957674.8500111550,39674.8504103525,1.0000000000
1,290.0000000000,0,6957669.8115377454,39669.8118884150,1.0000000000
1,290.0000000000,0,6957664.7730613863,39664.7733694269,1.0000000000
1,290.0000000000,0,6957659.7345824363,39659.7348530296,1.0000000000
1,290.0000000000,0,6957654.6961012101,39654.6963389084,1.0000000000
1,290.0000000000,0,6957649.6576179843,39649.6578267864,1.0000000000
1,290.0000000000,0,6957644.6191330021,39644.6193164207,1.0000000000
1,290.0000000000,0,6957639.5806464776,39639.5808075978,1.0000000000
1,290.0000000000,0,6957634.5421585981,39634.5423001301,1.0000000000
1,290.0000000000,0,6957629.5036695274,39629.5037938529,1.0000000000
1,290.0000000000,0,6957624.4651794117,39624.4652886215,1.0000000000
1,290.0000000000,0,6957619.4266883768,39619.4267843088,1.0000000000
1,290.0000000000,0,6957614.3881965354,39614.3882808031,1.0000000000
1,290.0000000000,0,6957609.3497039843,39609.3497780063,1.0000000000
1,290.0000000000,0,6957604.3112108111,39604.3112758323,1.0000000000
1,290.0000000000,0,6957599.2727170903,39599.2727742053,1.0000000000
1,290.0000000000,0,6957594.2342228889,39594.2342730588,1.0000000000
1,290.0000000000,0,6957589.1957282657,39589.1957723345,1.0000000000
1,290.0000000000,0,6957584.1572332717,39584.1572719809,1.0000000000
1,290.0000000000,0,6957579.1187379519,39579.1187719531,1.0000000000
1,290.0000000000,0,6957574.0802423460,39574.0802722114,1.0000000000
1,290.0000000000,0,6957569.0417464888,39569.0417727211,1.0000000000
1,290.0000000000,0,6957564.0032504108,39564.0032734516,1.0000000000
1,290.0000000000,0,6957558.9647541391,39558.9647743761,1.0000000000
1,290.0000000000,0,6957553.9262576969,39553.9262754710,1.0000000000
1,290.0000000000,0,6957548.8877611049,39548.8877767156,1.0000000000
1,290.0000000000,0,6957543.8492643815,39543.8492780916,1.0000000000
1,290.0000000000,0,6957538.8107675426,39538.8107795832,1.0000000000
1,290.0000000000,0,6957533.7722706022,39533.7722811763,1.0000000000
1,290.0000000000,0,6957528.7337735724,39528.7337828584,1.0000000000
1,290.0000000000,0,6957523.6952764643,39523.6952846189,1.0000000000
1,290.0000000000,0,6957518.6567792874,39518.6567864482,1.0000000000
1,290.0000000000,0,6957513.6182820499,39513.6182883378,1.0000000000
1,290.0000000000,0,6957508.5797847593,39508.5797902805,1.0000000000
1,290.0000000000,0,6957503.5412874222,39503.5412922698,1.0000000000
1,290.0000000000,0,6957498.5027900441,39498.5027943001,1.0000000000
1,290.0000000000,0,6957493.4642926306,39493.4642963663,1.0000000000
1,290.0000000000,0,6957488.4257951854,39488.4257984641,1.0000000000
1,290.0000000000,0,6957483.3872977123,39483.3873005897,1.0000000000
1,290.0000000000,0,6957478.3488002149,39478.3488027396,1.0000000000
1,290.0000000000,0,6957473.3103026962,39473.3103049111,1.0000000000
1,290.0000000000,0,6957468.2718051588,39468.2718071013,1.0000000000
1,290.0000000000,0,6957463.2333076047,39463.2333093081,1.0000000000
1,295.0000000000,0,6958035.6310578361,40046.6429127714,1.0000000000
1,295.0000000000,0,6958030.5101058669,40042.3087697469,1.0000000000
1,295.0000000000,0,6958026.4471498551,40036.9701057504,1.0000000000
1,295.0000000000,0,6958022.3314394504,40031.6720048938,1.0000000000
1,295.0000000000,0,6958018.1430937210,40026.4311361804,1.0000000000
1,295.0000000000,0,6958013.8899995657,40021.2426744692,1.0000000000
1,295.0000000000,0,6958009.5797367431,40016.1016065618,1.0000000000
1,295.0000000000,0,6958005.2190230591,40011.0032616349,1.0000000000
1,295.0000000000,0,6958000.8137907973,40005.9433334201,1.0000000000
1,295.0000000000,0,6957996.3692727014,40000.9178778463,1.0000000000
1,295.0000000000,0,6957991.8900814997,39995.9233016882,1.0000000000
1,295.0000000000,0,6957987.3802820398,39990.9563455118,1.0000000000
1,295.0000000000,0,6957982.8434560373,39986.0140631798,1.0000000000
1,295.0000000000,0,6957978.2827597363,39981.0937995615,1.0000000000
1,295.0000000000,0,6957973.7009749878,39976.1931676283,1.0000000000
1,295.0000000000,0,6957969.1005543275,39971.3100257531,1.0000000000
1,295.0000000000,0,6957964.4836606532,39966.4424557613,1.0000000000
1,295.0000000000,0,6957959.8522020951,39961.5887420855,1.0000000000
1,295.0000000000,0,6957955.2078626286,39956.7473522290,1.0000000000
1,295.0000000000,0,6957950.5521289408,39951.9169186407,1.0000000000
1,295.0000000000,0,6957945.8863140019,39947.0962220333,1.0000000000
1,295.0000000000,0,6957941.2115777535,39942.2841761242,1.0000000000
1,295.0000000000,0,6957936.5289452681,39937.4798137494,1.0000000000
1,295.0000000000,0,6957931.8393226992,39932.6822742774,1.0000000000
1,295.0000000000,0,6957927.1435112990,39927.8907922397,1.0000000000
1,295.0000000000,0,6957922.4422197416,39923.1046870891,1.0000000000
1,295.0000000000,0,6957917.7360749645,39918.3233539944,1.0000000000
1,295.0000000000,0,6957913.0256317165,39913.5462555835,1.0000000000
1,295.0000000000,0,6957908.3113809610,39908.7729145479,1.0000000000
1,295.0000000000,0,6957903.5937572904,39904.0029070295,1.0000000000
1,295.0000000000,0,6957898.8731454555,39899.2358567121,1.0000000000
1,295.0000000000,0,6957894.1498861322,39894.4714295494,1.0000000000
1,295.0000000000,0,6957889.4242810085,39889.7093290629,1.0000000000
1,295.0000000000,0,6957884.6965972781,39884.9492921543,1.0000000000
1,295.0000000000,0,6957879.9670716077,39880.1910853747,1.0000000000
1,295.0000000000,0,6957875.2359136445,39875.4345016059,1.0000000000
1,295.0000000000,0,6957870.5033091158,39870.6793571077,1.0000000000
1,295.0000000000,0,6957865.7694225712,39865.9254888926,1.0000000000
1,295.0000000000,0,6957861.0343998065,39861.1727523923,1.0000000000
1,295.0000000000,0,6957856.2983700084,39856.4210193844,1.0000000000
1,295.0000000000,0,6957851.5614476539,39851.6701761507,1.0000000000
1,295.0000000000,0,6957846.8237341885,39846.9201218417,1.0000000000
1,295.0000000000,0,6957842.0853195125,39842.1707670240,1.0000000000
1,295.0000000000,0,6957837.3462833017,39837.4220323912,1.0000000000
1,295.0000000000,0,6957832.6066961680,39832.6738476198,1.0000000000
1,295.0000000000,0,6957827.8666206952,39827.9261503534,1.0000000000
1,295.0000000000,0,6957823.1261123521,39823.1788853014,1.0000000000
1,295.0000000000,0,6957818.3852203032,39818.4320034400,1.0000000000
1,295.0000000000,0,6957813.6439881260,39813.6854613025,1.0000000000
1,295.0000000000,0,6957808.9024544451,39808.9392203501,1.0000000000
1,295.0000000000,0,6957804.1606534980,39804.1932464139,1.0000000000
1,295.0000000000,0,6957799.4186156327,39799.4475091997,1.0000000000
1,295.0000000000,0,6957794.6763677495,39794.7019818492,1.0000000000
1,295.0000000000,0,6957789.9339336930,39789.9566405502,1.0000000000
1,295.0000000000,0,6957785.1913346006,39785.2114641919,1.0000000000
1,295.0000000000,0,6957780.4485892085,39780.4664340578,1.0000000000
1,295.0000000000,0,6957775.7057141261,39775.7215335552,1.0000000000
1,295.0000000000,0,6957770.9627240766,39770.9767479736,1.0000000000
1,295.0000000000,0,6957766.2196321115,39766.2320642717,1.0000000000
1,295.0000000000,0,6957761.4764497997,39761.4874708877,1.0000000000
1,295.0000000000,0,6957756.7331873970,39756.7429575719,1.0000000000
1,295.0000000000,0,6957751.9898539949,39751.9985152376,1.0000000000
1,295.0000000000,0,6957747.2464576531,39747.2541358291,1.0000000000
1,295.0000000000,0,6957742.5030055167,39742.5098122050,1.0000000000
1,295.0000000000,0,6957737.7595039178,39737.7655380342,1.0000000000
1,295.0000000000,0,6957733.0159584722,39733.0213077040,1.0000000000
1,295.0000000000,0,6957728.2723741559,39728.2771162389,1.0000000000
1,295.0000000000,0,6957723.5287553817,39723.5329592280,1.0000000000
1,295.0000000000,0,6957718.7851060601,39718.7888327607,1.0000000000
1,295.0000000000,0,6957714.0414296584,39714.0447333705,1.0000000000
1,295.0000000000,0,6957709.2977292510,39709.3006579843,1.0000000000
1,295.0000000000,0,6957704.5540075628,39704.5566038776,1.0000000000
1,295.0000000000,0,6957699.8102670088,39699.8125686353,1.0000000000
1,295.0000000000,0,6957695.0665097302,39695.0685501163,1.0000000000
1,295.0000000000,0,6957690.3227376258,39690.3245464225,1.0000000000
1,295.0000000000,0,6957685.5789523786,39685.5805558713,1.0000000000
1,295.0000000000,0,6957680.8351554796,39680.8365769709,1.0000000000
1,295.0000000000,0,6957676.0913482523,39676.0926083992,1.0000000000
1,295.0000000000,0,6957671.3475318681,39671.3486489836,1.0000000000
1,295.0000000000,0,6957666.6037073666,39666.6046976852,1.0000000000
1,295.0000000000,0,6957661.8598756688,39661.8607535824,1.0000000000
1,295.0000000000,0,6957657.1160375923,39657.1168158587,1.0000000000
1,295.0000000000,0,6957652.3721938608,39652.3728837899,1.0000000000
1,295.0000000000,0,6957647.6283451160,39647.6289567343,1.0000000000
1,295.0000000000,0,6957642.8844919270,39642.8850341229,1.0000000000
1,295.0000000000,0,6957638.1406347984,39638.1411154512,1.0000000000
1,295.0000000000,0,6957633.3967741765,39633.3972002721,1.0000000000
1,295.0000000000,0,6957628.6529104589,39628.6532881892,1.0000000000
1,295.0000000000,0,6957623.9090439966,39623.9093788510,1.0000000000
1,295.0000000000,0,6957619.1651751008,39619.1654719461,1.0000000000
1,295.0000000000,0,6957614.4213040480,39614.4215671982,1.0000000000
1,295.0000000000,0,6957609.6774310833,39609.6776643625,1.0000000000
1,295.0000000000,0,6957604.9335564226,39604.9337632220,1.0000000000
1,295.0000000000,0,6957600.1896802597,39600.1898635843,1.0000000000
1,295.0000000000,0,6957595.4458027640,39595.4459652787,1.0000000000
1,295.0000000000,0,6957590.7019240875,39590.7020681542,1.0000000000
1,295.0000000000,0,6957585.9580443641,39585.9581720766,1.0000000000
1,295.0000000000,0,6957581.2141637132,39581.2142769271,1.0000000000
1,295.0000000000,0,6957576.4702822389,39576.4703826004,1.0000000000
1,295.0000000000,0,6957571.7264000354,39571.7264890030,1.0000000000
1,295.0000000000,0,6957566.9825171856,39566.9825960523,1.0000000000
1,295.0000000000,0,6957562.2386337621,39562.2387036748,1.0000000000
1,295.0000000000,0,6957557.4947498301,39557.4948118055,1.0000000000
1,295.0000000000,0,6957552.7508654483,39552.7509203867,1.0000000000
1,295.0000000000,0,6957548.0069806669,39548.0070293671,1.0000000000
1,295.0000000000,0,6957543.2630955316,39543.2631387016,1.0000000000
1,295.0000000000,0,6957538.5192100825,39538.5192483500,1.0000000000
1,295.0000000000,0,6957533.7753243549,39533.7753582765,1.0000000000
1,295.0000000000,0,6957529.0314383805,39529.0314684497,1.0000000000
1,295.0000000000,0,6957524.2875521882,39524.2875788415,1.0000000000
1,295.0000000000,0,6957519.5436658012,39519.5436894272,1.0000000000
1,295.0000000000,0,6957514.7997792428,39514.7998001847,1.0000000000
1,295.0000000000,0,6957510.0558925318,39510.0559110945,1.0000000000
1,295.0000000000,0,6957505.3120056856,39505.3120221393,1.0000000000
1,295.0000000000,0,6957500.5681187203,39500.5681333039,1.0000000000
1,295.0000000000,0,6957495.8242316488,39495.8242445745,1.0000000000
1,295.0000000000,0,6957491.0803444833,39491.0803559392,1.0000000000
1,295.0000000000,0,6957486.3364572339,39486.3364673874,1.0000000000
1,295.0000000000,0,6957481.5925699109,39481.5925789094,1.0000000000
1,295.0000000000,0,6957476.8486825228,39476.8486904970,1.0000000000
